VBCSCompilerPreWarmer: pre-warm launched (dotnet PID 17632)
VBCSCompiler prewarm took 9.01 ms
[Licensing::Module] Trying to connect to existing licensing client channel...
Built from '6000.6/respin/6000.6.0f1-fa21a270ab12' branch; Version is '6000.6.0f1 (f7f8ed4d1e24) revision 16251117'; Using compiler version '194234433'; Build Type 'Release'
[Licensing::IpcConnector] Channel LicenseClient-Azrin Azrael doesn't exist
OS: 'Windows 10  (10.0.19045) 64bit Professional' Language: 'en' Physical Memory: 32690 MB
BatchMode: 1, IsHumanControllingUs: 0, StartBugReporterOnCrash: 0, Is64bit: 1
System  architecture: x64
Process architecture: x64
Date: 2026-09-19T14:38:52Z
[Licensing::Module] Successfully launched the LicensingClient (PId: 16380)

COMMAND LINE ARGUMENTS:
C:\Program Files\Unity\Hub\Editor\6000.6.0f1\Editor\Unity.exe
-projectPath
A:/Python/aether-grounds
-buildTarget
Android
-batchmode
-quit
-executeMethod
BuildGame.BuildAndroid
-logFile
A:/Python/aether-grounds/Evidence/Airah/android-build.log
Successfully changed project path to: A:/Python/aether-grounds
A:/Python/aether-grounds
[UnityMemory] Configuration Parameters - Can be set up in boot.config
    "memorysetup-temp-allocator-size-gi-baking-worker=262144"
    "memorysetup-temp-allocator-size-gi-baking-worker=262144"
    "memorysetup-temp-allocator-size-gi-baking-worker=262144"
    "memorysetup-temp-allocator-size-gi-baking-worker=262144"
    "memorysetup-temp-allocator-size-gi-baking-worker=262144"
    "memorysetup-temp-allocator-size-nav-mesh-worker=65536"
    "memorysetup-temp-allocator-size-audio-worker=65536"
    "memorysetup-temp-allocator-size-cloud-worker=32768"
    "memorysetup-temp-allocator-size-gfx=262144"
    "memorysetup-remapper-allocator-initial-capacity=32768"
    "memorysetup-temp-allocator-size-preload-manager=33554432"
    "memorysetup-allocator-temp-initial-block-size-main=262144"
    "memorysetup-allocator-temp-initial-block-size-worker=262144"
    "memorysetup-temp-allocator-size-job-worker=262144"
    "memorysetup-temp-allocator-size-background-worker=32768"
    "memorysetup-bucket-allocator-granularity=16"
    "memorysetup-bucket-allocator-bucket-count=8"
    "memorysetup-bucket-allocator-block-size=33554432"
    "memorysetup-bucket-allocator-block-count=8"
    "memorysetup-main-allocator-block-size=16777216"
    "memorysetup-thread-allocator-block-size=16777216"
    "memorysetup-main-allocator-mimalloc-enabled=1"
    "memorysetup-gfx-main-allocator-block-size=16777216"
    "memorysetup-gfx-thread-allocator-block-size=16777216"
    "memorysetup-cache-allocator-block-size=4194304"
    "memorysetup-typetree-allocator-block-size=2097152"
    "memorysetup-profiler-bucket-allocator-granularity=16"
    "memorysetup-profiler-bucket-allocator-bucket-count=8"
    "memorysetup-profiler-bucket-allocator-block-size=33554432"
    "memorysetup-profiler-bucket-allocator-block-count=8"
    "memorysetup-profiler-allocator-block-size=16777216"
    "memorysetup-profiler-editor-allocator-block-size=1048576"
    "memorysetup-temp-allocator-size-main=16777216"
    "memorysetup-job-temp-allocator-block-size=2097152"
    "memorysetup-job-temp-allocator-block-size-background=1048576"
    "memorysetup-job-temp-allocator-reduction-small-platforms=262144"
Logging is directed to a specific file, skipping project log.
Player connection [10496]  Target information:

Player connection [10496]  * "[IP] 192.168.254.100 [Port] 55504 [Flags] 2 [Guid] 973584046 [EditorId] 973584046 [Version] 1048832 [Id] WindowsEditor(7,DESKTOP-9MS8H02) [Debug] 1 [PackageName] WindowsEditor [ProjectName] Editor" 

Player connection [10496] Host joined multi-casting on [225.0.0.222:54997]...
Player connection [10496] Host joined alternative multi-casting on [225.0.0.222:34997]...
Input System module state changed to: Initialized.
[Physics::Module] Initialized fallback backend.
[Physics::Module] Id: 0xdecafbad
[Licensing::IpcConnector] Successfully connected to: "LicenseClient-Azrin Azrael" at "2026-09-19T14:38:52.7387255Z"
[Licensing::Client] Code 10 while verifying Licensing Client signature (process Id: 16380, path: "C:/Program Files/Unity/Hub/Editor/6000.6.0f1/Editor/Data/Resources/Licensing/Client/Unity.Licensing.Client.exe")
[Licensing::Module] LicensingClient has failed validation; ignoring
[Package Manager] Connected to IPC stream "Upm-10840" after 0.5 seconds.
[Licensing::Module] Licensing is not yet initialized.
[Licensing::Client] Handshaking with LicensingClient:
  Version:                 1.18.3+d7ffd15
  Session Id:              536e2f11421047b4babbf540838a2554
  Correlation Id:          f0578ead40dbb1ca70fb73ec18477d5d
  External correlation Id: 3251410781160832680
  Machine Id:              WwTD/V+HEZEkZZHKBHxVx+mMSis=
[Licensing::Module] Successfully connected to LicensingClient on channel: "LicenseClient-Azrin Azrael" (connect: 0.57s, validation: 0.08s, handshake: 0.05s)
[Licensing::IpcConnector] Successfully connected to: "LicenseClient-Azrin Azrael-notifications" at "2026-09-19T14:38:52.876404Z"
[Licensing::Module] Connected to LicensingClient (PId: 16380, launch time: 0.01, total connection time: 0.71s)
[Licensing::Module] Error: Access token is unavailable; failed to update
[Licensing::Client] Successfully resolved entitlement details
[Licensing::Module] License group:
  Id: 18968495829972-UnityPersXXXX
  Product: Unity Personal
  Type: Assigned
  Expiration: Unlimited
[Licensing::Client] Successfully updated license, isAsync: True, time: 0.01
[Licensing::Client] Successfully resolved entitlement details
[Licensing::Module] Licensing Background thread has ended after 0.78s
[Licensing::Module] Licensing is initialized (took 0.09s).
[Licensing::Client] Successfully resolved entitlement details
Library Redirect Path: Library/
Initialising UDS system complete:
  - System type: Client
  - Resource namespace: a40456854d759f5cd4ec71932f35fe5c
  - Shared memory size: 1073741824
  - Command buffer id: 1052576
  - Command buffer size: 8192
  - Hashmap size: 4194304
  - Service connected: false
Launching Unity Data Store - C:/Program Files/Unity/Hub/Editor/6000.6.0f1/Editor/Data/Tools/Unity.DataStore.exe 
Unity Data Store artifact dir = Library/DataStore, working dir = A:/Python/aether-grounds[Physics::Module] Selected backend.
[Physics::Module] Name: PhysX
[Physics::Module] Id: 0xf2b8ea05
[Physics::Module] SDK Version: 4.1.2
[Physics::Module] Integration Version: 1.0.0
[Physics::Module] Threading Mode: Multi-Threaded
Unity Data Store running and initialised
[Licensing::Client] Successfully resolved entitlement details
Targeting platform: Android
Initialize engine version: 6000.6.0f1 (f7f8ed4d1e24)
[EntityIdStore] init: VM path (explicit commit), pageSize=4096, blockCount=1048576, entitiesPerBlock=256, slots reserved=4294967296 bytes
[Subsystems] Discovering subsystems at path C:/Program Files/Unity/Hub/Editor/6000.6.0f1/Editor/Data/Resources/UnitySubsystems
[Subsystems] Discovering subsystems at path A:/Python/aether-grounds/Assets
GfxDevice: creating device client; kGfxThreadingModeNonThreaded
d3d12: failed to query info queue interface (0x80004002).
Direct3D:
    Version:         Direct3D 12 [level 12.2]
    Renderer:        NVIDIA GeForce RTX 4060 (ID=0x2882)
    Vendor:          NVIDIA
    VRAM:            7957 MB
    App VRAM Budget: 7189 MB
    Driver:          32.0.15.9636
Initialize mono
Mono path[0] = 'C:/Program Files/Unity/Hub/Editor/6000.6.0f1/Editor/Data/Managed'
Mono path[1] = 'C:/Program Files/Unity/Hub/Editor/6000.6.0f1/Editor/Data/BCLExtensions/runtime/netstandard2.1'
Mono path[2] = 'C:/Program Files/Unity/Hub/Editor/6000.6.0f1/Editor/Data/MonoBleedingEdge/lib/mono/unityjit-win32'
Mono config path = 'C:/Program Files/Unity/Hub/Editor/6000.6.0f1/Editor/Data/MonoBleedingEdge/etc'
Using monoOptions --debugger-agent=transport=dt_socket,embedding=1,server=y,suspend=n,address=127.0.0.1:56840
CodeReloadManager initialized
ImportWorker Server TCP listen port: 0
AcceleratorClientConnectionCallback - disconnected - :0
Begin MonoManager ReloadAssembly
Registering precompiled unity dll's ...
Register platform support module: C:/Program Files/Unity/Hub/Editor/6000.6.0f1/Editor/Data/PlaybackEngines/WebGLSupport/UnityEditor.WebGL.Extensions.dll
Register platform support module: C:/Program Files/Unity/Hub/Editor/6000.6.0f1/Editor/Data/PlaybackEngines/WindowsStandaloneSupport/UnityEditor.WindowsStandalone.Extensions.dll
Register platform support module: C:/Program Files/Unity/Hub/Editor/6000.6.0f1/Editor/Data/PlaybackEngines/AndroidPlayer/UnityEditor.Android.Extensions.dll
Registered in 0.003416 seconds.
Native extension for Android target not found
Native extension for WindowsStandalone target not found
Native extension for WebGL target not found
Package Manager log level set to [2]
ScheduleIndexationOnStartup MainProcess:False IndexOnStartup:True
Scripting: successfully reloaded assembly
- Finished resetting the current domain, in  0.936 seconds
Domain Reload Profiling: 1730ms
	BeginReloadAssembly (192ms)
		CreateAndSetChildDomain (17ms)
	RebuildCommonClasses (6ms)
	RebuildNativeTypeToScriptingClass (22ms)
	initialDomainReloadingComplete (92ms)
	LoadAllAssembliesAndSetupDomain (480ms)
		LoadAssemblies (173ms)
		TypeCache.Refresh (324ms)
			TypeCache.ScanAssembly (300ms)
		AnalyzeDomain (1ms)
	FinalizeReload (937ms)
		SetupLoadedEditorAssemblies (0ms)
			InitializePlatformSupportModulesInManaged (12ms)
			BeforeProcessingInitializeOnLoad (146ms)
			ProcessInitializeOnLoadAttributes (173ms)
			ProcessInitializeOnLoadMethodAttributes (317ms)
[Licensing::Client] Successfully resolved entitlement details
[Licensing::Client] Successfully resolved entitlement details
Application.AssetDatabase Initial Refresh Start
[Package Manager] Restoring resolved packages state from cache
[Licensing::Client] Successfully resolved entitlement details
[Package Manager] Registered 42 packages:
  Packages from [https://packages.unity.com]:
    com.unity.ide.rider@3.0.38 (location: A:\Python\aether-grounds\Library\PackageCache\com.unity.ide.rider@1f60b3138684)
    com.unity.ide.visualstudio@2.0.26 (location: A:\Python\aether-grounds\Library\PackageCache\com.unity.ide.visualstudio@a99d56dec63f)
  Built-in packages:
    com.unity.modules.accessibility@1.0.0 (location: A:\Python\aether-grounds\Library\PackageCache\com.unity.modules.accessibility)
    com.unity.modules.adaptiveperformance@1.0.0 (location: A:\Python\aether-grounds\Library\PackageCache\com.unity.modules.adaptiveperformance)
    com.unity.modules.ai@1.0.0 (location: A:\Python\aether-grounds\Library\PackageCache\com.unity.modules.ai)
    com.unity.modules.androidjni@1.0.0 (location: A:\Python\aether-grounds\Library\PackageCache\com.unity.modules.androidjni)
    com.unity.modules.animation@1.0.0 (location: A:\Python\aether-grounds\Library\PackageCache\com.unity.modules.animation)
    com.unity.modules.assetbundle@1.0.0 (location: A:\Python\aether-grounds\Library\PackageCache\com.unity.modules.assetbundle)
    com.unity.modules.audio@1.0.0 (location: A:\Python\aether-grounds\Library\PackageCache\com.unity.modules.audio)
    com.unity.modules.cloth@1.0.0 (location: A:\Python\aether-grounds\Library\PackageCache\com.unity.modules.cloth)
    com.unity.modules.director@1.0.0 (location: A:\Python\aether-grounds\Library\PackageCache\com.unity.modules.director)
    com.unity.modules.imageconversion@1.0.0 (location: A:\Python\aether-grounds\Library\PackageCache\com.unity.modules.imageconversion)
    com.unity.modules.imgui@1.0.0 (location: A:\Python\aether-grounds\Library\PackageCache\com.unity.modules.imgui)
    com.unity.modules.jsonserialize@1.0.0 (location: A:\Python\aether-grounds\Library\PackageCache\com.unity.modules.jsonserialize)
    com.unity.modules.particlesystem@1.0.0 (location: A:\Python\aether-grounds\Library\PackageCache\com.unity.modules.particlesystem)
    com.unity.modules.physics@1.0.0 (location: A:\Python\aether-grounds\Library\PackageCache\com.unity.modules.physics)
    com.unity.modules.physics2d@1.0.0 (location: A:\Python\aether-grounds\Library\PackageCache\com.unity.modules.physics2d)
    com.unity.modules.physicscore2d@1.0.0 (location: A:\Python\aether-grounds\Library\PackageCache\com.unity.modules.physicscore2d)
    com.unity.modules.screencapture@1.0.0 (location: A:\Python\aether-grounds\Library\PackageCache\com.unity.modules.screencapture)
    com.unity.modules.terrain@1.0.0 (location: A:\Python\aether-grounds\Library\PackageCache\com.unity.modules.terrain)
    com.unity.modules.terrainphysics@1.0.0 (location: A:\Python\aether-grounds\Library\PackageCache\com.unity.modules.terrainphysics)
    com.unity.modules.tetgen@1.0.0 (location: A:\Python\aether-grounds\Library\PackageCache\com.unity.modules.tetgen)
    com.unity.modules.tilemap@1.0.0 (location: A:\Python\aether-grounds\Library\PackageCache\com.unity.modules.tilemap)
    com.unity.modules.timelinefoundation@1.0.0 (location: A:\Python\aether-grounds\Library\PackageCache\com.unity.modules.timelinefoundation)
    com.unity.modules.ui@1.0.0 (location: A:\Python\aether-grounds\Library\PackageCache\com.unity.modules.ui)
    com.unity.modules.uielements@1.0.0 (location: A:\Python\aether-grounds\Library\PackageCache\com.unity.modules.uielements)
    com.unity.modules.umbra@1.0.0 (location: A:\Python\aether-grounds\Library\PackageCache\com.unity.modules.umbra)
    com.unity.modules.unityanalytics@1.0.0 (location: A:\Python\aether-grounds\Library\PackageCache\com.unity.modules.unityanalytics)
    com.unity.modules.unitywebrequest@1.0.0 (location: A:\Python\aether-grounds\Library\PackageCache\com.unity.modules.unitywebrequest)
    com.unity.modules.unitywebrequestassetbundle@1.0.0 (location: A:\Python\aether-grounds\Library\PackageCache\com.unity.modules.unitywebrequestassetbundle)
    com.unity.modules.unitywebrequestaudio@1.0.0 (location: A:\Python\aether-grounds\Library\PackageCache\com.unity.modules.unitywebrequestaudio)
    com.unity.modules.unitywebrequesttexture@1.0.0 (location: A:\Python\aether-grounds\Library\PackageCache\com.unity.modules.unitywebrequesttexture)
    com.unity.modules.unitywebrequestwww@1.0.0 (location: A:\Python\aether-grounds\Library\PackageCache\com.unity.modules.unitywebrequestwww)
    com.unity.modules.vectorgraphics@1.0.0 (location: A:\Python\aether-grounds\Library\PackageCache\com.unity.modules.vectorgraphics)
    com.unity.modules.vehicles@1.0.0 (location: A:\Python\aether-grounds\Library\PackageCache\com.unity.modules.vehicles)
    com.unity.modules.video@1.0.0 (location: A:\Python\aether-grounds\Library\PackageCache\com.unity.modules.video)
    com.unity.modules.wind@1.0.0 (location: A:\Python\aether-grounds\Library\PackageCache\com.unity.modules.wind)
    com.unity.modules.xr@1.0.0 (location: A:\Python\aether-grounds\Library\PackageCache\com.unity.modules.xr)
    com.unity.modules.subsystems@1.0.0 (location: A:\Python\aether-grounds\Library\PackageCache\com.unity.modules.subsystems)
    com.unity.modules.hierarchycore@1.0.0 (location: A:\Python\aether-grounds\Library\PackageCache\com.unity.modules.hierarchycore)
    com.unity.test-framework@1.8.0 (location: A:\Python\aether-grounds\Library\PackageCache\com.unity.test-framework@7a3849e09bd0)
    com.unity.ext.nunit@2.1.0 (location: A:\Python\aether-grounds\Library\PackageCache\com.unity.ext.nunit@0198eae3b53e)
[Subsystems] No new subsystems found in resolved package list.
[Package Manager] Done registering packages in 0.02 seconds
[ScriptCompilation] Requested script compilation because: InitialRefresh: Force Refresh Recompile flag enabled
Starting: C:\Program Files\Unity\Hub\Editor\6000.6.0f1\Editor\Data\Tools\BuildPipeline\bee_backend.exe --ipc --defer-dag-verification --dagfile="Library/Bee/1300b0aE.dag" --continue-on-failure --profile="Library/Bee/backend1.traceevents" ScriptAssemblies
WorkingDir: A:/Python/aether-grounds
DisplayProgressbar: Compiling Scripts
ExitCode: 4 Duration: 1s577ms
[206/225    0s] CopyFiles Library/ScriptAssemblies/Unity.Rider.Editor.pdb
[207/225    0s] CopyFiles Library/ScriptAssemblies/Unity.VisualStudio.Editor.pdb
[208/225    0s] CopyFiles Library/ScriptAssemblies/Unity.VisualStudio.Editor.dll
[209/225    0s] CopyFiles Library/ScriptAssemblies/Unity.Rider.Editor.dll
Rebuilding DAG because FileSignature timestamp changed: Library/Bee/1300b0aE-inputdata.json
[210/225    0s] ILPP-Configuration Library/ilpp-configuration.nevergeneratedoutput
*** Tundra requires additional run (1.53 seconds), 6 items updated, 209 evaluated
Starting: C:\Program Files\Unity\Hub\Editor\6000.6.0f1\Editor\Data\DotNetSdk\dotnet.exe "C:\Program Files\Unity\Hub\Editor\6000.6.0f1\Editor\Data\Tools\BuildPipeline\ScriptCompilationBuildProgram.exe" "Library/Bee/1300b0aE.dag.json" "Library/Bee/1300b0aE-inputdata.json" "Library\Bee\buildprogram0.traceevents"
WorkingDir: A:/Python/aether-grounds
ExitCode: 0 Duration: 0s501ms
Starting: C:\Program Files\Unity\Hub\Editor\6000.6.0f1\Editor\Data\Tools\BuildPipeline\bee_backend.exe --ipc --defer-dag-verification --dagfile="Library/Bee/1300b0aE.dag" --continue-on-failure --dagfilejson="Library\Bee\1300b0aE.dag.json" --profile="Library/Bee/backend2.traceevents" ScriptAssemblies
WorkingDir: A:/Python/aether-grounds
ExitCode: 0 Duration: 3s331ms
Finished compiling graph: 228 nodes, 1527 flattened edges (1459 ToBuild, 12 ToUse), maximum node priority 72
[192/225    0s] WriteText Library/Bee/artifacts/1300b0aE.dag/Assembly-CSharp.rsp
[210/225    0s] ILPP-Configuration Library/ilpp-configuration.nevergeneratedoutput
[213/225    0s] CopyFiles Library/ScriptAssemblies/UnityEngine.TestRunner.pdb
[214/225    0s] CopyFiles Library/ScriptAssemblies/UnityEngine.TestRunner.dll
[215/225    0s] CopyFiles Library/ScriptAssemblies/UnityEditor.TestRunner.pdb
[216/225    0s] CopyFiles Library/ScriptAssemblies/UnityEditor.TestRunner.dll
[217/225    1s] Csc Library/Bee/artifacts/1300b0aE.dag/Assembly-CSharp.dll (+2 others)
Assets\Scripts\Vehicle.cs(6,108): warning CS0414: The field 'Vehicle.righting' is assigned but its value is never used
[218/225    0s] Csc Library/Bee/artifacts/1300b0aE.dag/Assembly-CSharp-Editor.dll (+2 others)
Assets\Editor\BuildGame.cs(21,109): warning CS0618: 'PlayerSettings.SetIconsForTargetGroup(BuildTargetGroup, Texture2D[])' is obsolete: 'Use SetIcons(NamedBuildTarget, Texture2D[], IconKind) instead'

Assets\Editor\BuildGame.cs(45,169): warning CS0618: 'PlayerSettings.SetIconsForTargetGroup(BuildTargetGroup, Texture2D[])' is obsolete: 'Use SetIcons(NamedBuildTarget, Texture2D[], IconKind) instead'
[219/225    0s] ILPostProcess Library/Bee/artifacts/1300b0aE.dag/post-processed/Assembly-CSharp-Editor.dll (+pdb)
Processing assembly Library/Bee/artifacts/1300b0aE.dag/Assembly-CSharp-Editor.dll, with 154 defines and 305 references

processors: zzzUnity.Burst.CodeGen.BurstILPostProcessor

1 processor(s) skipped this assembly
[220/225    0s] ILPostProcess Library/Bee/artifacts/1300b0aE.dag/post-processed/Assembly-CSharp.dll (+pdb)
Processing assembly Library/Bee/artifacts/1300b0aE.dag/Assembly-CSharp.dll, with 156 defines and 288 references

processors: zzzUnity.Burst.CodeGen.BurstILPostProcessor

1 processor(s) skipped this assembly
[221/225    0s] CopyFiles Library/ScriptAssemblies/Assembly-CSharp-Editor.pdb
[222/225    0s] CopyFiles Library/ScriptAssemblies/Assembly-CSharp.pdb
[223/225    0s] CopyFiles Library/ScriptAssemblies/Assembly-CSharp-Editor.dll
[224/225    0s] CopyFiles Library/ScriptAssemblies/Assembly-CSharp.dll
*** Tundra build success (3.29 seconds), 14 items updated, 225 evaluated
Assets\Scripts\Vehicle.cs(6,108): warning CS0414: The field 'Vehicle.righting' is assigned but its value is never used
Assets\Editor\BuildGame.cs(21,109): warning CS0618: 'PlayerSettings.SetIconsForTargetGroup(BuildTargetGroup, Texture2D[])' is obsolete: 'Use SetIcons(NamedBuildTarget, Texture2D[], IconKind) instead'
Assets\Editor\BuildGame.cs(45,169): warning CS0618: 'PlayerSettings.SetIconsForTargetGroup(BuildTargetGroup, Texture2D[])' is obsolete: 'Use SetIcons(NamedBuildTarget, Texture2D[], IconKind) instead'
Total cache size 268296981
Total cache size after purge 268296981, took 00:00:00.3284962
AssetDatabase: script compilation time: 7.253268s
Begin MonoManager ReloadAssembly
Native extension for Android target not found
Native extension for WindowsStandalone target not found
Native extension for WebGL target not found
ScheduleIndexationOnStartup MainProcess:True IndexOnStartup:True
Scripting: successfully reloaded assembly
- Finished resetting the current domain, in  0.910 seconds
Domain Reload Profiling: 2018ms
	BeginReloadAssembly (487ms)
		DisableScriptedObjects (46ms)
		CreateAndSetChildDomain (96ms)
	RebuildCommonClasses (22ms)
	RebuildNativeTypeToScriptingClass (33ms)
	initialDomainReloadingComplete (99ms)
	LoadAllAssembliesAndSetupDomain (466ms)
		LoadAssemblies (417ms)
		TypeCache.Refresh (42ms)
			TypeCache.ScanAssembly (29ms)
		AnalyzeDomain (16ms)
			BuildScriptInfoCaches (13ms)
	FinalizeReload (912ms)
		SetupLoadedEditorAssemblies (0ms)
			LogAssemblyErrors (4ms)
			InitializePlatformSupportModulesInManaged (15ms)
			BeforeProcessingInitializeOnLoad (186ms)
			ProcessInitializeOnLoadAttributes (194ms)
			ProcessInitializeOnLoadMethodAttributes (72ms)
			AfterProcessingInitializeOnLoad (12ms)
		AwakeInstancesAfterBackupRestoration (56ms)
Starting new worker id: 0 with log in A:/Python/aether-grounds/Logs/AssetImportWorkerHW0.log

Asset Pipeline Refresh (id=d521cec718d75fe46b76cccd3ccfe232): Total: 9.609 seconds - Initiated by InitialRefreshV2(ForceSynchronousImport)
	(Values over 0.05ms)
	Summary:
		Imports: total=70 (actual=0, local cache=70, cache server=0)
		Asset DB Process Time: managed=0 ms, native=1105 ms
		Asset DB Callback time: managed=41 ms, native=20 ms
		Scripting: domain reloads=1, domain reload time=1160 ms, compile time=7259 ms, other=22 ms
		Project Asset Count: scripts=186, non-scripts=563
		Asset File Changes: new=0, changed=0, moved=0, deleted=0
		Scan Filter Count: 0
	InvokePackagesCallback: 22.309ms
	ApplyChangesToAssetFolders: 0.735ms
	Scan: 37.377ms
	Collect global state as custom dependencies: 13.139ms
	CategorizeScriptCompilationAssets: 6.225ms
	ProcessAssetsWithTransientArtifactChanges: 12.023ms
	CategorizeAssets: 7.638ms
	CompileScripts: 7258.676ms
	ImportOutOfDateAssets: 927.952ms (913.432ms without children)
		UnloadImportedAssets: 0.163ms
		EnsureUptoDateAssetsAreRegisteredWithGuidPM: 0.277ms
		ImportSchedulerStart: 14.071ms
	PostProcessAllAssets: 41.973ms
		MonoPostProcessAllAssets: 41.801ms
			WindowAssetPostprocessingWatcher.OnPostprocessAllAssets 15.990ms
			SyncVS.PostprocessSyncProject 7.993ms
			EditModeScopePostprocessor.OnPostprocessAllAssets 2.239ms
			SpeedTree9Postprocessor.OnPostprocessAllAssets 1.416ms
			ReferencedClipsPostProcessor.OnPostprocessAllAssets 0.472ms
			TerrainToolbarOverlayPostProcessor.OnPostprocessAllAssets 0.372ms
			AssetDatabaseCallbacks.OnPostprocessAllAssets 0.279ms
			RenderPipelineGlobalSettingsPostprocessor.OnPostprocessAllAssets 0.197ms
	UnloadStreamsBegin: 2.366ms
	PersistCurrentRevisions: 0.308ms
	Untracked: 1241.219ms

Application.AssetDatabase Initial Refresh End
Launched and connected shader compiler UnityShaderCompiler.exe after 0.01 seconds
Scanning for USB devices : 21.140ms
Initializing Unity extensions:
[MODES] ModeService[none].Initialize
[MODES] ModeService[none].LoadModes
[MODES] Loading mode Default (0) for mode-current-id-Aether Grounds
Unloading 20 Unused Serialized files (Serialized files now loaded: 0)
Unloading 559 unused Assets / (0.7 MB). Loaded Objects now: 1310.
Memory consumption went from 236.5 MB to 235.9 MB.
Total: 10.495600 ms (FindLiveObjects: 0.276000 ms CreateObjectMapping: 0.028600 ms MarkObjects: 9.385400 ms  DeleteObjects: 0.659100 ms)

Opening scene 'Assets/Scenes/AetherGrounds.unity'
Unloading 1 Unused Serialized files (Serialized files now loaded: 0)
Loaded scene 'Assets/Scenes/AetherGrounds.unity'
	Deserialize:            4.094 ms
	Integration:            32.200 ms
	Integration of assets:  0.004 ms
	Thread Wait Time:       0.010 ms
	Total Operation Time:   36.308 ms
Unloading 2 unused Assets / (1.0 KB). Loaded Objects now: 1617.
Memory consumption went from 238.3 MB to 238.3 MB.
Total: 9.203100 ms (FindLiveObjects: 0.228800 ms CreateObjectMapping: 0.027000 ms MarkObjects: 8.790000 ms  DeleteObjects: 0.033000 ms)

Asset Pipeline Refresh (id=56b342bf5ca4d6648a28f46212a2fce3): Total: 0.043 seconds - Initiated by RefreshV2(NoUpdateAssetOptions)
Asset Pipeline Refresh (id=2158d9cf3e16f074cbe1028a23392dd2): Total: 0.017 seconds - Initiated by RefreshV2(NoUpdateAssetOptions)
Importing 'GUID: 00000000000000004000000000000000 - Path: ProjectSettings/ProjectSettings.asset' with importer (LibraryAssetImporter)
Imported 'GUID: 00000000000000004000000000000000' -> (Import Result ID: '0f5241e5b1e5c7ab7163e2007d993004') in 0.007 seconds [static dependencies only]. Details - ImportResultOutputID=054c890a8f4b6dddbea933bc5e4b7df4 DependenciesID=f96bcdb5435df53cd928fb2e26a74026 StaticDependenciesID=1f3175b724d59918735c1ff8b02c0a38 
Asset Pipeline Refresh (id=7a1349bd0dd73d243b39fb5cf9060a9f): Total: 0.067 seconds - Initiated by StopAssetImportingV2(NoUpdateAssetOptions)
DisplayProgressbar: Checking prerequisites
Reporting tool paths:
 JDK: 'C:\Program Files\Unity\Hub\Editor\6000.6.0f1\Editor\Data\PlaybackEngines\AndroidPlayer\OpenJDK'
 Android SDK: 'C:\Program Files\Unity\Hub\Editor\6000.6.0f1\Editor\Data\PlaybackEngines\AndroidPlayer\SDK'
 Android NDK: 'C:\Program Files\Unity\Hub\Editor\6000.6.0f1\Editor\Data\PlaybackEngines\AndroidPlayer\NDK'
 Gradle: 'C:\Program Files\Unity\Hub\Editor\6000.6.0f1\Editor\Data\PlaybackEngines\AndroidPlayer\Tools\gradle' (Gradle Version: '9.1.0' Android Plugin Version: '9.0.0')
Android PostProcess task "Checking prerequisites" took 49.9716 ms
DisplayProgressbar: Detect Java Development Kit (JDK)
Android PostProcess task "Detect Java Development Kit (JDK)" took 6.2601 ms
DisplayProgressbar: Detecting Android SDK
Worker ready: AssetImportWorkerHW0 0
AndroidSDKTools:

	root          : C:\Program Files\Unity\Hub\Editor\6000.6.0f1\Editor\Data\PlaybackEngines\AndroidPlayer\SDK
	cmdline-tools : C:\Program Files\Unity\Hub\Editor\6000.6.0f1\Editor\Data\PlaybackEngines\AndroidPlayer\SDK\cmdline-tools\16.0
	platform-tools: C:\Program Files\Unity\Hub\Editor\6000.6.0f1\Editor\Data\PlaybackEngines\AndroidPlayer\SDK\platform-tools
	build-tools   : C:\Program Files\Unity\Hub\Editor\6000.6.0f1\Editor\Data\PlaybackEngines\AndroidPlayer\SDK\build-tools\36.0.0

	adb           : C:\Program Files\Unity\Hub\Editor\6000.6.0f1\Editor\Data\PlaybackEngines\AndroidPlayer\SDK\platform-tools\adb.exe

Android PostProcess task "Detecting Android SDK" took 3551.5303 ms
DisplayProgressbar: Detect Android NDK
Android PostProcess task "Detect Android NDK" took 3.2802 ms
Android PostProcess task "Trying to find a suitable Android device" took 0.5903 ms
DisplayProgressbar: Check resources
Android PostProcess task "Check resources" took 0.4121 ms
DisplayProgressbar: Check Android Player Settings
Android PostProcess task "Check Android Player Settings" took 4.3638 ms
Starting: C:\Program Files\Unity\Hub\Editor\6000.6.0f1\Editor\Data\Tools\BuildPipeline\bee_backend.exe --ipc --defer-dag-verification --dagfile="Library/Bee/1300b0aESkipCompile.dag" --continue-on-failure --profile="Library/Bee/backend1.traceevents" ScriptAssembliesAndTypeDB
WorkingDir: A:/Python/aether-grounds
DisplayProgressbar: Compiling Scripts
ExitCode: 0 Duration: 0s355ms
[2/3        0s] BuildPlayerDataGenerator Library/BuildPlayerData/Editor/TypeDb-All.json
*** Tundra build success (0.31 seconds), 1 items updated, 3 evaluated
Asset Pipeline Refresh (id=3e64f270e08fed648887eaed1759abf7): Total: 0.002 seconds - Initiated by RefreshV2(NoUpdateAssetOptions)
[ScriptCompilation] Requested script compilation because: Recompiling scripts for player build.
BuildPlayer: start building target 13
Starting: C:\Program Files\Unity\Hub\Editor\6000.6.0f1\Editor\Data\Tools\BuildPipeline\bee_backend.exe --ipc --defer-dag-verification --dagfile="Library/Bee/1300b0aP.dag" --continue-on-failure --profile="Library/Bee/backend1.traceevents" ScriptAssembliesAndTypeDB
WorkingDir: A:/Python/aether-grounds
Total cache size 268296981
Total cache size after purge 268296981, took 00:00:00.3530912
ExitCode: 4 Duration: 1s127ms
Rebuilding DAG because FileSignature timestamp changed: Library/Bee/1300b0aP-inputdata.json
[89/96      0s] ILPP-Configuration Library/ilpp-configuration.nevergeneratedoutput
*** Tundra requires additional run (1.09 seconds), 2 items updated, 88 evaluated
Starting: C:\Program Files\Unity\Hub\Editor\6000.6.0f1\Editor\Data\DotNetSdk\dotnet.exe "C:\Program Files\Unity\Hub\Editor\6000.6.0f1\Editor\Data\Tools\BuildPipeline\ScriptCompilationBuildProgram.exe" "Library/Bee/1300b0aP.dag.json" "Library/Bee/1300b0aP-inputdata.json" "Library\Bee\buildprogram0.traceevents"
WorkingDir: A:/Python/aether-grounds
ExitCode: 0 Duration: 0s355ms
Starting: C:\Program Files\Unity\Hub\Editor\6000.6.0f1\Editor\Data\Tools\BuildPipeline\bee_backend.exe --ipc --defer-dag-verification --dagfile="Library/Bee/1300b0aP.dag" --continue-on-failure --dagfilejson="Library\Bee\1300b0aP.dag.json" --profile="Library/Bee/backend2.traceevents" ScriptAssembliesAndTypeDB
WorkingDir: A:/Python/aether-grounds
ExitCode: 0 Duration: 3s152ms
Finished compiling graph: 97 nodes, 277 flattened edges (275 ToBuild, 2 ToUse), maximum node priority 16
[88/96      0s] WriteText Library/Bee/artifacts/1300b0aP.dag/Assembly-CSharp.rsp
[89/96      0s] ILPP-Configuration Library/ilpp-configuration.nevergeneratedoutput
[90/96      0s] Csc Library/Bee/artifacts/1300b0aP.dag/Assembly-CSharp.dll (+2 others)
Assets\Scripts\Vehicle.cs(6,108): warning CS0414: The field 'Vehicle.righting' is assigned but its value is never used
[91/96      0s] ILPostProcess Library/Bee/artifacts/1300b0aP.dag/post-processed/Assembly-CSharp.dll (+pdb)
Processing assembly Library/Bee/artifacts/1300b0aP.dag/Assembly-CSharp.dll, with 143 defines and 215 references

processors: zzzUnity.Burst.CodeGen.BurstILPostProcessor

1 processor(s) skipped this assembly
[92/96      0s] CopyFiles Library/Bee/PlayerScriptAssemblies/Assembly-CSharp.pdb
[93/96      0s] CopyFiles Library/Bee/PlayerScriptAssemblies/Assembly-CSharp.dll
[95/96      0s] BuildPlayerDataGenerator Library/BuildPlayerData/Player/RuntimeInitializeOnLoads.json (+1 other)
*** Tundra build success (3.11 seconds), 7 items updated, 96 evaluated
Assets\Scripts\Vehicle.cs(6,108): warning CS0414: The field 'Vehicle.righting' is assigned but its value is never used
Rebuilding Data files because Assets/Scenes/AetherGrounds.unity is dirty (hash)


Mono dependencies included in the build
Dependency assembly - System.Xml.XDocument.dll
Dependency assembly - System.Xml.XmlDocument.dll
Dependency assembly - System.Globalization.dll
Dependency assembly - System.Web.DynamicData.dll
Dependency assembly - System.Web.ApplicationServices.dll
Dependency assembly - Mono.Data.Tds.dll
Dependency assembly - System.ComponentModel.Primitives.dll
Dependency assembly - System.Management.dll
Dependency assembly - System.Net.HttpListener.dll
Dependency assembly - System.Reflection.TypeExtensions.dll
Dependency assembly - System.Runtime.dll
Dependency assembly - System.Diagnostics.Tools.dll
Dependency assembly - System.Security.Cryptography.Hashing.Algorithms.dll
Dependency assembly - System.IO.FileSystem.AccessControl.dll
Dependency assembly - Mono.Data.Sqlite.dll
Dependency assembly - System.Diagnostics.TextWriterTraceListener.dll
Dependency assembly - Microsoft.Extensions.Logging.Abstractions.dll
Dependency assembly - System.Xml.Xsl.Primitives.dll
Dependency assembly - System.Diagnostics.Contracts.dll
Dependency assembly - System.ServiceModel.Security.dll
Dependency assembly - System.Net.NameResolution.dll
Dependency assembly - System.Xml.Serialization.dll
Dependency assembly - System.Threading.Overlapped.dll
Dependency assembly - System.ComponentModel.EventBasedAsync.dll
Dependency assembly - System.ServiceModel.Primitives.dll
Dependency assembly - System.Web.dll
Dependency assembly - System.Diagnostics.Debug.dll
Dependency assembly - System.Data.Common.dll
Dependency assembly - Microsoft.Win32.Primitives.dll
Dependency assembly - System.Globalization.Extensions.dll
Dependency assembly - System.ServiceModel.Duplex.dll
Dependency assembly - System.Text.Encoding.CodePages.dll
Dependency assembly - System.Runtime.Caching.dll
Dependency assembly - System.Diagnostics.StackTrace.dll
Dependency assembly - System.Runtime.Serialization.Xml.dll
Dependency assembly - Assembly-CSharp.dll
Dependency assembly - System.Collections.dll
Dependency assembly - System.Threading.ThreadPool.dll
Dependency assembly - System.Windows.Forms.DataVisualization.dll
Dependency assembly - System.Runtime.Remoting.dll
Dependency assembly - System.ServiceModel.Discovery.dll
Dependency assembly - System.ComponentModel.dll
Dependency assembly - System.Numerics.dll
Dependency assembly - System.IO.FileSystem.Primitives.dll
Dependency assembly - System.Text.RegularExpressions.dll
Dependency assembly - System.Diagnostics.TraceEvent.dll
Dependency assembly - System.Web.Extensions.Design.dll
Dependency assembly - System.Resources.ResourceManager.dll
Dependency assembly - System.Net.WebSockets.dll
Dependency assembly - System.Runtime.Loader.dll
Dependency assembly - System.Security.Principal.Windows.dll
Dependency assembly - System.Resources.Writer.dll
Dependency assembly - System.Runtime.InteropServices.dll
Dependency assembly - System.Collections.Specialized.dll
Dependency assembly - System.Net.Mail.dll
Dependency assembly - System.ServiceModel.Web.dll
Dependency assembly - System.Xml.XPath.dll
Dependency assembly - System.Runtime.CompilerServices.VisualC.dll
Dependency assembly - System.Security.Cryptography.X509Certificates.dll
Dependency assembly - System.Security.Cryptography.Csp.dll
Dependency assembly - System.Data.OracleClient.dll
Dependency assembly - System.Data.dll
Dependency assembly - System.Drawing.Design.dll
Dependency assembly - System.Security.Cryptography.ProtectedData.dll
Dependency assembly - System.Data.SqlClient.dll
Dependency assembly - System.Reflection.Extensions.dll
Dependency assembly - Mono.Security.dll
Dependency assembly - System.Collections.NonGeneric.dll
Dependency assembly - System.Text.Encoding.dll
Dependency assembly - System.DirectoryServices.Protocols.dll
Dependency assembly - System.ServiceModel.Http.dll
Dependency assembly - System.Threading.AccessControl.dll
Dependency assembly - System.IO.IsolatedStorage.dll
Dependency assembly - System.ComponentModel.Annotations.dll
Dependency assembly - System.Security.Cryptography.Primitives.dll
Dependency assembly - System.IdentityModel.dll
Dependency assembly - System.Net.AuthenticationManager.dll
Dependency assembly - System.Security.Cryptography.Encryption.Aes.dll
Dependency assembly - System.Resources.Reader.dll
Dependency assembly - System.Threading.Thread.dll
Dependency assembly - System.Runtime.Extensions.dll
Dependency assembly - System.Net.WebSockets.Client.dll
Dependency assembly - System.Runtime.Handles.dll
Dependency assembly - System.Json.dll
Dependency assembly - I18N.dll
Dependency assembly - Microsoft.CSharp.dll
Dependency assembly - System.Web.Services.dll
Dependency assembly - System.Xml.XPath.XDocument.dll
Dependency assembly - System.Threading.Tasks.dll
Dependency assembly - System.IO.Compression.dll
Dependency assembly - System.Runtime.Serialization.dll
Dependency assembly - System.Text.Json.dll
Dependency assembly - System.Linq.Expressions.dll
Dependency assembly - System.Security.SecureString.dll
Dependency assembly - Microsoft.Win32.Registry.dll
Dependency assembly - System.Text.Encodings.Web.dll
Dependency assembly - System.Security.Cryptography.Encryption.dll
Dependency assembly - System.ComponentModel.TypeConverter.dll
Dependency assembly - System.Security.dll
Dependency assembly - System.Configuration.Install.dll
Dependency assembly - System.Linq.Queryable.dll
Dependency assembly - System.Collections.Immutable.dll
Dependency assembly - System.Reflection.Emit.Lightweight.dll
Dependency assembly - System.Memory.dll
Dependency assembly - System.Text.Encoding.Extensions.dll
Dependency assembly - System.Diagnostics.FileVersionInfo.dll
Dependency assembly - Microsoft.Extensions.DependencyInjection.Abstractions.dll
Dependency assembly - System.Net.WebHeaderCollection.dll
Dependency assembly - System.Security.Cryptography.Pkcs.dll
Dependency assembly - System.IO.Compression.ZipFile.dll
Dependency assembly - System.Drawing.dll
Dependency assembly - System.Diagnostics.TraceSource.dll
Dependency assembly - I18N.Rare.dll
Dependency assembly - System.IO.FileSystem.dll
Dependency assembly - System.ServiceModel.dll
Dependency assembly - System.ServiceModel.Internals.dll
Dependency assembly - System.ServiceModel.NetTcp.dll
Dependency assembly - System.Runtime.CompilerServices.Unsafe.dll
Dependency assembly - System.Messaging.dll
Dependency assembly - System.IO.FileSystem.Watcher.dll
Dependency assembly - System.Net.Requests.dll
Dependency assembly - System.Reflection.DispatchProxy.dll
Dependency assembly - System.Xaml.dll
Dependency assembly - System.Collections.Concurrent.dll
Dependency assembly - System.Security.Principal.dll
Dependency assembly - System.Reflection.Emit.ILGeneration.dll
Dependency assembly - System.Runtime.Serialization.Formatters.Soap.dll
Dependency assembly - System.IO.Pipes.dll
Dependency assembly - System.Xml.ReaderWriter.dll
Dependency assembly - System.Reflection.Metadata.dll
Dependency assembly - System.Data.Linq.dll
Dependency assembly - System.Linq.dll
Dependency assembly - System.Net.Sockets.dll
Dependency assembly - System.Runtime.InteropServices.WindowsRuntime.dll
Dependency assembly - System.Net.Security.dll
Dependency assembly - Microsoft.Bcl.AsyncInterfaces.dll
Dependency assembly - mscorlib.dll
Dependency assembly - System.ObjectModel.dll
Dependency assembly - System.Reflection.Context.dll
Dependency assembly - System.Windows.Forms.dll
Dependency assembly - System.AppContext.dll
Dependency assembly - System.ComponentModel.Composition.dll
Dependency assembly - System.Reflection.Emit.dll
Dependency assembly - System.Security.Cryptography.Encryption.ECDsa.dll
Dependency assembly - System.Security.Cryptography.Algorithms.dll
Dependency assembly - System.Xml.dll
Dependency assembly - System.Data.Entity.dll
Dependency assembly - System.Net.NetworkInformation.dll
Dependency assembly - System.Net.Ping.dll
Dependency assembly - System.Web.RegularExpressions.dll
Dependency assembly - System.Console.dll
Dependency assembly - System.Net.ServicePoint.dll
Dependency assembly - I18N.MidEast.dll
Dependency assembly - System.IO.MemoryMappedFiles.dll
Dependency assembly - System.Security.Cryptography.RandomNumberGenerator.dll
Dependency assembly - System.ComponentModel.DataAnnotations.dll
Dependency assembly - System.Buffers.dll
Dependency assembly - System.EnterpriseServices.dll
Dependency assembly - System.Runtime.DurableInstancing.dll
Dependency assembly - System.ServiceModel.Activation.dll
Dependency assembly - System.Transactions.dll
Dependency assembly - System.ServiceProcess.ServiceController.dll
Dependency assembly - System.Net.dll
Dependency assembly - System.Xml.Linq.dll
Dependency assembly - System.IO.dll
Dependency assembly - System.Net.Cache.dll
Dependency assembly - System.Diagnostics.Process.dll
Dependency assembly - System.Reflection.dll
Dependency assembly - System.Security.Cryptography.OpenSsl.dll
Dependency assembly - System.Security.Cryptography.Hashing.dll
Dependency assembly - System.ValueTuple.dll
Dependency assembly - I18N.West.dll
Dependency assembly - System.Runtime.Numerics.dll
Dependency assembly - System.Threading.Timer.dll
Dependency assembly - System.Runtime.InteropServices.RuntimeInformation.dll
Dependency assembly - Accessibility.dll
Dependency assembly - System.ServiceModel.Routing.dll
Dependency assembly - System.Runtime.Serialization.Formatters.dll
Dependency assembly - System.ServiceProcess.dll
Dependency assembly - System.Web.Extensions.dll
Dependency assembly - System.Security.Cryptography.RSA.dll
Dependency assembly - System.Xml.XmlSerializer.dll
Dependency assembly - System.Security.Cryptography.DeriveBytes.dll
Dependency assembly - System.Globalization.Calendars.dll
Dependency assembly - Microsoft.Win32.Registry.AccessControl.dll
Dependency assembly - System.IdentityModel.Selectors.dll
Dependency assembly - System.IO.UnmanagedMemoryStream.dll
Dependency assembly - System.Security.AccessControl.dll
Dependency assembly - System.Reflection.Primitives.dll
Dependency assembly - System.Threading.dll
Dependency assembly - System.Resources.ReaderWriter.dll
Dependency assembly - System.Runtime.Serialization.Primitives.dll
Dependency assembly - System.IO.Hashing.dll
Dependency assembly - System.Threading.Tasks.Parallel.dll
Dependency assembly - System.Xml.XPath.XmlDocument.dll
Dependency assembly - System.Net.Primitives.dll
Dependency assembly - System.Net.Http.dll
Dependency assembly - System.Diagnostics.DiagnosticSource.dll
Dependency assembly - netstandard.dll
Dependency assembly - System.Threading.Tasks.Extensions.dll
Dependency assembly - System.Data.Services.dll
Dependency assembly - I18N.Other.dll
Dependency assembly - System.Security.Claims.dll
Dependency assembly - System.Diagnostics.Tracing.dll
Dependency assembly - System.dll
Dependency assembly - System.Security.Cryptography.Encoding.dll
Dependency assembly - System.DirectoryServices.dll
Dependency assembly - System.Windows.dll
Dependency assembly - System.Numerics.Vectors.dll
Dependency assembly - System.Configuration.dll
Dependency assembly - System.Data.DataSetExtensions.dll
Dependency assembly - System.Security.Cryptography.Cng.dll
Dependency assembly - System.IO.Compression.FileSystem.dll
Dependency assembly - System.Net.Utilities.dll
Dependency assembly - I18N.CJK.dll
Dependency assembly - System.Runtime.Serialization.Json.dll
Dependency assembly - System.IO.FileSystem.DriveInfo.dll
Dependency assembly - System.Design.dll
Dependency assembly - System.Security.Cryptography.Encryption.ECDiffieHellman.dll
Dependency assembly - System.Net.Http.WebRequest.dll
Dependency assembly - System.Core.dll
Dependency assembly - System.Data.Services.Client.dll
Dependency assembly - System.Linq.Parallel.dll
Dependency assembly - System.Dynamic.Runtime.dll
Dependency assembly - System.Drawing.Primitives.dll

DisplayProgressbar: Fetching assembly references
Total cache size 268296981
Total cache size after purge 268296981, took 00:00:00.3555663
Opening scene 'Assets/Scenes/AetherGrounds.unity'
Unloading 2 Unused Serialized files (Serialized files now loaded: 0)
Loaded scene 'Assets/Scenes/AetherGrounds.unity'
	Deserialize:            0.910 ms
	Integration:            13.113 ms
	Integration of assets:  0.004 ms
	Thread Wait Time:       19.499 ms
	Total Operation Time:   33.526 ms
Unloading 26 unused Assets / (0.8 MB). Loaded Objects now: 1633.
Memory consumption went from 254.1 MB to 253.3 MB.
Total: 13.553000 ms (FindLiveObjects: 0.334200 ms CreateObjectMapping: 0.029600 ms MarkObjects: 12.240500 ms  DeleteObjects: 0.745000 ms)

Unloading 165 Unused Serialized files (Serialized files now loaded: 0)
Unloading 346 unused Assets / (3.6 MB). Loaded Objects now: 1335.
Memory consumption went from 278.4 MB to 274.8 MB.
Total: 10.801300 ms (FindLiveObjects: 0.248500 ms CreateObjectMapping: 0.040400 ms MarkObjects: 9.137600 ms  DeleteObjects: 1.224400 ms)

Unloading 0 Unused Serialized files (Serialized files now loaded: 0)
Unloading 0 unused Assets / (Unknown). Loaded Objects now: 1335.
Memory consumption went from 250.0 MB to 250.0 MB.
Total: 11.292500 ms (FindLiveObjects: 0.178400 ms CreateObjectMapping: 0.017100 ms MarkObjects: 10.959000 ms  DeleteObjects: 0.014100 ms)

Unloading 1 Unused Serialized files (Serialized files now loaded: 0)
Unloading 176 unused Assets / (149.5 MB). Loaded Objects now: 1335.
Memory consumption went from 400.5 MB to 251.0 MB.
Total: 39.091100 ms (FindLiveObjects: 0.285400 ms CreateObjectMapping: 0.035400 ms MarkObjects: 11.597600 ms  DeleteObjects: 26.869000 ms)

Compiling shader "Aether/LightVolume"
  Pass "" (vp)
    Target graphics API: gles3
    Full variant space:         1
    After settings filtering:   1
    After built-in stripping:   3
    After scriptable stripping: 3
    Processed in 0.02 seconds
    Target graphics API: vulkan
    Full variant space:         1
    After settings filtering:   1
    After built-in stripping:   3
    After scriptable stripping: 3
    Processed in 0.00 seconds
  Pass  (vp, gles3) finished in 0.00 seconds. Local cache hits 3 (0.00s CPU time), remote cache hits 0 (0.00s CPU time), compiled 0 variants (0.00s CPU time), skipped 0 variants.
  Pass  (vp, vulkan) finished in 0.00 seconds. Local cache hits 3 (0.00s CPU time), remote cache hits 0 (0.00s CPU time), compiled 0 variants (0.00s CPU time), skipped 0 variants.
    Prepared data for serialisation in 0.00s
Serialized binary data for shader Aether/LightVolume in 0.00s
    gles3 (total internal programs: 3, unique: 1)
    vulkan (total internal programs: 3, unique: 1)
Compiling shader "Aether/Toon"
  Pass "FORWARD" (vp)
    Target graphics API: gles3
    Full variant space:         664
    After settings filtering:   664
    After built-in stripping:   48
    After scriptable stripping: 48
    Processed in 0.00 seconds
    Target graphics API: vulkan
    Full variant space:         664
    After settings filtering:   664
    After built-in stripping:   48
    After scriptable stripping: 48
    Processed in 0.00 seconds
  Pass "FORWARD" (vp)
    Target graphics API: gles3
    Full variant space:         188
    After settings filtering:   188
    After built-in stripping:   39
    After scriptable stripping: 39
    Processed in 0.00 seconds
    Target graphics API: vulkan
    Full variant space:         188
    After settings filtering:   188
    After built-in stripping:   39
    After scriptable stripping: 39
    Processed in 0.00 seconds
  Pass "DEFERRED" (vp)
    Target graphics API: gles3
    Full variant space:         76
    After settings filtering:   76
    After built-in stripping:   24
    After scriptable stripping: 24
    Processed in 0.00 seconds
    Target graphics API: vulkan
    Full variant space:         76
    After settings filtering:   76
    After built-in stripping:   24
    After scriptable stripping: 24
    Processed in 0.00 seconds
  Pass "ShadowCaster" (vp)
    Target graphics API: gles3
    Full variant space:         4
    After settings filtering:   4
    After built-in stripping:   12
    After scriptable stripping: 12
    Processed in 0.00 seconds
    Target graphics API: vulkan
    Full variant space:         4
    After settings filtering:   4
    After built-in stripping:   12
    After scriptable stripping: 12
    Processed in 0.00 seconds
  Pass FORWARD (vp, gles3) finished in 0.01 seconds. Local cache hits 48 (0.01s CPU time), remote cache hits 0 (0.00s CPU time), compiled 0 variants (0.00s CPU time), skipped 0 variants.
  Pass FORWARD (vp, vulkan) finished in 0.01 seconds. Local cache hits 48 (0.01s CPU time), remote cache hits 0 (0.00s CPU time), compiled 0 variants (0.00s CPU time), skipped 0 variants.
    Prepared data for serialisation in 0.00s
  Pass FORWARD (vp, gles3) finished in 0.01 seconds. Local cache hits 39 (0.01s CPU time), remote cache hits 0 (0.00s CPU time), compiled 0 variants (0.00s CPU time), skipped 0 variants.
  Pass FORWARD (vp, vulkan) finished in 0.01 seconds. Local cache hits 39 (0.01s CPU time), remote cache hits 0 (0.00s CPU time), compiled 0 variants (0.00s CPU time), skipped 0 variants.
    Prepared data for serialisation in 0.02s
  Pass DEFERRED (vp, gles3) finished in 0.02 seconds. Local cache hits 24 (0.01s CPU time), remote cache hits 0 (0.00s CPU time), compiled 0 variants (0.00s CPU time), skipped 0 variants.
  Pass DEFERRED (vp, vulkan) finished in 0.02 seconds. Local cache hits 24 (0.00s CPU time), remote cache hits 0 (0.00s CPU time), compiled 0 variants (0.00s CPU time), skipped 0 variants.
    Prepared data for serialisation in 0.00s
  Pass ShadowCaster (vp, gles3) finished in 0.02 seconds. Local cache hits 12 (0.00s CPU time), remote cache hits 0 (0.00s CPU time), compiled 0 variants (0.00s CPU time), skipped 0 variants.
  Pass ShadowCaster (vp, vulkan) finished in 0.02 seconds. Local cache hits 12 (0.00s CPU time), remote cache hits 0 (0.00s CPU time), compiled 0 variants (0.00s CPU time), skipped 0 variants.
    Prepared data for serialisation in 0.00s
Serialized binary data for shader Aether/Toon in 0.00s
    gles3 (total internal programs: 123, unique: 70)
    vulkan (total internal programs: 123, unique: 70)
Compiling shader "Aether/Water"
  Pass "" (vp)
    Target graphics API: gles3
    Full variant space:         4
    After settings filtering:   4
    After built-in stripping:   3
    After scriptable stripping: 3
    Processed in 0.00 seconds
    Target graphics API: vulkan
    Full variant space:         4
    After settings filtering:   4
    After built-in stripping:   3
    After scriptable stripping: 3
    Processed in 0.00 seconds
  Pass  (vp, gles3) finished in 0.00 seconds. Local cache hits 3 (0.00s CPU time), remote cache hits 0 (0.00s CPU time), compiled 0 variants (0.00s CPU time), skipped 0 variants.
  Pass  (vp, vulkan) finished in 0.00 seconds. Local cache hits 3 (0.00s CPU time), remote cache hits 0 (0.00s CPU time), compiled 0 variants (0.00s CPU time), skipped 0 variants.
    Prepared data for serialisation in 0.00s
Serialized binary data for shader Aether/Water in 0.00s
    gles3 (total internal programs: 3, unique: 1)
    vulkan (total internal programs: 3, unique: 1)
Compiling shader "Aether/Paint"
  Pass "FORWARD" (vp)
    Target graphics API: gles3
    Full variant space:         664
    After settings filtering:   664
    After built-in stripping:   48
    After scriptable stripping: 48
    Processed in 0.01 seconds
    Target graphics API: vulkan
    Full variant space:         664
    After settings filtering:   664
    After built-in stripping:   48
    After scriptable stripping: 48
    Processed in 0.00 seconds
  Pass "FORWARD" (vp)
    Target graphics API: gles3
    Full variant space:         188
    After settings filtering:   188
    After built-in stripping:   39
    After scriptable stripping: 39
    Processed in 0.00 seconds
    Target graphics API: vulkan
    Full variant space:         188
    After settings filtering:   188
    After built-in stripping:   39
    After scriptable stripping: 39
    Processed in 0.00 seconds
  Pass "DEFERRED" (vp)
    Target graphics API: gles3
    Full variant space:         76
    After settings filtering:   76
    After built-in stripping:   24
    After scriptable stripping: 24
    Processed in 0.00 seconds
    Target graphics API: vulkan
    Full variant space:         76
    After settings filtering:   76
    After built-in stripping:   24
    After scriptable stripping: 24
    Processed in 0.00 seconds
  Pass "ShadowCaster" (vp)
    Target graphics API: gles3
    Full variant space:         4
    After settings filtering:   4
    After built-in stripping:   12
    After scriptable stripping: 12
    Processed in 0.00 seconds
    Target graphics API: vulkan
    Full variant space:         4
    After settings filtering:   4
    After built-in stripping:   12
    After scriptable stripping: 12
    Processed in 0.00 seconds
  Pass FORWARD (vp, gles3) finished in 0.01 seconds. Local cache hits 48 (0.01s CPU time), remote cache hits 0 (0.00s CPU time), compiled 0 variants (0.00s CPU time), skipped 0 variants.
  Pass FORWARD (vp, vulkan) finished in 0.01 seconds. Local cache hits 48 (0.01s CPU time), remote cache hits 0 (0.00s CPU time), compiled 0 variants (0.00s CPU time), skipped 0 variants.
    Prepared data for serialisation in 0.00s
  Pass FORWARD (vp, gles3) finished in 0.01 seconds. Local cache hits 39 (0.00s CPU time), remote cache hits 0 (0.00s CPU time), compiled 0 variants (0.00s CPU time), skipped 0 variants.
  Pass FORWARD (vp, vulkan) finished in 0.01 seconds. Local cache hits 39 (0.01s CPU time), remote cache hits 0 (0.00s CPU time), compiled 0 variants (0.00s CPU time), skipped 0 variants.
    Prepared data for serialisation in 0.00s
  Pass DEFERRED (vp, gles3) finished in 0.01 seconds. Local cache hits 24 (0.00s CPU time), remote cache hits 0 (0.00s CPU time), compiled 0 variants (0.00s CPU time), skipped 0 variants.
  Pass DEFERRED (vp, vulkan) finished in 0.00 seconds. Local cache hits 24 (0.00s CPU time), remote cache hits 0 (0.00s CPU time), compiled 0 variants (0.00s CPU time), skipped 0 variants.
    Prepared data for serialisation in 0.00s
  Pass ShadowCaster (vp, gles3) finished in 0.00 seconds. Local cache hits 12 (0.00s CPU time), remote cache hits 0 (0.00s CPU time), compiled 0 variants (0.00s CPU time), skipped 0 variants.
  Pass ShadowCaster (vp, vulkan) finished in 0.00 seconds. Local cache hits 12 (0.00s CPU time), remote cache hits 0 (0.00s CPU time), compiled 0 variants (0.00s CPU time), skipped 0 variants.
    Prepared data for serialisation in 0.00s
Serialized binary data for shader Aether/Paint in 0.00s
    gles3 (total internal programs: 123, unique: 70)
    vulkan (total internal programs: 123, unique: 70)
Compiling shader "Aether/AirahTerrain"
  Pass "FORWARD" (vp)
    Target graphics API: gles3
    Full variant space:         664
    After settings filtering:   664
    After built-in stripping:   48
    After scriptable stripping: 48
    Processed in 0.00 seconds
    Target graphics API: vulkan
    Full variant space:         664
    After settings filtering:   664
    After built-in stripping:   48
    After scriptable stripping: 48
    Processed in 0.00 seconds
  Pass "DEFERRED" (vp)
    Target graphics API: gles3
    Full variant space:         76
    After settings filtering:   76
    After built-in stripping:   24
    After scriptable stripping: 24
    Processed in 0.01 seconds
    Target graphics API: vulkan
    Full variant space:         76
    After settings filtering:   76
    After built-in stripping:   24
    After scriptable stripping: 24
    Processed in 0.00 seconds
  Pass FORWARD (vp, gles3) finished in 0.01 seconds. Local cache hits 48 (0.01s CPU time), remote cache hits 0 (0.00s CPU time), compiled 0 variants (0.00s CPU time), skipped 0 variants.
  Pass FORWARD (vp, vulkan) finished in 0.01 seconds. Local cache hits 48 (0.01s CPU time), remote cache hits 0 (0.00s CPU time), compiled 0 variants (0.00s CPU time), skipped 0 variants.
    Prepared data for serialisation in 0.00s
  Pass DEFERRED (vp, gles3) finished in 0.00 seconds. Local cache hits 24 (0.01s CPU time), remote cache hits 0 (0.00s CPU time), compiled 0 variants (0.00s CPU time), skipped 0 variants.
  Pass DEFERRED (vp, vulkan) finished in 0.00 seconds. Local cache hits 24 (0.00s CPU time), remote cache hits 0 (0.00s CPU time), compiled 0 variants (0.00s CPU time), skipped 0 variants.
    Prepared data for serialisation in 0.00s
Serialized binary data for shader Aether/AirahTerrain in 0.00s
    gles3 (total internal programs: 72, unique: 24)
    vulkan (total internal programs: 72, unique: 24)
Compiling shader "Hidden/Aether/Post"
  Pass "" (vp)
    Target graphics API: gles3
    Full variant space:         1
    After settings filtering:   1
    After built-in stripping:   3
    After scriptable stripping: 3
    Processed in 0.00 seconds
    Target graphics API: vulkan
    Full variant space:         1
    After settings filtering:   1
    After built-in stripping:   3
    After scriptable stripping: 3
    Processed in 0.00 seconds
  Pass "" (vp)
    Target graphics API: gles3
    Full variant space:         1
    After settings filtering:   1
    After built-in stripping:   3
    After scriptable stripping: 3
    Processed in 0.00 seconds
    Target graphics API: vulkan
    Full variant space:         1
    After settings filtering:   1
    After built-in stripping:   3
    After scriptable stripping: 3
    Processed in 0.00 seconds
  Pass "" (vp)
    Target graphics API: gles3
    Full variant space:         1
    After settings filtering:   1
    After built-in stripping:   3
    After scriptable stripping: 3
    Processed in 0.00 seconds
    Target graphics API: vulkan
    Full variant space:         1
    After settings filtering:   1
    After built-in stripping:   3
    After scriptable stripping: 3
    Processed in 0.00 seconds
  Pass  (vp, gles3) finished in 0.00 seconds. Local cache hits 3 (0.00s CPU time), remote cache hits 0 (0.00s CPU time), compiled 0 variants (0.00s CPU time), skipped 0 variants.
  Pass  (vp, vulkan) finished in 0.00 seconds. Local cache hits 3 (0.00s CPU time), remote cache hits 0 (0.00s CPU time), compiled 0 variants (0.00s CPU time), skipped 0 variants.
    Prepared data for serialisation in 0.00s
  Pass  (vp, gles3) finished in 0.00 seconds. Local cache hits 3 (0.00s CPU time), remote cache hits 0 (0.00s CPU time), compiled 0 variants (0.00s CPU time), skipped 0 variants.
  Pass  (vp, vulkan) finished in 0.00 seconds. Local cache hits 3 (0.00s CPU time), remote cache hits 0 (0.00s CPU time), compiled 0 variants (0.00s CPU time), skipped 0 variants.
    Prepared data for serialisation in 0.00s
  Pass  (vp, gles3) finished in 0.00 seconds. Local cache hits 3 (0.00s CPU time), remote cache hits 0 (0.00s CPU time), compiled 0 variants (0.00s CPU time), skipped 0 variants.
  Pass  (vp, vulkan) finished in 0.00 seconds. Local cache hits 3 (0.00s CPU time), remote cache hits 0 (0.00s CPU time), compiled 0 variants (0.00s CPU time), skipped 0 variants.
    Prepared data for serialisation in 0.00s
Serialized binary data for shader Hidden/Aether/Post in 0.00s
    gles3 (total internal programs: 9, unique: 3)
    vulkan (total internal programs: 9, unique: 3)
Compiling shader "Aether/TireSmoke"
  Pass "" (vp)
    Target graphics API: gles3
    Full variant space:         1
    After settings filtering:   1
    After built-in stripping:   3
    After scriptable stripping: 3
    Processed in 0.00 seconds
    Target graphics API: vulkan
    Full variant space:         1
    After settings filtering:   1
    After built-in stripping:   3
    After scriptable stripping: 3
    Processed in 0.00 seconds
  Pass  (vp, gles3) finished in 0.00 seconds. Local cache hits 3 (0.00s CPU time), remote cache hits 0 (0.00s CPU time), compiled 0 variants (0.00s CPU time), skipped 0 variants.
  Pass  (vp, vulkan) finished in 0.00 seconds. Local cache hits 3 (0.00s CPU time), remote cache hits 0 (0.00s CPU time), compiled 0 variants (0.00s CPU time), skipped 0 variants.
    Prepared data for serialisation in 0.00s
Serialized binary data for shader Aether/TireSmoke in 0.00s
    gles3 (total internal programs: 3, unique: 1)
    vulkan (total internal programs: 3, unique: 1)
Compiling shader "Aether/SpeedGhost"
  Pass "" (vp)
    Target graphics API: gles3
    Full variant space:         1
    After settings filtering:   1
    After built-in stripping:   3
    After scriptable stripping: 3
    Processed in 0.00 seconds
    Target graphics API: vulkan
    Full variant space:         1
    After settings filtering:   1
    After built-in stripping:   3
    After scriptable stripping: 3
    Processed in 0.00 seconds
  Pass  (vp, gles3) finished in 0.00 seconds. Local cache hits 3 (0.00s CPU time), remote cache hits 0 (0.00s CPU time), compiled 0 variants (0.00s CPU time), skipped 0 variants.
  Pass  (vp, vulkan) finished in 0.00 seconds. Local cache hits 3 (0.00s CPU time), remote cache hits 0 (0.00s CPU time), compiled 0 variants (0.00s CPU time), skipped 0 variants.
    Prepared data for serialisation in 0.00s
Serialized binary data for shader Aether/SpeedGhost in 0.00s
    gles3 (total internal programs: 3, unique: 1)
    vulkan (total internal programs: 3, unique: 1)
Compiling shader "Aether/Shield"
  Pass "" (vp)
    Target graphics API: gles3
    Full variant space:         1
    After settings filtering:   1
    After built-in stripping:   3
    After scriptable stripping: 3
    Processed in 0.00 seconds
    Target graphics API: vulkan
    Full variant space:         1
    After settings filtering:   1
    After built-in stripping:   3
    After scriptable stripping: 3
    Processed in 0.00 seconds
  Pass  (vp, gles3) finished in 0.00 seconds. Local cache hits 3 (0.00s CPU time), remote cache hits 0 (0.00s CPU time), compiled 0 variants (0.00s CPU time), skipped 0 variants.
  Pass  (vp, vulkan) finished in 0.00 seconds. Local cache hits 3 (0.00s CPU time), remote cache hits 0 (0.00s CPU time), compiled 0 variants (0.00s CPU time), skipped 0 variants.
    Prepared data for serialisation in 0.00s
Serialized binary data for shader Aether/Shield in 0.00s
    gles3 (total internal programs: 3, unique: 1)
    vulkan (total internal programs: 3, unique: 1)
Compiling shader "Aether/Sky"
  Pass "" (vp)
    Target graphics API: gles3
    Full variant space:         1
    After settings filtering:   1
    After built-in stripping:   3
    After scriptable stripping: 3
    Processed in 0.00 seconds
    Target graphics API: vulkan
    Full variant space:         1
    After settings filtering:   1
    After built-in stripping:   3
    After scriptable stripping: 3
    Processed in 0.00 seconds
  Pass  (vp, gles3) finished in 0.00 seconds. Local cache hits 3 (0.00s CPU time), remote cache hits 0 (0.00s CPU time), compiled 0 variants (0.00s CPU time), skipped 0 variants.
  Pass  (vp, vulkan) finished in 0.00 seconds. Local cache hits 3 (0.00s CPU time), remote cache hits 0 (0.00s CPU time), compiled 0 variants (0.00s CPU time), skipped 0 variants.
    Prepared data for serialisation in 0.00s
Serialized binary data for shader Aether/Sky in 0.00s
    gles3 (total internal programs: 3, unique: 1)
    vulkan (total internal programs: 3, unique: 1)
Compiling shader "Aether/StructureText"
  Pass "" (vp)
    Target graphics API: gles3
    Full variant space:         1
    After settings filtering:   1
    After built-in stripping:   3
    After scriptable stripping: 3
    Processed in 0.00 seconds
    Target graphics API: vulkan
    Full variant space:         1
    After settings filtering:   1
    After built-in stripping:   3
    After scriptable stripping: 3
    Processed in 0.00 seconds
  Pass  (vp, gles3) finished in 0.00 seconds. Local cache hits 3 (0.00s CPU time), remote cache hits 0 (0.00s CPU time), compiled 0 variants (0.00s CPU time), skipped 0 variants.
  Pass  (vp, vulkan) finished in 0.00 seconds. Local cache hits 3 (0.00s CPU time), remote cache hits 0 (0.00s CPU time), compiled 0 variants (0.00s CPU time), skipped 0 variants.
    Prepared data for serialisation in 0.00s
Serialized binary data for shader Aether/StructureText in 0.00s
    gles3 (total internal programs: 3, unique: 1)
    vulkan (total internal programs: 3, unique: 1)
Compiling shader "Aether/AirahSky"
  Pass "" (vp)
    Target graphics API: gles3
    Full variant space:         1
    After settings filtering:   1
    After built-in stripping:   3
    After scriptable stripping: 3
    Processed in 0.00 seconds
    Target graphics API: vulkan
    Full variant space:         1
    After settings filtering:   1
    After built-in stripping:   3
    After scriptable stripping: 3
    Processed in 0.00 seconds
  Pass  (vp, gles3) finished in 0.00 seconds. Local cache hits 3 (0.00s CPU time), remote cache hits 0 (0.00s CPU time), compiled 0 variants (0.00s CPU time), skipped 0 variants.
  Pass  (vp, vulkan) finished in 0.00 seconds. Local cache hits 3 (0.00s CPU time), remote cache hits 0 (0.00s CPU time), compiled 0 variants (0.00s CPU time), skipped 0 variants.
    Prepared data for serialisation in 0.00s
Serialized binary data for shader Aether/AirahSky in 0.00s
    gles3 (total internal programs: 3, unique: 1)
    vulkan (total internal programs: 3, unique: 1)
Compiling shader "Aether/Ice"
  Pass "" (vp)
    Target graphics API: gles3
    Full variant space:         1
    After settings filtering:   1
    After built-in stripping:   3
    After scriptable stripping: 3
    Processed in 0.00 seconds
    Target graphics API: vulkan
    Full variant space:         1
    After settings filtering:   1
    After built-in stripping:   3
    After scriptable stripping: 3
    Processed in 0.00 seconds
  Pass  (vp, gles3) finished in 0.00 seconds. Local cache hits 3 (0.00s CPU time), remote cache hits 0 (0.00s CPU time), compiled 0 variants (0.00s CPU time), skipped 0 variants.
  Pass  (vp, vulkan) finished in 0.00 seconds. Local cache hits 3 (0.00s CPU time), remote cache hits 0 (0.00s CPU time), compiled 0 variants (0.00s CPU time), skipped 0 variants.
    Prepared data for serialisation in 0.00s
Serialized binary data for shader Aether/Ice in 0.00s
    gles3 (total internal programs: 3, unique: 1)
    vulkan (total internal programs: 3, unique: 1)
Compiling shader "Aether/RushSky"
  Pass "" (vp)
    Target graphics API: gles3
    Full variant space:         1
    After settings filtering:   1
    After built-in stripping:   3
    After scriptable stripping: 3
    Processed in 0.00 seconds
    Target graphics API: vulkan
    Full variant space:         1
    After settings filtering:   1
    After built-in stripping:   3
    After scriptable stripping: 3
    Processed in 0.00 seconds
  Pass  (vp, gles3) finished in 0.00 seconds. Local cache hits 3 (0.00s CPU time), remote cache hits 0 (0.00s CPU time), compiled 0 variants (0.00s CPU time), skipped 0 variants.
  Pass  (vp, vulkan) finished in 0.00 seconds. Local cache hits 3 (0.00s CPU time), remote cache hits 0 (0.00s CPU time), compiled 0 variants (0.00s CPU time), skipped 0 variants.
    Prepared data for serialisation in 0.00s
Serialized binary data for shader Aether/RushSky in 0.00s
    gles3 (total internal programs: 3, unique: 1)
    vulkan (total internal programs: 3, unique: 1)
Compiling shader "Aether/StoreGlass"
  Pass "" (vp)
    Target graphics API: gles3
    Full variant space:         1
    After settings filtering:   1
    After built-in stripping:   3
    After scriptable stripping: 3
    Processed in 0.00 seconds
    Target graphics API: vulkan
    Full variant space:         1
    After settings filtering:   1
    After built-in stripping:   3
    After scriptable stripping: 3
    Processed in 0.00 seconds
  Pass  (vp, gles3) finished in 0.00 seconds. Local cache hits 3 (0.00s CPU time), remote cache hits 0 (0.00s CPU time), compiled 0 variants (0.00s CPU time), skipped 0 variants.
  Pass  (vp, vulkan) finished in 0.00 seconds. Local cache hits 3 (0.00s CPU time), remote cache hits 0 (0.00s CPU time), compiled 0 variants (0.00s CPU time), skipped 0 variants.
    Prepared data for serialisation in 0.00s
Serialized binary data for shader Aether/StoreGlass in 0.00s
    gles3 (total internal programs: 3, unique: 1)
    vulkan (total internal programs: 3, unique: 1)
Compiling shader "Aether/RushOcean"
  Pass "" (vp)
    Target graphics API: gles3
    Full variant space:         4
    After settings filtering:   4
    After built-in stripping:   3
    After scriptable stripping: 3
    Processed in 0.00 seconds
    Target graphics API: vulkan
    Full variant space:         4
    After settings filtering:   4
    After built-in stripping:   3
    After scriptable stripping: 3
    Processed in 0.00 seconds
  Pass  (vp, gles3) finished in 0.00 seconds. Local cache hits 3 (0.00s CPU time), remote cache hits 0 (0.00s CPU time), compiled 0 variants (0.00s CPU time), skipped 0 variants.
  Pass  (vp, vulkan) finished in 0.00 seconds. Local cache hits 3 (0.00s CPU time), remote cache hits 0 (0.00s CPU time), compiled 0 variants (0.00s CPU time), skipped 0 variants.
    Prepared data for serialisation in 0.00s
Serialized binary data for shader Aether/RushOcean in 0.00s
    gles3 (total internal programs: 3, unique: 1)
    vulkan (total internal programs: 3, unique: 1)
Compiling shader "Aether/LegacyToon"
  Pass "" (vp)
    Target graphics API: gles3
    Full variant space:         332
    After settings filtering:   332
    After built-in stripping:   24
    After scriptable stripping: 24
    Processed in 0.00 seconds
    Target graphics API: vulkan
    Full variant space:         332
    After settings filtering:   332
    After built-in stripping:   24
    After scriptable stripping: 24
    Processed in 0.00 seconds
  Pass "" (vp)
    Target graphics API: gles3
    Full variant space:         1
    After settings filtering:   1
    After built-in stripping:   3
    After scriptable stripping: 3
    Processed in 0.00 seconds
    Target graphics API: vulkan
    Full variant space:         1
    After settings filtering:   1
    After built-in stripping:   3
    After scriptable stripping: 3
    Processed in 0.00 seconds
  Pass  (vp, gles3) finished in 0.00 seconds. Local cache hits 24 (0.00s CPU time), remote cache hits 0 (0.00s CPU time), compiled 0 variants (0.00s CPU time), skipped 0 variants.
  Pass  (vp, vulkan) finished in 0.00 seconds. Local cache hits 24 (0.00s CPU time), remote cache hits 0 (0.00s CPU time), compiled 0 variants (0.00s CPU time), skipped 0 variants.
    Prepared data for serialisation in 0.00s
  Pass  (vp, gles3) finished in 0.00 seconds. Local cache hits 3 (0.00s CPU time), remote cache hits 0 (0.00s CPU time), compiled 0 variants (0.00s CPU time), skipped 0 variants.
  Pass  (vp, vulkan) finished in 0.00 seconds. Local cache hits 3 (0.00s CPU time), remote cache hits 0 (0.00s CPU time), compiled 0 variants (0.00s CPU time), skipped 0 variants.
    Prepared data for serialisation in 0.00s
Serialized binary data for shader Aether/LegacyToon in 0.00s
    gles3 (total internal programs: 27, unique: 9)
    vulkan (total internal programs: 27, unique: 9)
Compiling shader "Skybox/Procedural"
  Pass "" (vp)
    Target graphics API: gles3
    Full variant space:         3
    After settings filtering:   3
    After built-in stripping:   9
    After scriptable stripping: 9
    Processed in 0.00 seconds
    Target graphics API: vulkan
    Full variant space:         3
    After settings filtering:   3
    After built-in stripping:   9
    After scriptable stripping: 9
    Processed in 0.00 seconds
  Pass  (vp, gles3) finished in 0.00 seconds. Local cache hits 9 (0.00s CPU time), remote cache hits 0 (0.00s CPU time), compiled 0 variants (0.00s CPU time), skipped 0 variants.
  Pass  (vp, vulkan) finished in 0.00 seconds. Local cache hits 9 (0.00s CPU time), remote cache hits 0 (0.00s CPU time), compiled 0 variants (0.00s CPU time), skipped 0 variants.
    Prepared data for serialisation in 0.00s
Serialized binary data for shader Skybox/Procedural in 0.00s
    gles3 (total internal programs: 9, unique: 3)
    vulkan (total internal programs: 9, unique: 3)
Compiling shader "Legacy Shaders/VertexLit"
  Pass "" (vp)
    Target graphics API: gles3
    Full variant space:         12
    After settings filtering:   12
    After built-in stripping:   9
    After scriptable stripping: 9
    Processed in 0.00 seconds
    Target graphics API: vulkan
    Full variant space:         12
    After settings filtering:   12
    After built-in stripping:   9
    After scriptable stripping: 9
    Processed in 0.00 seconds
  Pass "" (vp)
    Target graphics API: gles3
    Full variant space:         4
    After settings filtering:   4
    After built-in stripping:   3
    After scriptable stripping: 3
    Processed in 0.00 seconds
    Target graphics API: vulkan
    Full variant space:         4
    After settings filtering:   4
    After built-in stripping:   3
    After scriptable stripping: 3
    Processed in 0.00 seconds
  Pass "ShadowCaster" (vp)
    Target graphics API: gles3
    Full variant space:         4
    After settings filtering:   4
    After built-in stripping:   12
    After scriptable stripping: 12
    Processed in 0.00 seconds
    Target graphics API: vulkan
    Full variant space:         4
    After settings filtering:   4
    After built-in stripping:   12
    After scriptable stripping: 12
    Processed in 0.00 seconds
  Pass  (vp, gles3) finished in 0.00 seconds. Local cache hits 9 (0.01s CPU time), remote cache hits 0 (0.00s CPU time), compiled 0 variants (0.00s CPU time), skipped 0 variants.
  Pass  (vp, vulkan) finished in 0.00 seconds. Local cache hits 9 (0.00s CPU time), remote cache hits 0 (0.00s CPU time), compiled 0 variants (0.00s CPU time), skipped 0 variants.
    Prepared data for serialisation in 0.00s
  Pass  (vp, gles3) finished in 0.00 seconds. Local cache hits 3 (0.00s CPU time), remote cache hits 0 (0.00s CPU time), compiled 0 variants (0.00s CPU time), skipped 0 variants.
  Pass  (vp, vulkan) finished in 0.00 seconds. Local cache hits 3 (0.00s CPU time), remote cache hits 0 (0.00s CPU time), compiled 0 variants (0.00s CPU time), skipped 0 variants.
    Prepared data for serialisation in 0.00s
  Pass ShadowCaster (vp, gles3) finished in 0.00 seconds. Local cache hits 12 (0.00s CPU time), remote cache hits 0 (0.00s CPU time), compiled 0 variants (0.00s CPU time), skipped 0 variants.
  Pass ShadowCaster (vp, vulkan) finished in 0.00 seconds. Local cache hits 12 (0.00s CPU time), remote cache hits 0 (0.00s CPU time), compiled 0 variants (0.00s CPU time), skipped 0 variants.
    Prepared data for serialisation in 0.00s
Serialized binary data for shader Legacy Shaders/VertexLit in 0.00s
    gles3 (total internal programs: 24, unique: 8)
    vulkan (total internal programs: 24, unique: 8)
Compiling shader "Legacy Shaders/Diffuse"
  Pass "FORWARD" (vp)
    Target graphics API: gles3
    Full variant space:         664
    After settings filtering:   664
    After built-in stripping:   48
    After scriptable stripping: 48
    Processed in 0.00 seconds
    Target graphics API: vulkan
    Full variant space:         664
    After settings filtering:   664
    After built-in stripping:   48
    After scriptable stripping: 48
    Processed in 0.01 seconds
  Pass "FORWARD" (vp)
    Target graphics API: gles3
    Full variant space:         20
    After settings filtering:   20
    After built-in stripping:   15
    After scriptable stripping: 15
    Processed in 0.00 seconds
    Target graphics API: vulkan
    Full variant space:         20
    After settings filtering:   20
    After built-in stripping:   15
    After scriptable stripping: 15
    Processed in 0.00 seconds
  Pass "DEFERRED" (vp)
    Target graphics API: gles3
    Full variant space:         76
    After settings filtering:   76
    After built-in stripping:   24
    After scriptable stripping: 24
    Processed in 0.00 seconds
    Target graphics API: vulkan
    Full variant space:         76
    After settings filtering:   76
    After built-in stripping:   24
    After scriptable stripping: 24
    Processed in 0.00 seconds
  Pass FORWARD (vp, gles3) finished in 0.01 seconds. Local cache hits 48 (0.01s CPU time), remote cache hits 0 (0.00s CPU time), compiled 0 variants (0.00s CPU time), skipped 0 variants.
  Pass FORWARD (vp, vulkan) finished in 0.01 seconds. Local cache hits 48 (0.01s CPU time), remote cache hits 0 (0.00s CPU time), compiled 0 variants (0.00s CPU time), skipped 0 variants.
    Prepared data for serialisation in 0.00s
  Pass FORWARD (vp, gles3) finished in 0.01 seconds. Local cache hits 15 (0.00s CPU time), remote cache hits 0 (0.00s CPU time), compiled 0 variants (0.00s CPU time), skipped 0 variants.
  Pass FORWARD (vp, vulkan) finished in 0.01 seconds. Local cache hits 15 (0.00s CPU time), remote cache hits 0 (0.00s CPU time), compiled 0 variants (0.00s CPU time), skipped 0 variants.
    Prepared data for serialisation in 0.00s
  Pass DEFERRED (vp, gles3) finished in 0.01 seconds. Local cache hits 24 (0.01s CPU time), remote cache hits 0 (0.00s CPU time), compiled 0 variants (0.00s CPU time), skipped 0 variants.
  Pass DEFERRED (vp, vulkan) finished in 0.00 seconds. Local cache hits 24 (0.00s CPU time), remote cache hits 0 (0.00s CPU time), compiled 0 variants (0.00s CPU time), skipped 0 variants.
    Prepared data for serialisation in 0.00s
Serialized binary data for shader Legacy Shaders/Diffuse in 0.00s
    gles3 (total internal programs: 87, unique: 29)
    vulkan (total internal programs: 87, unique: 29)
Compiling shader "Hidden/Internal-StencilWrite"
  Pass "" (vp)
    Target graphics API: gles3
    Full variant space:         1
    After settings filtering:   1
    After built-in stripping:   3
    After scriptable stripping: 3
    Processed in 0.00 seconds
    Target graphics API: vulkan
    Full variant space:         1
    After settings filtering:   1
    After built-in stripping:   3
    After scriptable stripping: 3
    Processed in 0.00 seconds
  Pass  (vp, gles3) finished in 0.00 seconds. Local cache hits 3 (0.00s CPU time), remote cache hits 0 (0.00s CPU time), compiled 0 variants (0.00s CPU time), skipped 0 variants.
  Pass  (vp, vulkan) finished in 0.00 seconds. Local cache hits 3 (0.00s CPU time), remote cache hits 0 (0.00s CPU time), compiled 0 variants (0.00s CPU time), skipped 0 variants.
    Prepared data for serialisation in 0.00s
Serialized binary data for shader Hidden/Internal-StencilWrite in 0.00s
    gles3 (total internal programs: 3, unique: 1)
    vulkan (total internal programs: 3, unique: 1)
Compiling shader "Standard"
  Pass "FORWARD" (vp)
    Target graphics API: gles3
    Full variant space:         664
    After settings filtering:   664
    After built-in stripping:   48
    After scriptable stripping: 48
    Processed in 0.00 seconds
    Target graphics API: vulkan
    Full variant space:         664
    After settings filtering:   664
    After built-in stripping:   48
    After scriptable stripping: 48
    Processed in 0.00 seconds
  Pass "FORWARD_DELTA" (vp)
    Target graphics API: gles3
    Full variant space:         188
    After settings filtering:   188
    After built-in stripping:   39
    After scriptable stripping: 39
    Processed in 0.00 seconds
    Target graphics API: vulkan
    Full variant space:         188
    After settings filtering:   188
    After built-in stripping:   39
    After scriptable stripping: 39
    Processed in 0.00 seconds
  Pass "ShadowCaster" (vp)
    Target graphics API: gles3
    Full variant space:         4
    After settings filtering:   4
    After built-in stripping:   12
    After scriptable stripping: 12
    Processed in 0.00 seconds
    Target graphics API: vulkan
    Full variant space:         4
    After settings filtering:   4
    After built-in stripping:   12
    After scriptable stripping: 12
    Processed in 0.00 seconds
  Pass "DEFERRED" (vp)
    Target graphics API: gles3
    Full variant space:         76
    After settings filtering:   76
    After built-in stripping:   24
    After scriptable stripping: 24
    Processed in 0.00 seconds
    Target graphics API: vulkan
    Full variant space:         76
    After settings filtering:   76
    After built-in stripping:   24
    After scriptable stripping: 24
    Processed in 0.00 seconds
  Pass "FORWARD" (vp)
    Target graphics API: gles3
    Full variant space:         208
    After settings filtering:   208
    After built-in stripping:   24
    After scriptable stripping: 24
    Processed in 0.00 seconds
    Target graphics API: vulkan
    Full variant space:         208
    After settings filtering:   208
    After built-in stripping:   24
    After scriptable stripping: 24
    Processed in 0.00 seconds
  Pass "FORWARD_DELTA" (vp)
    Target graphics API: gles3
    Full variant space:         140
    After settings filtering:   140
    After built-in stripping:   30
    After scriptable stripping: 30
    Processed in 0.00 seconds
    Target graphics API: vulkan
    Full variant space:         140
    After settings filtering:   140
    After built-in stripping:   30
    After scriptable stripping: 30
    Processed in 0.00 seconds
  Pass "ShadowCaster" (vp)
    Target graphics API: gles3
    Full variant space:         2
    After settings filtering:   2
    After built-in stripping:   6
    After scriptable stripping: 6
    Processed in 0.00 seconds
    Target graphics API: vulkan
    Full variant space:         2
    After settings filtering:   2
    After built-in stripping:   6
    After scriptable stripping: 6
    Processed in 0.00 seconds
  Pass FORWARD (vp, gles3) finished in 0.02 seconds. Local cache hits 48 (0.01s CPU time), remote cache hits 0 (0.00s CPU time), compiled 0 variants (0.00s CPU time), skipped 0 variants.
  Pass FORWARD (vp, vulkan) finished in 0.02 seconds. Local cache hits 48 (0.04s CPU time), remote cache hits 0 (0.00s CPU time), compiled 0 variants (0.00s CPU time), skipped 0 variants.
    Prepared data for serialisation in 0.00s
  Pass FORWARD_DELTA (vp, gles3) finished in 0.02 seconds. Local cache hits 39 (0.00s CPU time), remote cache hits 0 (0.00s CPU time), compiled 0 variants (0.00s CPU time), skipped 0 variants.
  Pass FORWARD_DELTA (vp, vulkan) finished in 0.02 seconds. Local cache hits 39 (0.01s CPU time), remote cache hits 0 (0.00s CPU time), compiled 0 variants (0.00s CPU time), skipped 0 variants.
    Prepared data for serialisation in 0.00s
  Pass ShadowCaster (vp, gles3) finished in 0.02 seconds. Local cache hits 12 (0.00s CPU time), remote cache hits 0 (0.00s CPU time), compiled 0 variants (0.00s CPU time), skipped 0 variants.
  Pass ShadowCaster (vp, vulkan) finished in 0.02 seconds. Local cache hits 12 (0.00s CPU time), remote cache hits 0 (0.00s CPU time), compiled 0 variants (0.00s CPU time), skipped 0 variants.
    Prepared data for serialisation in 0.00s
  Pass DEFERRED (vp, gles3) finished in 0.01 seconds. Local cache hits 24 (0.00s CPU time), remote cache hits 0 (0.00s CPU time), compiled 0 variants (0.00s CPU time), skipped 0 variants.
  Pass DEFERRED (vp, vulkan) finished in 0.01 seconds. Local cache hits 24 (0.00s CPU time), remote cache hits 0 (0.00s CPU time), compiled 0 variants (0.00s CPU time), skipped 0 variants.
    Prepared data for serialisation in 0.00s
  Pass FORWARD (vp, gles3) finished in 0.01 seconds. Local cache hits 24 (0.00s CPU time), remote cache hits 0 (0.00s CPU time), compiled 0 variants (0.00s CPU time), skipped 0 variants.
  Pass FORWARD (vp, vulkan) finished in 0.01 seconds. Local cache hits 24 (0.01s CPU time), remote cache hits 0 (0.00s CPU time), compiled 0 variants (0.00s CPU time), skipped 0 variants.
    Prepared data for serialisation in 0.00s
  Pass FORWARD_DELTA (vp, gles3) finished in 0.01 seconds. Local cache hits 30 (0.01s CPU time), remote cache hits 0 (0.00s CPU time), compiled 0 variants (0.00s CPU time), skipped 0 variants.
  Pass FORWARD_DELTA (vp, vulkan) finished in 0.01 seconds. Local cache hits 30 (0.00s CPU time), remote cache hits 0 (0.00s CPU time), compiled 0 variants (0.00s CPU time), skipped 0 variants.
    Prepared data for serialisation in 0.00s
  Pass ShadowCaster (vp, gles3) finished in 0.00 seconds. Local cache hits 6 (0.00s CPU time), remote cache hits 0 (0.00s CPU time), compiled 0 variants (0.00s CPU time), skipped 0 variants.
  Pass ShadowCaster (vp, vulkan) finished in 0.00 seconds. Local cache hits 6 (0.00s CPU time), remote cache hits 0 (0.00s CPU time), compiled 0 variants (0.00s CPU time), skipped 0 variants.
    Prepared data for serialisation in 0.00s
Serialized binary data for shader Standard in 0.00s
    gles3 (total internal programs: 183, unique: 82)
    vulkan (total internal programs: 183, unique: 82)
Compiling shader "Hidden/Internal-DepthNormalsTexture"
  Pass "" (vp)
    Target graphics API: gles3
    Full variant space:         1
    After settings filtering:   1
    After built-in stripping:   3
    After scriptable stripping: 3
    Processed in 0.00 seconds
    Target graphics API: vulkan
    Full variant space:         1
    After settings filtering:   1
    After built-in stripping:   3
    After scriptable stripping: 3
    Processed in 0.00 seconds
  Pass "" (vp)
    Target graphics API: gles3
    Full variant space:         1
    After settings filtering:   1
    After built-in stripping:   3
    After scriptable stripping: 3
    Processed in 0.00 seconds
    Target graphics API: vulkan
    Full variant space:         1
    After settings filtering:   1
    After built-in stripping:   3
    After scriptable stripping: 3
    Processed in 0.00 seconds
  Pass "" (vp)
    Target graphics API: gles3
    Full variant space:         1
    After settings filtering:   1
    After built-in stripping:   3
    After scriptable stripping: 3
    Processed in 0.00 seconds
    Target graphics API: vulkan
    Full variant space:         1
    After settings filtering:   1
    After built-in stripping:   3
    After scriptable stripping: 3
    Processed in 0.00 seconds
  Pass "" (vp)
    Target graphics API: gles3
    Full variant space:         1
    After settings filtering:   1
    After built-in stripping:   3
    After scriptable stripping: 3
    Processed in 0.00 seconds
    Target graphics API: vulkan
    Full variant space:         1
    After settings filtering:   1
    After built-in stripping:   3
    After scriptable stripping: 3
    Processed in 0.00 seconds
  Pass "" (vp)
    Target graphics API: gles3
    Full variant space:         1
    After settings filtering:   1
    After built-in stripping:   3
    After scriptable stripping: 3
    Processed in 0.00 seconds
    Target graphics API: vulkan
    Full variant space:         1
    After settings filtering:   1
    After built-in stripping:   3
    After scriptable stripping: 3
    Processed in 0.00 seconds
  Pass "" (vp)
    Target graphics API: gles3
    Full variant space:         1
    After settings filtering:   1
    After built-in stripping:   3
    After scriptable stripping: 3
    Processed in 0.00 seconds
    Target graphics API: vulkan
    Full variant space:         1
    After settings filtering:   1
    After built-in stripping:   3
    After scriptable stripping: 3
    Processed in 0.00 seconds
  Pass "" (vp)
    Target graphics API: gles3
    Full variant space:         1
    After settings filtering:   1
    After built-in stripping:   3
    After scriptable stripping: 3
    Processed in 0.00 seconds
    Target graphics API: vulkan
    Full variant space:         1
    After settings filtering:   1
    After built-in stripping:   3
    After scriptable stripping: 3
    Processed in 0.00 seconds
  Pass "" (vp)
    Target graphics API: gles3
    Full variant space:         1
    After settings filtering:   1
    After built-in stripping:   3
    After scriptable stripping: 3
    Processed in 0.00 seconds
    Target graphics API: vulkan
    Full variant space:         1
    After settings filtering:   1
    After built-in stripping:   3
    After scriptable stripping: 3
    Processed in 0.00 seconds
  Pass "" (vp)
    Target graphics API: gles3
    Full variant space:         1
    After settings filtering:   1
    After built-in stripping:   3
    After scriptable stripping: 3
    Processed in 0.00 seconds
    Target graphics API: vulkan
    Full variant space:         1
    After settings filtering:   1
    After built-in stripping:   3
    After scriptable stripping: 3
    Processed in 0.00 seconds
  Pass "" (vp)
    Target graphics API: gles3
    Full variant space:         1
    After settings filtering:   1
    After built-in stripping:   3
    After scriptable stripping: 3
    Processed in 0.00 seconds
    Target graphics API: vulkan
    Full variant space:         1
    After settings filtering:   1
    After built-in stripping:   3
    After scriptable stripping: 3
    Processed in 0.00 seconds
  Pass  (vp, gles3) finished in 0.01 seconds. Local cache hits 3 (0.00s CPU time), remote cache hits 0 (0.00s CPU time), compiled 0 variants (0.00s CPU time), skipped 0 variants.
  Pass  (vp, vulkan) finished in 0.01 seconds. Local cache hits 3 (0.00s CPU time), remote cache hits 0 (0.00s CPU time), compiled 0 variants (0.00s CPU time), skipped 0 variants.
    Prepared data for serialisation in 0.00s
  Pass  (vp, gles3) finished in 0.01 seconds. Local cache hits 3 (0.00s CPU time), remote cache hits 0 (0.00s CPU time), compiled 0 variants (0.00s CPU time), skipped 0 variants.
  Pass  (vp, vulkan) finished in 0.00 seconds. Local cache hits 3 (0.00s CPU time), remote cache hits 0 (0.00s CPU time), compiled 0 variants (0.00s CPU time), skipped 0 variants.
    Prepared data for serialisation in 0.00s
  Pass  (vp, gles3) finished in 0.01 seconds. Local cache hits 3 (0.00s CPU time), remote cache hits 0 (0.00s CPU time), compiled 0 variants (0.00s CPU time), skipped 0 variants.
  Pass  (vp, vulkan) finished in 0.01 seconds. Local cache hits 3 (0.00s CPU time), remote cache hits 0 (0.00s CPU time), compiled 0 variants (0.00s CPU time), skipped 0 variants.
    Prepared data for serialisation in 0.00s
  Pass  (vp, gles3) finished in 0.01 seconds. Local cache hits 3 (0.00s CPU time), remote cache hits 0 (0.00s CPU time), compiled 0 variants (0.00s CPU time), skipped 0 variants.
  Pass  (vp, vulkan) finished in 0.01 seconds. Local cache hits 3 (0.00s CPU time), remote cache hits 0 (0.00s CPU time), compiled 0 variants (0.00s CPU time), skipped 0 variants.
    Prepared data for serialisation in 0.00s
  Pass  (vp, gles3) finished in 0.00 seconds. Local cache hits 3 (0.00s CPU time), remote cache hits 0 (0.00s CPU time), compiled 0 variants (0.00s CPU time), skipped 0 variants.
  Pass  (vp, vulkan) finished in 0.00 seconds. Local cache hits 3 (0.00s CPU time), remote cache hits 0 (0.00s CPU time), compiled 0 variants (0.00s CPU time), skipped 0 variants.
    Prepared data for serialisation in 0.00s
  Pass  (vp, gles3) finished in 0.00 seconds. Local cache hits 3 (0.00s CPU time), remote cache hits 0 (0.00s CPU time), compiled 0 variants (0.00s CPU time), skipped 0 variants.
  Pass  (vp, vulkan) finished in 0.00 seconds. Local cache hits 3 (0.00s CPU time), remote cache hits 0 (0.00s CPU time), compiled 0 variants (0.00s CPU time), skipped 0 variants.
    Prepared data for serialisation in 0.00s
  Pass  (vp, gles3) finished in 0.00 seconds. Local cache hits 3 (0.00s CPU time), remote cache hits 0 (0.00s CPU time), compiled 0 variants (0.00s CPU time), skipped 0 variants.
  Pass  (vp, vulkan) finished in 0.00 seconds. Local cache hits 3 (0.00s CPU time), remote cache hits 0 (0.00s CPU time), compiled 0 variants (0.00s CPU time), skipped 0 variants.
    Prepared data for serialisation in 0.00s
  Pass  (vp, gles3) finished in 0.00 seconds. Local cache hits 3 (0.00s CPU time), remote cache hits 0 (0.00s CPU time), compiled 0 variants (0.00s CPU time), skipped 0 variants.
  Pass  (vp, vulkan) finished in 0.00 seconds. Local cache hits 3 (0.00s CPU time), remote cache hits 0 (0.00s CPU time), compiled 0 variants (0.00s CPU time), skipped 0 variants.
    Prepared data for serialisation in 0.00s
  Pass  (vp, gles3) finished in 0.00 seconds. Local cache hits 3 (0.00s CPU time), remote cache hits 0 (0.00s CPU time), compiled 0 variants (0.00s CPU time), skipped 0 variants.
  Pass  (vp, vulkan) finished in 0.00 seconds. Local cache hits 3 (0.00s CPU time), remote cache hits 0 (0.00s CPU time), compiled 0 variants (0.00s CPU time), skipped 0 variants.
    Prepared data for serialisation in 0.00s
  Pass  (vp, gles3) finished in 0.00 seconds. Local cache hits 3 (0.00s CPU time), remote cache hits 0 (0.00s CPU time), compiled 0 variants (0.00s CPU time), skipped 0 variants.
  Pass  (vp, vulkan) finished in 0.00 seconds. Local cache hits 3 (0.00s CPU time), remote cache hits 0 (0.00s CPU time), compiled 0 variants (0.00s CPU time), skipped 0 variants.
    Prepared data for serialisation in 0.00s
Serialized binary data for shader Hidden/Internal-DepthNormalsTexture in 0.00s
    gles3 (total internal programs: 30, unique: 10)
    vulkan (total internal programs: 30, unique: 10)
Compiling shader "Hidden/Internal-ScreenSpaceShadows"
  Pass "" (vp)
    Target graphics API: gles3
    Full variant space:         4
    After settings filtering:   4
    After built-in stripping:   12
    After scriptable stripping: 12
    Processed in 0.00 seconds
    Target graphics API: vulkan
    Full variant space:         4
    After settings filtering:   4
    After built-in stripping:   12
    After scriptable stripping: 12
    Processed in 0.00 seconds
  Pass "" (vp)
    Target graphics API: gles3
    Full variant space:         4
    After settings filtering:   4
    After built-in stripping:   12
    After scriptable stripping: 12
    Processed in 0.00 seconds
    Target graphics API: vulkan
    Full variant space:         4
    After settings filtering:   4
    After built-in stripping:   12
    After scriptable stripping: 12
    Processed in 0.00 seconds
  Pass "" (vp)
    Target graphics API: gles3
    Full variant space:         4
    After settings filtering:   4
    After built-in stripping:   12
    After scriptable stripping: 12
    Processed in 0.00 seconds
    Target graphics API: vulkan
    Full variant space:         4
    After settings filtering:   4
    After built-in stripping:   12
    After scriptable stripping: 12
    Processed in 0.00 seconds
  Pass "" (vp)
    Target graphics API: gles3
    Full variant space:         4
    After settings filtering:   4
    After built-in stripping:   12
    After scriptable stripping: 12
    Processed in 0.00 seconds
    Target graphics API: vulkan
    Full variant space:         4
    After settings filtering:   4
    After built-in stripping:   12
    After scriptable stripping: 12
    Processed in 0.00 seconds
  Pass  (vp, gles3) finished in 0.01 seconds. Local cache hits 12 (0.00s CPU time), remote cache hits 0 (0.00s CPU time), compiled 0 variants (0.00s CPU time), skipped 0 variants.
  Pass  (vp, vulkan) finished in 0.01 seconds. Local cache hits 12 (0.00s CPU time), remote cache hits 0 (0.00s CPU time), compiled 0 variants (0.00s CPU time), skipped 0 variants.
    Prepared data for serialisation in 0.00s
  Pass  (vp, gles3) finished in 0.01 seconds. Local cache hits 12 (0.00s CPU time), remote cache hits 0 (0.00s CPU time), compiled 0 variants (0.00s CPU time), skipped 0 variants.
  Pass  (vp, vulkan) finished in 0.00 seconds. Local cache hits 12 (0.00s CPU time), remote cache hits 0 (0.00s CPU time), compiled 0 variants (0.00s CPU time), skipped 0 variants.
    Prepared data for serialisation in 0.00s
  Pass  (vp, gles3) finished in 0.00 seconds. Local cache hits 12 (0.00s CPU time), remote cache hits 0 (0.00s CPU time), compiled 0 variants (0.00s CPU time), skipped 0 variants.
  Pass  (vp, vulkan) finished in 0.00 seconds. Local cache hits 12 (0.00s CPU time), remote cache hits 0 (0.00s CPU time), compiled 0 variants (0.00s CPU time), skipped 0 variants.
    Prepared data for serialisation in 0.00s
  Pass  (vp, gles3) finished in 0.00 seconds. Local cache hits 12 (0.00s CPU time), remote cache hits 0 (0.00s CPU time), compiled 0 variants (0.00s CPU time), skipped 0 variants.
  Pass  (vp, vulkan) finished in 0.00 seconds. Local cache hits 12 (0.00s CPU time), remote cache hits 0 (0.00s CPU time), compiled 0 variants (0.00s CPU time), skipped 0 variants.
    Prepared data for serialisation in 0.00s
Serialized binary data for shader Hidden/Internal-ScreenSpaceShadows in 0.00s
    gles3 (total internal programs: 48, unique: 16)
    vulkan (total internal programs: 48, unique: 16)
Compiling shader "Hidden/Internal-CombineDepthNormals"
  Pass "" (vp)
    Target graphics API: gles3
    Full variant space:         1
    After settings filtering:   1
    After built-in stripping:   3
    After scriptable stripping: 3
    Processed in 0.00 seconds
    Target graphics API: vulkan
    Full variant space:         1
    After settings filtering:   1
    After built-in stripping:   3
    After scriptable stripping: 3
    Processed in 0.00 seconds
  Pass  (vp, gles3) finished in 0.00 seconds. Local cache hits 3 (0.00s CPU time), remote cache hits 0 (0.00s CPU time), compiled 0 variants (0.00s CPU time), skipped 0 variants.
  Pass  (vp, vulkan) finished in 0.00 seconds. Local cache hits 3 (0.00s CPU time), remote cache hits 0 (0.00s CPU time), compiled 0 variants (0.00s CPU time), skipped 0 variants.
    Prepared data for serialisation in 0.00s
Serialized binary data for shader Hidden/Internal-CombineDepthNormals in 0.00s
    gles3 (total internal programs: 3, unique: 1)
    vulkan (total internal programs: 3, unique: 1)
Compiling shader "Hidden/BlitCopy"
  Pass "" (vp)
    Target graphics API: gles3
    Full variant space:         1
    After settings filtering:   1
    After built-in stripping:   3
    After scriptable stripping: 3
    Processed in 0.00 seconds
    Target graphics API: vulkan
    Full variant space:         1
    After settings filtering:   1
    After built-in stripping:   3
    After scriptable stripping: 3
    Processed in 0.00 seconds
  Pass  (vp, gles3) finished in 0.00 seconds. Local cache hits 3 (0.00s CPU time), remote cache hits 0 (0.00s CPU time), compiled 0 variants (0.00s CPU time), skipped 0 variants.
  Pass  (vp, vulkan) finished in 0.00 seconds. Local cache hits 3 (0.00s CPU time), remote cache hits 0 (0.00s CPU time), compiled 0 variants (0.00s CPU time), skipped 0 variants.
    Prepared data for serialisation in 0.00s
Serialized binary data for shader Hidden/BlitCopy in 0.00s
    gles3 (total internal programs: 3, unique: 1)
    vulkan (total internal programs: 3, unique: 1)
Compiling shader "Hidden/BlitCopyDepth"
  Pass "" (vp)
    Target graphics API: gles3
    Full variant space:         1
    After settings filtering:   1
    After built-in stripping:   3
    After scriptable stripping: 3
    Processed in 0.00 seconds
    Target graphics API: vulkan
    Full variant space:         1
    After settings filtering:   1
    After built-in stripping:   3
    After scriptable stripping: 3
    Processed in 0.00 seconds
  Pass  (vp, gles3) finished in 0.00 seconds. Local cache hits 3 (0.00s CPU time), remote cache hits 0 (0.00s CPU time), compiled 0 variants (0.00s CPU time), skipped 0 variants.
  Pass  (vp, vulkan) finished in 0.00 seconds. Local cache hits 3 (0.00s CPU time), remote cache hits 0 (0.00s CPU time), compiled 0 variants (0.00s CPU time), skipped 0 variants.
    Prepared data for serialisation in 0.00s
Serialized binary data for shader Hidden/BlitCopyDepth in 0.00s
    gles3 (total internal programs: 3, unique: 1)
    vulkan (total internal programs: 3, unique: 1)
Compiling shader "Hidden/ConvertTexture"
  Pass "" (vp)
    Target graphics API: gles3
    Full variant space:         1
    After settings filtering:   1
    After built-in stripping:   3
    After scriptable stripping: 3
    Processed in 0.00 seconds
    Target graphics API: vulkan
    Full variant space:         1
    After settings filtering:   1
    After built-in stripping:   3
    After scriptable stripping: 3
    Processed in 0.00 seconds
  Pass  (vp, gles3) finished in 0.00 seconds. Local cache hits 3 (0.00s CPU time), remote cache hits 0 (0.00s CPU time), compiled 0 variants (0.00s CPU time), skipped 0 variants.
  Pass  (vp, vulkan) finished in 0.00 seconds. Local cache hits 3 (0.00s CPU time), remote cache hits 0 (0.00s CPU time), compiled 0 variants (0.00s CPU time), skipped 0 variants.
    Prepared data for serialisation in 0.00s
Serialized binary data for shader Hidden/ConvertTexture in 0.00s
    gles3 (total internal programs: 3, unique: 1)
    vulkan (total internal programs: 3, unique: 1)
Compiling shader "Hidden/Internal-DeferredShading"
  Pass "" (vp)
    Target graphics API: gles3
    Full variant space:         94
    After settings filtering:   94
    After built-in stripping:   78
    After scriptable stripping: 78
    Processed in 0.01 seconds
    Target graphics API: vulkan
    Full variant space:         94
    After settings filtering:   94
    After built-in stripping:   78
    After scriptable stripping: 78
    Processed in 0.00 seconds
  Pass "" (vp)
    Target graphics API: gles3
    Full variant space:         1
    After settings filtering:   1
    After built-in stripping:   3
    After scriptable stripping: 3
    Processed in 0.00 seconds
    Target graphics API: vulkan
    Full variant space:         1
    After settings filtering:   1
    After built-in stripping:   3
    After scriptable stripping: 3
    Processed in 0.00 seconds
  Pass  (vp, gles3) finished in 0.00 seconds. Local cache hits 78 (0.03s CPU time), remote cache hits 0 (0.00s CPU time), compiled 0 variants (0.00s CPU time), skipped 0 variants.
  Pass  (vp, vulkan) finished in 0.00 seconds. Local cache hits 78 (0.02s CPU time), remote cache hits 0 (0.00s CPU time), compiled 0 variants (0.00s CPU time), skipped 0 variants.
    Prepared data for serialisation in 0.00s
  Pass  (vp, gles3) finished in 0.00 seconds. Local cache hits 3 (0.00s CPU time), remote cache hits 0 (0.00s CPU time), compiled 0 variants (0.00s CPU time), skipped 0 variants.
  Pass  (vp, vulkan) finished in 0.00 seconds. Local cache hits 3 (0.00s CPU time), remote cache hits 0 (0.00s CPU time), compiled 0 variants (0.00s CPU time), skipped 0 variants.
    Prepared data for serialisation in 0.00s
Serialized binary data for shader Hidden/Internal-DeferredShading in 0.00s
    gles3 (total internal programs: 81, unique: 53)
    vulkan (total internal programs: 81, unique: 53)
Compiling shader "Hidden/Internal-DeferredReflections"
  Pass "" (vp)
    Target graphics API: gles3
    Full variant space:         1
    After settings filtering:   1
    After built-in stripping:   3
    After scriptable stripping: 3
    Processed in 0.00 seconds
    Target graphics API: vulkan
    Full variant space:         1
    After settings filtering:   1
    After built-in stripping:   3
    After scriptable stripping: 3
    Processed in 0.00 seconds
  Pass "" (vp)
    Target graphics API: gles3
    Full variant space:         2
    After settings filtering:   2
    After built-in stripping:   6
    After scriptable stripping: 6
    Processed in 0.00 seconds
    Target graphics API: vulkan
    Full variant space:         2
    After settings filtering:   2
    After built-in stripping:   6
    After scriptable stripping: 6
    Processed in 0.00 seconds
  Pass  (vp, gles3) finished in 0.00 seconds. Local cache hits 3 (0.00s CPU time), remote cache hits 0 (0.00s CPU time), compiled 0 variants (0.00s CPU time), skipped 0 variants.
  Pass  (vp, vulkan) finished in 0.00 seconds. Local cache hits 3 (0.00s CPU time), remote cache hits 0 (0.00s CPU time), compiled 0 variants (0.00s CPU time), skipped 0 variants.
    Prepared data for serialisation in 0.00s
  Pass  (vp, gles3) finished in 0.00 seconds. Local cache hits 6 (0.00s CPU time), remote cache hits 0 (0.00s CPU time), compiled 0 variants (0.00s CPU time), skipped 0 variants.
  Pass  (vp, vulkan) finished in 0.00 seconds. Local cache hits 6 (0.00s CPU time), remote cache hits 0 (0.00s CPU time), compiled 0 variants (0.00s CPU time), skipped 0 variants.
    Prepared data for serialisation in 0.00s
Serialized binary data for shader Hidden/Internal-DeferredReflections in 0.00s
    gles3 (total internal programs: 9, unique: 4)
    vulkan (total internal programs: 9, unique: 4)
Compiling shader "Hidden/Internal-MotionVectors"
  Pass "" (vp)
    Target graphics API: gles3
    Full variant space:         1
    After settings filtering:   1
    After built-in stripping:   3
    After scriptable stripping: 3
    Processed in 0.00 seconds
    Target graphics API: vulkan
    Full variant space:         1
    After settings filtering:   1
    After built-in stripping:   3
    After scriptable stripping: 3
    Processed in 0.00 seconds
  Pass "" (vp)
    Target graphics API: gles3
    Full variant space:         1
    After settings filtering:   1
    After built-in stripping:   3
    After scriptable stripping: 3
    Processed in 0.00 seconds
    Target graphics API: vulkan
    Full variant space:         1
    After settings filtering:   1
    After built-in stripping:   3
    After scriptable stripping: 3
    Processed in 0.00 seconds
  Pass "" (vp)
    Target graphics API: gles3
    Full variant space:         1
    After settings filtering:   1
    After built-in stripping:   3
    After scriptable stripping: 3
    Processed in 0.00 seconds
    Target graphics API: vulkan
    Full variant space:         1
    After settings filtering:   1
    After built-in stripping:   3
    After scriptable stripping: 3
    Processed in 0.00 seconds
  Pass  (vp, gles3) finished in 0.00 seconds. Local cache hits 3 (0.00s CPU time), remote cache hits 0 (0.00s CPU time), compiled 0 variants (0.00s CPU time), skipped 0 variants.
  Pass  (vp, vulkan) finished in 0.00 seconds. Local cache hits 3 (0.00s CPU time), remote cache hits 0 (0.00s CPU time), compiled 0 variants (0.00s CPU time), skipped 0 variants.
    Prepared data for serialisation in 0.00s
  Pass  (vp, gles3) finished in 0.00 seconds. Local cache hits 3 (0.00s CPU time), remote cache hits 0 (0.00s CPU time), compiled 0 variants (0.00s CPU time), skipped 0 variants.
  Pass  (vp, vulkan) finished in 0.00 seconds. Local cache hits 3 (0.00s CPU time), remote cache hits 0 (0.00s CPU time), compiled 0 variants (0.00s CPU time), skipped 0 variants.
    Prepared data for serialisation in 0.00s
  Pass  (vp, gles3) finished in 0.00 seconds. Local cache hits 3 (0.00s CPU time), remote cache hits 0 (0.00s CPU time), compiled 0 variants (0.00s CPU time), skipped 0 variants.
  Pass  (vp, vulkan) finished in 0.00 seconds. Local cache hits 3 (0.00s CPU time), remote cache hits 0 (0.00s CPU time), compiled 0 variants (0.00s CPU time), skipped 0 variants.
    Prepared data for serialisation in 0.00s
Serialized binary data for shader Hidden/Internal-MotionVectors in 0.00s
    gles3 (total internal programs: 9, unique: 3)
    vulkan (total internal programs: 9, unique: 3)
Compiling shader "Hidden/Internal-Flare"
  Pass "" (vp)
    Target graphics API: gles3
    Full variant space:         1
    After settings filtering:   1
    After built-in stripping:   3
    After scriptable stripping: 3
    Processed in 0.00 seconds
    Target graphics API: vulkan
    Full variant space:         1
    After settings filtering:   1
    After built-in stripping:   3
    After scriptable stripping: 3
    Processed in 0.00 seconds
  Pass  (vp, gles3) finished in 0.00 seconds. Local cache hits 3 (0.00s CPU time), remote cache hits 0 (0.00s CPU time), compiled 0 variants (0.00s CPU time), skipped 0 variants.
  Pass  (vp, vulkan) finished in 0.00 seconds. Local cache hits 3 (0.00s CPU time), remote cache hits 0 (0.00s CPU time), compiled 0 variants (0.00s CPU time), skipped 0 variants.
    Prepared data for serialisation in 0.00s
Serialized binary data for shader Hidden/Internal-Flare in 0.00s
    gles3 (total internal programs: 3, unique: 1)
    vulkan (total internal programs: 3, unique: 1)
Compiling shader "Hidden/Internal-Halo"
  Pass "" (vp)
    Target graphics API: gles3
    Full variant space:         4
    After settings filtering:   4
    After built-in stripping:   3
    After scriptable stripping: 3
    Processed in 0.00 seconds
    Target graphics API: vulkan
    Full variant space:         4
    After settings filtering:   4
    After built-in stripping:   3
    After scriptable stripping: 3
    Processed in 0.00 seconds
  Pass  (vp, gles3) finished in 0.00 seconds. Local cache hits 3 (0.00s CPU time), remote cache hits 0 (0.00s CPU time), compiled 0 variants (0.00s CPU time), skipped 0 variants.
  Pass  (vp, vulkan) finished in 0.00 seconds. Local cache hits 3 (0.00s CPU time), remote cache hits 0 (0.00s CPU time), compiled 0 variants (0.00s CPU time), skipped 0 variants.
    Prepared data for serialisation in 0.00s
Serialized binary data for shader Hidden/Internal-Halo in 0.00s
    gles3 (total internal programs: 3, unique: 1)
    vulkan (total internal programs: 3, unique: 1)
Compiling shader "Hidden/BlitCopyWithDepth"
  Pass "" (vp)
    Target graphics API: gles3
    Full variant space:         1
    After settings filtering:   1
    After built-in stripping:   3
    After scriptable stripping: 3
    Processed in 0.00 seconds
    Target graphics API: vulkan
    Full variant space:         1
    After settings filtering:   1
    After built-in stripping:   3
    After scriptable stripping: 3
    Processed in 0.00 seconds
  Pass  (vp, gles3) finished in 0.00 seconds. Local cache hits 3 (0.00s CPU time), remote cache hits 0 (0.00s CPU time), compiled 0 variants (0.00s CPU time), skipped 0 variants.
  Pass  (vp, vulkan) finished in 0.00 seconds. Local cache hits 3 (0.00s CPU time), remote cache hits 0 (0.00s CPU time), compiled 0 variants (0.00s CPU time), skipped 0 variants.
    Prepared data for serialisation in 0.00s
Serialized binary data for shader Hidden/BlitCopyWithDepth in 0.00s
    gles3 (total internal programs: 3, unique: 1)
    vulkan (total internal programs: 3, unique: 1)
Compiling shader "Hidden/BlitToDepth"
  Pass "" (vp)
    Target graphics API: gles3
    Full variant space:         1
    After settings filtering:   1
    After built-in stripping:   3
    After scriptable stripping: 3
    Processed in 0.00 seconds
    Target graphics API: vulkan
    Full variant space:         1
    After settings filtering:   1
    After built-in stripping:   3
    After scriptable stripping: 3
    Processed in 0.00 seconds
  Pass  (vp, gles3) finished in 0.00 seconds. Local cache hits 3 (0.00s CPU time), remote cache hits 0 (0.00s CPU time), compiled 0 variants (0.00s CPU time), skipped 0 variants.
  Pass  (vp, vulkan) finished in 0.00 seconds. Local cache hits 3 (0.00s CPU time), remote cache hits 0 (0.00s CPU time), compiled 0 variants (0.00s CPU time), skipped 0 variants.
    Prepared data for serialisation in 0.00s
Serialized binary data for shader Hidden/BlitToDepth in 0.00s
    gles3 (total internal programs: 3, unique: 1)
    vulkan (total internal programs: 3, unique: 1)
Compiling shader "Hidden/BlitToDepth_MSAA"
  Pass "" (vp)
    Target graphics API: gles3
    Full variant space:         1
    After settings filtering:   1
    After built-in stripping:   3
    After scriptable stripping: 3
    Processed in 0.00 seconds
    Target graphics API: vulkan
    Full variant space:         1
    After settings filtering:   1
    After built-in stripping:   3
    After scriptable stripping: 3
    Processed in 0.00 seconds
  Pass  (vp, gles3) finished in 0.00 seconds. Local cache hits 3 (0.00s CPU time), remote cache hits 0 (0.00s CPU time), compiled 0 variants (0.00s CPU time), skipped 0 variants.
  Pass  (vp, vulkan) finished in 0.00 seconds. Local cache hits 3 (0.00s CPU time), remote cache hits 0 (0.00s CPU time), compiled 0 variants (0.00s CPU time), skipped 0 variants.
    Prepared data for serialisation in 0.00s
Serialized binary data for shader Hidden/BlitToDepth_MSAA in 0.00s
    gles3 (total internal programs: 3, unique: 1)
    vulkan (total internal programs: 3, unique: 1)
Compiling shader "Hidden/BlitCopyHDRTonemap"
  Pass "" (vp)
    Target graphics API: gles3
    Full variant space:         1
    After settings filtering:   1
    After built-in stripping:   3
    After scriptable stripping: 3
    Processed in 0.00 seconds
    Target graphics API: vulkan
    Full variant space:         1
    After settings filtering:   1
    After built-in stripping:   3
    After scriptable stripping: 3
    Processed in 0.00 seconds
  Pass  (vp, gles3) finished in 0.00 seconds. Local cache hits 3 (0.00s CPU time), remote cache hits 0 (0.00s CPU time), compiled 0 variants (0.00s CPU time), skipped 0 variants.
  Pass  (vp, vulkan) finished in 0.00 seconds. Local cache hits 3 (0.00s CPU time), remote cache hits 0 (0.00s CPU time), compiled 0 variants (0.00s CPU time), skipped 0 variants.
    Prepared data for serialisation in 0.00s
Serialized binary data for shader Hidden/BlitCopyHDRTonemap in 0.00s
    gles3 (total internal programs: 3, unique: 1)
    vulkan (total internal programs: 3, unique: 1)
Compiling shader "Hidden/Internal-DebugPattern"
  Pass "Target Color and DepthStencil" (vp)
    Target graphics API: gles3
    Full variant space:         1
    After settings filtering:   1
    After built-in stripping:   3
    After scriptable stripping: 3
    Processed in 0.00 seconds
    Target graphics API: vulkan
    Full variant space:         1
    After settings filtering:   1
    After built-in stripping:   3
    After scriptable stripping: 3
    Processed in 0.00 seconds
  Pass "Target only Color" (vp)
    Target graphics API: gles3
    Full variant space:         1
    After settings filtering:   1
    After built-in stripping:   3
    After scriptable stripping: 3
    Processed in 0.00 seconds
    Target graphics API: vulkan
    Full variant space:         1
    After settings filtering:   1
    After built-in stripping:   3
    After scriptable stripping: 3
    Processed in 0.00 seconds
  Pass "Target only DepthStencil" (vp)
    Target graphics API: gles3
    Full variant space:         1
    After settings filtering:   1
    After built-in stripping:   3
    After scriptable stripping: 3
    Processed in 0.00 seconds
    Target graphics API: vulkan
    Full variant space:         1
    After settings filtering:   1
    After built-in stripping:   3
    After scriptable stripping: 3
    Processed in 0.00 seconds
  Pass Target Color and DepthStencil (vp, gles3) finished in 0.00 seconds. Local cache hits 3 (0.00s CPU time), remote cache hits 0 (0.00s CPU time), compiled 0 variants (0.00s CPU time), skipped 0 variants.
  Pass Target Color and DepthStencil (vp, vulkan) finished in 0.00 seconds. Local cache hits 3 (0.00s CPU time), remote cache hits 0 (0.00s CPU time), compiled 0 variants (0.00s CPU time), skipped 0 variants.
    Prepared data for serialisation in 0.00s
  Pass Target only Color (vp, gles3) finished in 0.00 seconds. Local cache hits 3 (0.00s CPU time), remote cache hits 0 (0.00s CPU time), compiled 0 variants (0.00s CPU time), skipped 0 variants.
  Pass Target only Color (vp, vulkan) finished in 0.00 seconds. Local cache hits 3 (0.00s CPU time), remote cache hits 0 (0.00s CPU time), compiled 0 variants (0.00s CPU time), skipped 0 variants.
    Prepared data for serialisation in 0.00s
  Pass Target only DepthStencil (vp, gles3) finished in 0.00 seconds. Local cache hits 3 (0.00s CPU time), remote cache hits 0 (0.00s CPU time), compiled 0 variants (0.00s CPU time), skipped 0 variants.
  Pass Target only DepthStencil (vp, vulkan) finished in 0.00 seconds. Local cache hits 3 (0.00s CPU time), remote cache hits 0 (0.00s CPU time), compiled 0 variants (0.00s CPU time), skipped 0 variants.
    Prepared data for serialisation in 0.00s
Serialized binary data for shader Hidden/Internal-DebugPattern in 0.00s
    gles3 (total internal programs: 9, unique: 3)
    vulkan (total internal programs: 9, unique: 3)
Compiling shader "Particles/Standard Unlit"
  Pass "ShadowCaster" (vp)
    Target graphics API: gles3
    Full variant space:         6
    After settings filtering:   6
    After built-in stripping:   18
    After scriptable stripping: 18
    Processed in 0.00 seconds
    Target graphics API: vulkan
    Full variant space:         6
    After settings filtering:   6
    After built-in stripping:   18
    After scriptable stripping: 18
    Processed in 0.00 seconds
  Pass "" (vp)
    Target graphics API: gles3
    Full variant space:         24
    After settings filtering:   24
    After built-in stripping:   18
    After scriptable stripping: 18
    Processed in 0.00 seconds
    Target graphics API: vulkan
    Full variant space:         24
    After settings filtering:   24
    After built-in stripping:   18
    After scriptable stripping: 18
    Processed in 0.00 seconds
  Pass ShadowCaster (vp, gles3) finished in 0.00 seconds. Local cache hits 18 (0.01s CPU time), remote cache hits 0 (0.00s CPU time), compiled 0 variants (0.00s CPU time), skipped 0 variants.
  Pass ShadowCaster (vp, vulkan) finished in 0.00 seconds. Local cache hits 18 (0.00s CPU time), remote cache hits 0 (0.00s CPU time), compiled 0 variants (0.00s CPU time), skipped 0 variants.
    Prepared data for serialisation in 0.00s
  Pass  (vp, gles3) finished in 0.00 seconds. Local cache hits 18 (0.00s CPU time), remote cache hits 0 (0.00s CPU time), compiled 0 variants (0.00s CPU time), skipped 0 variants.
  Pass  (vp, vulkan) finished in 0.00 seconds. Local cache hits 18 (0.00s CPU time), remote cache hits 0 (0.00s CPU time), compiled 0 variants (0.00s CPU time), skipped 0 variants.
    Prepared data for serialisation in 0.00s
Serialized binary data for shader Particles/Standard Unlit in 0.00s
    gles3 (total internal programs: 36, unique: 12)
    vulkan (total internal programs: 36, unique: 12)
Compiling shader "Hidden/Internal-GUITextureClip"
  Pass "" (vp)
    Target graphics API: gles3
    Full variant space:         1
    After settings filtering:   1
    After built-in stripping:   3
    After scriptable stripping: 3
    Processed in 0.00 seconds
    Target graphics API: vulkan
    Full variant space:         1
    After settings filtering:   1
    After built-in stripping:   3
    After scriptable stripping: 3
    Processed in 0.00 seconds
  Pass "" (vp)
    Target graphics API: gles3
    Full variant space:         1
    After settings filtering:   1
    After built-in stripping:   3
    After scriptable stripping: 3
    Processed in 0.00 seconds
    Target graphics API: vulkan
    Full variant space:         1
    After settings filtering:   1
    After built-in stripping:   3
    After scriptable stripping: 3
    Processed in 0.00 seconds
  Pass  (vp, gles3) finished in 0.00 seconds. Local cache hits 3 (0.00s CPU time), remote cache hits 0 (0.00s CPU time), compiled 0 variants (0.00s CPU time), skipped 0 variants.
  Pass  (vp, vulkan) finished in 0.00 seconds. Local cache hits 3 (0.00s CPU time), remote cache hits 0 (0.00s CPU time), compiled 0 variants (0.00s CPU time), skipped 0 variants.
    Prepared data for serialisation in 0.00s
  Pass  (vp, gles3) finished in 0.00 seconds. Local cache hits 3 (0.00s CPU time), remote cache hits 0 (0.00s CPU time), compiled 0 variants (0.00s CPU time), skipped 0 variants.
  Pass  (vp, vulkan) finished in 0.00 seconds. Local cache hits 3 (0.00s CPU time), remote cache hits 0 (0.00s CPU time), compiled 0 variants (0.00s CPU time), skipped 0 variants.
    Prepared data for serialisation in 0.00s
Serialized binary data for shader Hidden/Internal-GUITextureClip in 0.00s
    gles3 (total internal programs: 6, unique: 1)
    vulkan (total internal programs: 6, unique: 1)
Compiling shader "Hidden/Internal-GUITextureClipText"
  Pass "" (vp)
    Target graphics API: gles3
    Full variant space:         1
    After settings filtering:   1
    After built-in stripping:   3
    After scriptable stripping: 3
    Processed in 0.00 seconds
    Target graphics API: vulkan
    Full variant space:         1
    After settings filtering:   1
    After built-in stripping:   3
    After scriptable stripping: 3
    Processed in 0.00 seconds
  Pass "" (vp)
    Target graphics API: gles3
    Full variant space:         1
    After settings filtering:   1
    After built-in stripping:   3
    After scriptable stripping: 3
    Processed in 0.00 seconds
    Target graphics API: vulkan
    Full variant space:         1
    After settings filtering:   1
    After built-in stripping:   3
    After scriptable stripping: 3
    Processed in 0.00 seconds
  Pass  (vp, gles3) finished in 0.00 seconds. Local cache hits 3 (0.00s CPU time), remote cache hits 0 (0.00s CPU time), compiled 0 variants (0.00s CPU time), skipped 0 variants.
  Pass  (vp, vulkan) finished in 0.00 seconds. Local cache hits 3 (0.00s CPU time), remote cache hits 0 (0.00s CPU time), compiled 0 variants (0.00s CPU time), skipped 0 variants.
    Prepared data for serialisation in 0.00s
  Pass  (vp, gles3) finished in 0.00 seconds. Local cache hits 3 (0.00s CPU time), remote cache hits 0 (0.00s CPU time), compiled 0 variants (0.00s CPU time), skipped 0 variants.
  Pass  (vp, vulkan) finished in 0.00 seconds. Local cache hits 3 (0.00s CPU time), remote cache hits 0 (0.00s CPU time), compiled 0 variants (0.00s CPU time), skipped 0 variants.
    Prepared data for serialisation in 0.00s
Serialized binary data for shader Hidden/Internal-GUITextureClipText in 0.00s
    gles3 (total internal programs: 6, unique: 1)
    vulkan (total internal programs: 6, unique: 1)
Compiling shader "Hidden/Internal-GUITexture"
  Pass "" (vp)
    Target graphics API: gles3
    Full variant space:         1
    After settings filtering:   1
    After built-in stripping:   3
    After scriptable stripping: 3
    Processed in 0.00 seconds
    Target graphics API: vulkan
    Full variant space:         1
    After settings filtering:   1
    After built-in stripping:   3
    After scriptable stripping: 3
    Processed in 0.00 seconds
  Pass "" (vp)
    Target graphics API: gles3
    Full variant space:         1
    After settings filtering:   1
    After built-in stripping:   3
    After scriptable stripping: 3
    Processed in 0.00 seconds
    Target graphics API: vulkan
    Full variant space:         1
    After settings filtering:   1
    After built-in stripping:   3
    After scriptable stripping: 3
    Processed in 0.00 seconds
  Pass  (vp, gles3) finished in 0.00 seconds. Local cache hits 3 (0.00s CPU time), remote cache hits 0 (0.00s CPU time), compiled 0 variants (0.00s CPU time), skipped 0 variants.
  Pass  (vp, vulkan) finished in 0.00 seconds. Local cache hits 3 (0.00s CPU time), remote cache hits 0 (0.00s CPU time), compiled 0 variants (0.00s CPU time), skipped 0 variants.
    Prepared data for serialisation in 0.00s
  Pass  (vp, gles3) finished in 0.00 seconds. Local cache hits 3 (0.00s CPU time), remote cache hits 0 (0.00s CPU time), compiled 0 variants (0.00s CPU time), skipped 0 variants.
  Pass  (vp, vulkan) finished in 0.00 seconds. Local cache hits 3 (0.00s CPU time), remote cache hits 0 (0.00s CPU time), compiled 0 variants (0.00s CPU time), skipped 0 variants.
    Prepared data for serialisation in 0.00s
Serialized binary data for shader Hidden/Internal-GUITexture in 0.00s
    gles3 (total internal programs: 6, unique: 1)
    vulkan (total internal programs: 6, unique: 1)
Compiling shader "Hidden/Internal-GUITextureBlit"
  Pass "" (vp)
    Target graphics API: gles3
    Full variant space:         1
    After settings filtering:   1
    After built-in stripping:   3
    After scriptable stripping: 3
    Processed in 0.00 seconds
    Target graphics API: vulkan
    Full variant space:         1
    After settings filtering:   1
    After built-in stripping:   3
    After scriptable stripping: 3
    Processed in 0.00 seconds
  Pass "" (vp)
    Target graphics API: gles3
    Full variant space:         1
    After settings filtering:   1
    After built-in stripping:   3
    After scriptable stripping: 3
    Processed in 0.00 seconds
    Target graphics API: vulkan
    Full variant space:         1
    After settings filtering:   1
    After built-in stripping:   3
    After scriptable stripping: 3
    Processed in 0.00 seconds
  Pass  (vp, gles3) finished in 0.00 seconds. Local cache hits 3 (0.00s CPU time), remote cache hits 0 (0.00s CPU time), compiled 0 variants (0.00s CPU time), skipped 0 variants.
  Pass  (vp, vulkan) finished in 0.00 seconds. Local cache hits 3 (0.00s CPU time), remote cache hits 0 (0.00s CPU time), compiled 0 variants (0.00s CPU time), skipped 0 variants.
    Prepared data for serialisation in 0.00s
  Pass  (vp, gles3) finished in 0.00 seconds. Local cache hits 3 (0.00s CPU time), remote cache hits 0 (0.00s CPU time), compiled 0 variants (0.00s CPU time), skipped 0 variants.
  Pass  (vp, vulkan) finished in 0.00 seconds. Local cache hits 3 (0.00s CPU time), remote cache hits 0 (0.00s CPU time), compiled 0 variants (0.00s CPU time), skipped 0 variants.
    Prepared data for serialisation in 0.00s
Serialized binary data for shader Hidden/Internal-GUITextureBlit in 0.00s
    gles3 (total internal programs: 6, unique: 1)
    vulkan (total internal programs: 6, unique: 1)
Compiling shader "Hidden/Internal-GUIRoundedRect"
  Pass "" (vp)
    Target graphics API: gles3
    Full variant space:         1
    After settings filtering:   1
    After built-in stripping:   3
    After scriptable stripping: 3
    Processed in 0.00 seconds
    Target graphics API: vulkan
    Full variant space:         1
    After settings filtering:   1
    After built-in stripping:   3
    After scriptable stripping: 3
    Processed in 0.00 seconds
  Pass "" (vp)
    Target graphics API: gles3
    Full variant space:         1
    After settings filtering:   1
    After built-in stripping:   3
    After scriptable stripping: 3
    Processed in 0.00 seconds
    Target graphics API: vulkan
    Full variant space:         1
    After settings filtering:   1
    After built-in stripping:   3
    After scriptable stripping: 3
    Processed in 0.00 seconds
  Pass  (vp, gles3) finished in 0.00 seconds. Local cache hits 3 (0.00s CPU time), remote cache hits 0 (0.00s CPU time), compiled 0 variants (0.00s CPU time), skipped 0 variants.
  Pass  (vp, vulkan) finished in 0.00 seconds. Local cache hits 3 (0.00s CPU time), remote cache hits 0 (0.00s CPU time), compiled 0 variants (0.00s CPU time), skipped 0 variants.
    Prepared data for serialisation in 0.00s
  Pass  (vp, gles3) finished in 0.00 seconds. Local cache hits 3 (0.00s CPU time), remote cache hits 0 (0.00s CPU time), compiled 0 variants (0.00s CPU time), skipped 0 variants.
  Pass  (vp, vulkan) finished in 0.00 seconds. Local cache hits 3 (0.00s CPU time), remote cache hits 0 (0.00s CPU time), compiled 0 variants (0.00s CPU time), skipped 0 variants.
    Prepared data for serialisation in 0.00s
Serialized binary data for shader Hidden/Internal-GUIRoundedRect in 0.00s
    gles3 (total internal programs: 6, unique: 1)
    vulkan (total internal programs: 6, unique: 1)
Compiling shader "Hidden/Internal-GUIRoundedRectWithColorPerBorder"
  Pass "" (vp)
    Target graphics API: gles3
    Full variant space:         1
    After settings filtering:   1
    After built-in stripping:   3
    After scriptable stripping: 3
    Processed in 0.00 seconds
    Target graphics API: vulkan
    Full variant space:         1
    After settings filtering:   1
    After built-in stripping:   3
    After scriptable stripping: 3
    Processed in 0.00 seconds
  Pass "" (vp)
    Target graphics API: gles3
    Full variant space:         1
    After settings filtering:   1
    After built-in stripping:   3
    After scriptable stripping: 3
    Processed in 0.00 seconds
    Target graphics API: vulkan
    Full variant space:         1
    After settings filtering:   1
    After built-in stripping:   3
    After scriptable stripping: 3
    Processed in 0.00 seconds
  Pass  (vp, gles3) finished in 0.00 seconds. Local cache hits 3 (0.00s CPU time), remote cache hits 0 (0.00s CPU time), compiled 0 variants (0.00s CPU time), skipped 0 variants.
  Pass  (vp, vulkan) finished in 0.00 seconds. Local cache hits 3 (0.00s CPU time), remote cache hits 0 (0.00s CPU time), compiled 0 variants (0.00s CPU time), skipped 0 variants.
    Prepared data for serialisation in 0.00s
  Pass  (vp, gles3) finished in 0.00 seconds. Local cache hits 3 (0.00s CPU time), remote cache hits 0 (0.00s CPU time), compiled 0 variants (0.00s CPU time), skipped 0 variants.
  Pass  (vp, vulkan) finished in 0.00 seconds. Local cache hits 3 (0.00s CPU time), remote cache hits 0 (0.00s CPU time), compiled 0 variants (0.00s CPU time), skipped 0 variants.
    Prepared data for serialisation in 0.00s
Serialized binary data for shader Hidden/Internal-GUIRoundedRectWithColorPerBorder in 0.00s
    gles3 (total internal programs: 6, unique: 1)
    vulkan (total internal programs: 6, unique: 1)
Compiling shader "Hidden/Internal-UIRDefault"
  Pass "" (vp)
    Target graphics API: gles3
    Full variant space:         40
    After settings filtering:   40
    After built-in stripping:   120
    After scriptable stripping: 120
    Processed in 0.01 seconds
    Target graphics API: vulkan
    Full variant space:         40
    After settings filtering:   40
    After built-in stripping:   120
    After scriptable stripping: 120
    Processed in 0.01 seconds
  Pass  (vp, gles3) finished in 0.01 seconds. Local cache hits 120 (0.03s CPU time), remote cache hits 0 (0.00s CPU time), compiled 0 variants (0.00s CPU time), skipped 0 variants.
  Pass  (vp, vulkan) finished in 0.00 seconds. Local cache hits 120 (0.02s CPU time), remote cache hits 0 (0.00s CPU time), compiled 0 variants (0.00s CPU time), skipped 0 variants.
    Prepared data for serialisation in 0.00s
Serialized binary data for shader Hidden/Internal-UIRDefault in 0.00s
    gles3 (total internal programs: 120, unique: 40)
    vulkan (total internal programs: 120, unique: 40)
Compiling shader "Hidden/Internal-UIRAtlasBlitCopy"
  Pass "" (vp)
    Target graphics API: gles3
    Full variant space:         1
    After settings filtering:   1
    After built-in stripping:   3
    After scriptable stripping: 3
    Processed in 0.00 seconds
    Target graphics API: vulkan
    Full variant space:         1
    After settings filtering:   1
    After built-in stripping:   3
    After scriptable stripping: 3
    Processed in 0.00 seconds
  Pass  (vp, gles3) finished in 0.00 seconds. Local cache hits 3 (0.00s CPU time), remote cache hits 0 (0.00s CPU time), compiled 0 variants (0.00s CPU time), skipped 0 variants.
  Pass  (vp, vulkan) finished in 0.00 seconds. Local cache hits 3 (0.00s CPU time), remote cache hits 0 (0.00s CPU time), compiled 0 variants (0.00s CPU time), skipped 0 variants.
    Prepared data for serialisation in 0.00s
Serialized binary data for shader Hidden/Internal-UIRAtlasBlitCopy in 0.00s
    gles3 (total internal programs: 3, unique: 1)
    vulkan (total internal programs: 3, unique: 1)
Compiling shader "Sprites/Default"
  Pass "" (vp)
    Target graphics API: gles3
    Full variant space:         8
    After settings filtering:   8
    After built-in stripping:   24
    After scriptable stripping: 24
    Processed in 0.00 seconds
    Target graphics API: vulkan
    Full variant space:         8
    After settings filtering:   8
    After built-in stripping:   24
    After scriptable stripping: 24
    Processed in 0.00 seconds
  Pass  (vp, gles3) finished in 0.00 seconds. Local cache hits 24 (0.00s CPU time), remote cache hits 0 (0.00s CPU time), compiled 0 variants (0.00s CPU time), skipped 0 variants.
  Pass  (vp, vulkan) finished in 0.00 seconds. Local cache hits 24 (0.01s CPU time), remote cache hits 0 (0.00s CPU time), compiled 0 variants (0.00s CPU time), skipped 0 variants.
    Prepared data for serialisation in 0.00s
Serialized binary data for shader Sprites/Default in 0.00s
    gles3 (total internal programs: 24, unique: 8)
    vulkan (total internal programs: 24, unique: 8)
Compiling shader "Sprites/Mask"
  Pass "" (vp)
    Target graphics API: gles3
    Full variant space:         4
    After settings filtering:   4
    After built-in stripping:   12
    After scriptable stripping: 12
    Processed in 0.00 seconds
    Target graphics API: vulkan
    Full variant space:         4
    After settings filtering:   4
    After built-in stripping:   12
    After scriptable stripping: 12
    Processed in 0.00 seconds
  Pass  (vp, gles3) finished in 0.00 seconds. Local cache hits 12 (0.00s CPU time), remote cache hits 0 (0.00s CPU time), compiled 0 variants (0.00s CPU time), skipped 0 variants.
  Pass  (vp, vulkan) finished in 0.00 seconds. Local cache hits 12 (0.00s CPU time), remote cache hits 0 (0.00s CPU time), compiled 0 variants (0.00s CPU time), skipped 0 variants.
    Prepared data for serialisation in 0.00s
Serialized binary data for shader Sprites/Mask in 0.00s
    gles3 (total internal programs: 12, unique: 4)
    vulkan (total internal programs: 12, unique: 4)
Compiling shader "UI/Default"
  Pass "Default" (vp)
    Target graphics API: gles3
    Full variant space:         4
    After settings filtering:   4
    After built-in stripping:   12
    After scriptable stripping: 12
    Processed in 0.00 seconds
    Target graphics API: vulkan
    Full variant space:         4
    After settings filtering:   4
    After built-in stripping:   12
    After scriptable stripping: 12
    Processed in 0.00 seconds
  Pass "XRMotionVectors" (vp)
    Target graphics API: gles3
    Full variant space:         4
    After settings filtering:   4
    After built-in stripping:   12
    After scriptable stripping: 12
    Processed in 0.00 seconds
    Target graphics API: vulkan
    Full variant space:         4
    After settings filtering:   4
    After built-in stripping:   12
    After scriptable stripping: 12
    Processed in 0.00 seconds
  Pass Default (vp, gles3) finished in 0.00 seconds. Local cache hits 12 (0.00s CPU time), remote cache hits 0 (0.00s CPU time), compiled 0 variants (0.00s CPU time), skipped 0 variants.
  Pass Default (vp, vulkan) finished in 0.00 seconds. Local cache hits 12 (0.00s CPU time), remote cache hits 0 (0.00s CPU time), compiled 0 variants (0.00s CPU time), skipped 0 variants.
    Prepared data for serialisation in 0.00s
  Pass XRMotionVectors (vp, gles3) finished in 0.00 seconds. Local cache hits 12 (0.00s CPU time), remote cache hits 0 (0.00s CPU time), compiled 0 variants (0.00s CPU time), skipped 0 variants.
  Pass XRMotionVectors (vp, vulkan) finished in 0.00 seconds. Local cache hits 12 (0.00s CPU time), remote cache hits 0 (0.00s CPU time), compiled 0 variants (0.00s CPU time), skipped 0 variants.
    Prepared data for serialisation in 0.00s
Serialized binary data for shader UI/Default in 0.00s
    gles3 (total internal programs: 24, unique: 8)
    vulkan (total internal programs: 24, unique: 8)
Compiling shader "UI/DefaultETC1"
  Pass "Default" (vp)
    Target graphics API: gles3
    Full variant space:         4
    After settings filtering:   4
    After built-in stripping:   12
    After scriptable stripping: 12
    Processed in 0.00 seconds
    Target graphics API: vulkan
    Full variant space:         4
    After settings filtering:   4
    After built-in stripping:   12
    After scriptable stripping: 12
    Processed in 0.00 seconds
  Pass "XRMotionVectors" (vp)
    Target graphics API: gles3
    Full variant space:         4
    After settings filtering:   4
    After built-in stripping:   12
    After scriptable stripping: 12
    Processed in 0.00 seconds
    Target graphics API: vulkan
    Full variant space:         4
    After settings filtering:   4
    After built-in stripping:   12
    After scriptable stripping: 12
    Processed in 0.00 seconds
  Pass Default (vp, gles3) finished in 0.00 seconds. Local cache hits 12 (0.00s CPU time), remote cache hits 0 (0.00s CPU time), compiled 0 variants (0.00s CPU time), skipped 0 variants.
  Pass Default (vp, vulkan) finished in 0.00 seconds. Local cache hits 12 (0.00s CPU time), remote cache hits 0 (0.00s CPU time), compiled 0 variants (0.00s CPU time), skipped 0 variants.
    Prepared data for serialisation in 0.00s
  Pass XRMotionVectors (vp, gles3) finished in 0.00 seconds. Local cache hits 12 (0.00s CPU time), remote cache hits 0 (0.00s CPU time), compiled 0 variants (0.00s CPU time), skipped 0 variants.
  Pass XRMotionVectors (vp, vulkan) finished in 0.00 seconds. Local cache hits 12 (0.00s CPU time), remote cache hits 0 (0.00s CPU time), compiled 0 variants (0.00s CPU time), skipped 0 variants.
    Prepared data for serialisation in 0.00s
Serialized binary data for shader UI/DefaultETC1 in 0.00s
    gles3 (total internal programs: 24, unique: 8)
    vulkan (total internal programs: 24, unique: 8)
Compiling shader "Hidden/CubeBlur"
  Pass "" (vp)
    Target graphics API: gles3
    Full variant space:         1
    After settings filtering:   1
    After built-in stripping:   3
    After scriptable stripping: 3
    Processed in 0.00 seconds
    Target graphics API: vulkan
    Full variant space:         1
    After settings filtering:   1
    After built-in stripping:   3
    After scriptable stripping: 3
    Processed in 0.00 seconds
  Pass "" (vp)
    Target graphics API: gles3
    Full variant space:         1
    After settings filtering:   1
    After built-in stripping:   3
    After scriptable stripping: 3
    Processed in 0.00 seconds
    Target graphics API: vulkan
    Full variant space:         1
    After settings filtering:   1
    After built-in stripping:   3
    After scriptable stripping: 3
    Processed in 0.00 seconds
  Pass  (vp, gles3) finished in 0.00 seconds. Local cache hits 3 (0.00s CPU time), remote cache hits 0 (0.00s CPU time), compiled 0 variants (0.00s CPU time), skipped 0 variants.
  Pass  (vp, vulkan) finished in 0.00 seconds. Local cache hits 3 (0.00s CPU time), remote cache hits 0 (0.00s CPU time), compiled 0 variants (0.00s CPU time), skipped 0 variants.
    Prepared data for serialisation in 0.00s
  Pass  (vp, gles3) finished in 0.00 seconds. Local cache hits 3 (0.00s CPU time), remote cache hits 0 (0.00s CPU time), compiled 0 variants (0.00s CPU time), skipped 0 variants.
  Pass  (vp, vulkan) finished in 0.00 seconds. Local cache hits 3 (0.00s CPU time), remote cache hits 0 (0.00s CPU time), compiled 0 variants (0.00s CPU time), skipped 0 variants.
    Prepared data for serialisation in 0.00s
Serialized binary data for shader Hidden/CubeBlur in 0.00s
    gles3 (total internal programs: 6, unique: 2)
    vulkan (total internal programs: 6, unique: 2)
Compiling shader "Hidden/CubeCopy"
  Pass "" (vp)
    Target graphics API: gles3
    Full variant space:         1
    After settings filtering:   1
    After built-in stripping:   3
    After scriptable stripping: 3
    Processed in 0.00 seconds
    Target graphics API: vulkan
    Full variant space:         1
    After settings filtering:   1
    After built-in stripping:   3
    After scriptable stripping: 3
    Processed in 0.00 seconds
  Pass "" (vp)
    Target graphics API: gles3
    Full variant space:         1
    After settings filtering:   1
    After built-in stripping:   3
    After scriptable stripping: 3
    Processed in 0.00 seconds
    Target graphics API: vulkan
    Full variant space:         1
    After settings filtering:   1
    After built-in stripping:   3
    After scriptable stripping: 3
    Processed in 0.00 seconds
  Pass  (vp, gles3) finished in 0.00 seconds. Local cache hits 3 (0.00s CPU time), remote cache hits 0 (0.00s CPU time), compiled 0 variants (0.00s CPU time), skipped 0 variants.
  Pass  (vp, vulkan) finished in 0.00 seconds. Local cache hits 3 (0.00s CPU time), remote cache hits 0 (0.00s CPU time), compiled 0 variants (0.00s CPU time), skipped 0 variants.
    Prepared data for serialisation in 0.00s
  Pass  (vp, gles3) finished in 0.00 seconds. Local cache hits 3 (0.00s CPU time), remote cache hits 0 (0.00s CPU time), compiled 0 variants (0.00s CPU time), skipped 0 variants.
  Pass  (vp, vulkan) finished in 0.00 seconds. Local cache hits 3 (0.00s CPU time), remote cache hits 0 (0.00s CPU time), compiled 0 variants (0.00s CPU time), skipped 0 variants.
    Prepared data for serialisation in 0.00s
Serialized binary data for shader Hidden/CubeCopy in 0.00s
    gles3 (total internal programs: 6, unique: 1)
    vulkan (total internal programs: 6, unique: 1)
Compiling shader "Hidden/CubeBlend"
  Pass "" (vp)
    Target graphics API: gles3
    Full variant space:         1
    After settings filtering:   1
    After built-in stripping:   3
    After scriptable stripping: 3
    Processed in 0.00 seconds
    Target graphics API: vulkan
    Full variant space:         1
    After settings filtering:   1
    After built-in stripping:   3
    After scriptable stripping: 3
    Processed in 0.00 seconds
  Pass "" (vp)
    Target graphics API: gles3
    Full variant space:         1
    After settings filtering:   1
    After built-in stripping:   3
    After scriptable stripping: 3
    Processed in 0.00 seconds
    Target graphics API: vulkan
    Full variant space:         1
    After settings filtering:   1
    After built-in stripping:   3
    After scriptable stripping: 3
    Processed in 0.00 seconds
  Pass  (vp, gles3) finished in 0.00 seconds. Local cache hits 3 (0.00s CPU time), remote cache hits 0 (0.00s CPU time), compiled 0 variants (0.00s CPU time), skipped 0 variants.
  Pass  (vp, vulkan) finished in 0.00 seconds. Local cache hits 3 (0.00s CPU time), remote cache hits 0 (0.00s CPU time), compiled 0 variants (0.00s CPU time), skipped 0 variants.
    Prepared data for serialisation in 0.00s
  Pass  (vp, gles3) finished in 0.00 seconds. Local cache hits 3 (0.00s CPU time), remote cache hits 0 (0.00s CPU time), compiled 0 variants (0.00s CPU time), skipped 0 variants.
  Pass  (vp, vulkan) finished in 0.00 seconds. Local cache hits 3 (0.00s CPU time), remote cache hits 0 (0.00s CPU time), compiled 0 variants (0.00s CPU time), skipped 0 variants.
    Prepared data for serialisation in 0.00s
Serialized binary data for shader Hidden/CubeBlend in 0.00s
    gles3 (total internal programs: 6, unique: 1)
    vulkan (total internal programs: 6, unique: 1)
Compiling shader "Hidden/VR/BlitTexArraySlice"
  Pass "" (vp)
    Target graphics API: gles3
    Full variant space:         1
    After settings filtering:   1
    After built-in stripping:   3
    After scriptable stripping: 3
    Processed in 0.00 seconds
    Target graphics API: vulkan
    Full variant space:         1
    After settings filtering:   1
    After built-in stripping:   3
    After scriptable stripping: 3
    Processed in 0.00 seconds
  Pass  (vp, gles3) finished in 0.00 seconds. Local cache hits 3 (0.00s CPU time), remote cache hits 0 (0.00s CPU time), compiled 0 variants (0.00s CPU time), skipped 0 variants.
  Pass  (vp, vulkan) finished in 0.00 seconds. Local cache hits 3 (0.00s CPU time), remote cache hits 0 (0.00s CPU time), compiled 0 variants (0.00s CPU time), skipped 0 variants.
    Prepared data for serialisation in 0.00s
Serialized binary data for shader Hidden/VR/BlitTexArraySlice in 0.00s
    gles3 (total internal programs: 3, unique: 1)
    vulkan (total internal programs: 3, unique: 1)
Compiling shader "Hidden/Internal-ODSWorldTexture"
  Pass "" (vp)
    Target graphics API: gles3
    Full variant space:         1
    After settings filtering:   1
    After built-in stripping:   3
    After scriptable stripping: 3
    Processed in 0.00 seconds
    Target graphics API: vulkan
    Full variant space:         1
    After settings filtering:   1
    After built-in stripping:   3
    After scriptable stripping: 3
    Processed in 0.00 seconds
  Pass "" (vp)
    Target graphics API: gles3
    Full variant space:         1
    After settings filtering:   1
    After built-in stripping:   3
    After scriptable stripping: 3
    Processed in 0.00 seconds
    Target graphics API: vulkan
    Full variant space:         1
    After settings filtering:   1
    After built-in stripping:   3
    After scriptable stripping: 3
    Processed in 0.00 seconds
  Pass "" (vp)
    Target graphics API: gles3
    Full variant space:         1
    After settings filtering:   1
    After built-in stripping:   3
    After scriptable stripping: 3
    Processed in 0.00 seconds
    Target graphics API: vulkan
    Full variant space:         1
    After settings filtering:   1
    After built-in stripping:   3
    After scriptable stripping: 3
    Processed in 0.00 seconds
  Pass "" (vp)
    Target graphics API: gles3
    Full variant space:         1
    After settings filtering:   1
    After built-in stripping:   3
    After scriptable stripping: 3
    Processed in 0.00 seconds
    Target graphics API: vulkan
    Full variant space:         1
    After settings filtering:   1
    After built-in stripping:   3
    After scriptable stripping: 3
    Processed in 0.00 seconds
  Pass "" (vp)
    Target graphics API: gles3
    Full variant space:         1
    After settings filtering:   1
    After built-in stripping:   3
    After scriptable stripping: 3
    Processed in 0.00 seconds
    Target graphics API: vulkan
    Full variant space:         1
    After settings filtering:   1
    After built-in stripping:   3
    After scriptable stripping: 3
    Processed in 0.00 seconds
  Pass "" (vp)
    Target graphics API: gles3
    Full variant space:         1
    After settings filtering:   1
    After built-in stripping:   3
    After scriptable stripping: 3
    Processed in 0.00 seconds
    Target graphics API: vulkan
    Full variant space:         1
    After settings filtering:   1
    After built-in stripping:   3
    After scriptable stripping: 3
    Processed in 0.00 seconds
  Pass "" (vp)
    Target graphics API: gles3
    Full variant space:         1
    After settings filtering:   1
    After built-in stripping:   3
    After scriptable stripping: 3
    Processed in 0.00 seconds
    Target graphics API: vulkan
    Full variant space:         1
    After settings filtering:   1
    After built-in stripping:   3
    After scriptable stripping: 3
    Processed in 0.00 seconds
  Pass "" (vp)
    Target graphics API: gles3
    Full variant space:         1
    After settings filtering:   1
    After built-in stripping:   3
    After scriptable stripping: 3
    Processed in 0.00 seconds
    Target graphics API: vulkan
    Full variant space:         1
    After settings filtering:   1
    After built-in stripping:   3
    After scriptable stripping: 3
    Processed in 0.00 seconds
  Pass "" (vp)
    Target graphics API: gles3
    Full variant space:         1
    After settings filtering:   1
    After built-in stripping:   3
    After scriptable stripping: 3
    Processed in 0.00 seconds
    Target graphics API: vulkan
    Full variant space:         1
    After settings filtering:   1
    After built-in stripping:   3
    After scriptable stripping: 3
    Processed in 0.00 seconds
  Pass "" (vp)
    Target graphics API: gles3
    Full variant space:         1
    After settings filtering:   1
    After built-in stripping:   3
    After scriptable stripping: 3
    Processed in 0.00 seconds
    Target graphics API: vulkan
    Full variant space:         1
    After settings filtering:   1
    After built-in stripping:   3
    After scriptable stripping: 3
    Processed in 0.00 seconds
  Pass  (vp, gles3) finished in 0.01 seconds. Local cache hits 3 (0.00s CPU time), remote cache hits 0 (0.00s CPU time), compiled 0 variants (0.00s CPU time), skipped 0 variants.
  Pass  (vp, vulkan) finished in 0.01 seconds. Local cache hits 3 (0.00s CPU time), remote cache hits 0 (0.00s CPU time), compiled 0 variants (0.00s CPU time), skipped 0 variants.
    Prepared data for serialisation in 0.00s
  Pass  (vp, gles3) finished in 0.01 seconds. Local cache hits 3 (0.00s CPU time), remote cache hits 0 (0.00s CPU time), compiled 0 variants (0.00s CPU time), skipped 0 variants.
  Pass  (vp, vulkan) finished in 0.00 seconds. Local cache hits 3 (0.00s CPU time), remote cache hits 0 (0.00s CPU time), compiled 0 variants (0.00s CPU time), skipped 0 variants.
    Prepared data for serialisation in 0.00s
  Pass  (vp, gles3) finished in 0.00 seconds. Local cache hits 3 (0.00s CPU time), remote cache hits 0 (0.00s CPU time), compiled 0 variants (0.00s CPU time), skipped 0 variants.
  Pass  (vp, vulkan) finished in 0.00 seconds. Local cache hits 3 (0.00s CPU time), remote cache hits 0 (0.00s CPU time), compiled 0 variants (0.00s CPU time), skipped 0 variants.
    Prepared data for serialisation in 0.00s
  Pass  (vp, gles3) finished in 0.00 seconds. Local cache hits 3 (0.00s CPU time), remote cache hits 0 (0.00s CPU time), compiled 0 variants (0.00s CPU time), skipped 0 variants.
  Pass  (vp, vulkan) finished in 0.00 seconds. Local cache hits 3 (0.00s CPU time), remote cache hits 0 (0.00s CPU time), compiled 0 variants (0.00s CPU time), skipped 0 variants.
    Prepared data for serialisation in 0.00s
  Pass  (vp, gles3) finished in 0.00 seconds. Local cache hits 3 (0.00s CPU time), remote cache hits 0 (0.00s CPU time), compiled 0 variants (0.00s CPU time), skipped 0 variants.
  Pass  (vp, vulkan) finished in 0.00 seconds. Local cache hits 3 (0.00s CPU time), remote cache hits 0 (0.00s CPU time), compiled 0 variants (0.00s CPU time), skipped 0 variants.
    Prepared data for serialisation in 0.00s
  Pass  (vp, gles3) finished in 0.00 seconds. Local cache hits 3 (0.00s CPU time), remote cache hits 0 (0.00s CPU time), compiled 0 variants (0.00s CPU time), skipped 0 variants.
  Pass  (vp, vulkan) finished in 0.00 seconds. Local cache hits 3 (0.00s CPU time), remote cache hits 0 (0.00s CPU time), compiled 0 variants (0.00s CPU time), skipped 0 variants.
    Prepared data for serialisation in 0.00s
  Pass  (vp, gles3) finished in 0.00 seconds. Local cache hits 3 (0.00s CPU time), remote cache hits 0 (0.00s CPU time), compiled 0 variants (0.00s CPU time), skipped 0 variants.
  Pass  (vp, vulkan) finished in 0.00 seconds. Local cache hits 3 (0.00s CPU time), remote cache hits 0 (0.00s CPU time), compiled 0 variants (0.00s CPU time), skipped 0 variants.
    Prepared data for serialisation in 0.00s
  Pass  (vp, gles3) finished in 0.00 seconds. Local cache hits 3 (0.00s CPU time), remote cache hits 0 (0.00s CPU time), compiled 0 variants (0.00s CPU time), skipped 0 variants.
  Pass  (vp, vulkan) finished in 0.00 seconds. Local cache hits 3 (0.00s CPU time), remote cache hits 0 (0.00s CPU time), compiled 0 variants (0.00s CPU time), skipped 0 variants.
    Prepared data for serialisation in 0.00s
  Pass  (vp, gles3) finished in 0.00 seconds. Local cache hits 3 (0.00s CPU time), remote cache hits 0 (0.00s CPU time), compiled 0 variants (0.00s CPU time), skipped 0 variants.
  Pass  (vp, vulkan) finished in 0.00 seconds. Local cache hits 3 (0.00s CPU time), remote cache hits 0 (0.00s CPU time), compiled 0 variants (0.00s CPU time), skipped 0 variants.
    Prepared data for serialisation in 0.00s
  Pass  (vp, gles3) finished in 0.00 seconds. Local cache hits 3 (0.00s CPU time), remote cache hits 0 (0.00s CPU time), compiled 0 variants (0.00s CPU time), skipped 0 variants.
  Pass  (vp, vulkan) finished in 0.00 seconds. Local cache hits 3 (0.00s CPU time), remote cache hits 0 (0.00s CPU time), compiled 0 variants (0.00s CPU time), skipped 0 variants.
    Prepared data for serialisation in 0.00s
Serialized binary data for shader Hidden/Internal-ODSWorldTexture in 0.00s
    gles3 (total internal programs: 30, unique: 9)
    vulkan (total internal programs: 30, unique: 9)
Compiling shader "Hidden/Internal-CubemapToEquirect"
  Pass "" (vp)
    Target graphics API: gles3
    Full variant space:         1
    After settings filtering:   1
    After built-in stripping:   3
    After scriptable stripping: 3
    Processed in 0.00 seconds
    Target graphics API: vulkan
    Full variant space:         1
    After settings filtering:   1
    After built-in stripping:   3
    After scriptable stripping: 3
    Processed in 0.00 seconds
  Pass  (vp, gles3) finished in 0.00 seconds. Local cache hits 3 (0.00s CPU time), remote cache hits 0 (0.00s CPU time), compiled 0 variants (0.00s CPU time), skipped 0 variants.
  Pass  (vp, vulkan) finished in 0.00 seconds. Local cache hits 3 (0.00s CPU time), remote cache hits 0 (0.00s CPU time), compiled 0 variants (0.00s CPU time), skipped 0 variants.
    Prepared data for serialisation in 0.00s
Serialized binary data for shader Hidden/Internal-CubemapToEquirect in 0.00s
    gles3 (total internal programs: 3, unique: 1)
    vulkan (total internal programs: 3, unique: 1)
Compiling shader "Hidden/VR/BlitFromTex2DToTexArraySlice"
  Pass "" (vp)
    Target graphics API: gles3
    Full variant space:         1
    After settings filtering:   1
    After built-in stripping:   3
    After scriptable stripping: 3
    Processed in 0.00 seconds
  Pass "" (vp)
    Target graphics API: gles3
    Full variant space:         1
    After settings filtering:   1
    After built-in stripping:   3
    After scriptable stripping: 3
    Processed in 0.00 seconds
    Target graphics API: vulkan
    Full variant space:         1
    After settings filtering:   1
    After built-in stripping:   3
    After scriptable stripping: 3
    Processed in 0.00 seconds
  Pass  (vp, gles3) finished in 0.01 seconds. Local cache hits 3 (0.00s CPU time), remote cache hits 0 (0.00s CPU time), compiled 0 variants (0.00s CPU time), skipped 0 variants.
    Prepared data for serialisation in 0.00s
  Pass  (vp, gles3) finished in 0.00 seconds. Local cache hits 3 (0.00s CPU time), remote cache hits 0 (0.00s CPU time), compiled 0 variants (0.00s CPU time), skipped 0 variants.
  Pass  (vp, vulkan) finished in 0.00 seconds. Local cache hits 3 (0.00s CPU time), remote cache hits 0 (0.00s CPU time), compiled 0 variants (0.00s CPU time), skipped 0 variants.
    Prepared data for serialisation in 0.00s
Serialized binary data for shader Hidden/VR/BlitFromTex2DToTexArraySlice in 0.00s
    gles3 (total internal programs: 6, unique: 2)
    vulkan (total internal programs: 3, unique: 1)
Compiling shader "Hidden/VideoComposite"
  Pass "Default" (vp)
    Target graphics API: gles3
    Full variant space:         1
    After settings filtering:   1
    After built-in stripping:   3
    After scriptable stripping: 3
    Processed in 0.00 seconds
    Target graphics API: vulkan
    Full variant space:         1
    After settings filtering:   1
    After built-in stripping:   3
    After scriptable stripping: 3
    Processed in 0.00 seconds
  Pass Default (vp, gles3) finished in 0.00 seconds. Local cache hits 3 (0.00s CPU time), remote cache hits 0 (0.00s CPU time), compiled 0 variants (0.00s CPU time), skipped 0 variants.
  Pass Default (vp, vulkan) finished in 0.00 seconds. Local cache hits 3 (0.00s CPU time), remote cache hits 0 (0.00s CPU time), compiled 0 variants (0.00s CPU time), skipped 0 variants.
    Prepared data for serialisation in 0.00s
Serialized binary data for shader Hidden/VideoComposite in 0.00s
    gles3 (total internal programs: 3, unique: 1)
    vulkan (total internal programs: 3, unique: 1)
Compiling shader "Hidden/VideoDecode"
  Pass "YCbCr_To_RGB1" (vp)
    Target graphics API: gles3
    Full variant space:         2
    After settings filtering:   2
    After built-in stripping:   6
    After scriptable stripping: 6
    Processed in 0.00 seconds
    Target graphics API: vulkan
    Full variant space:         2
    After settings filtering:   2
    After built-in stripping:   6
    After scriptable stripping: 6
    Processed in 0.00 seconds
  Pass "YCbCrA_To_RGBAFull" (vp)
    Target graphics API: gles3
    Full variant space:         2
    After settings filtering:   2
    After built-in stripping:   6
    After scriptable stripping: 6
    Processed in 0.00 seconds
    Target graphics API: vulkan
    Full variant space:         2
    After settings filtering:   2
    After built-in stripping:   6
    After scriptable stripping: 6
    Processed in 0.00 seconds
  Pass "YCbCrA_To_RGBA" (vp)
    Target graphics API: gles3
    Full variant space:         2
    After settings filtering:   2
    After built-in stripping:   6
    After scriptable stripping: 6
    Processed in 0.00 seconds
    Target graphics API: vulkan
    Full variant space:         2
    After settings filtering:   2
    After built-in stripping:   6
    After scriptable stripping: 6
    Processed in 0.00 seconds
  Pass "Flip_RGBA_To_RGBA" (vp)
    Target graphics API: gles3
    Full variant space:         2
    After settings filtering:   2
    After built-in stripping:   6
    After scriptable stripping: 6
    Processed in 0.00 seconds
    Target graphics API: vulkan
    Full variant space:         2
    After settings filtering:   2
    After built-in stripping:   6
    After scriptable stripping: 6
    Processed in 0.00 seconds
  Pass "Flip_RGBASplit_To_RGBA" (vp)
    Target graphics API: gles3
    Full variant space:         2
    After settings filtering:   2
    After built-in stripping:   6
    After scriptable stripping: 6
    Processed in 0.00 seconds
    Target graphics API: vulkan
    Full variant space:         2
    After settings filtering:   2
    After built-in stripping:   6
    After scriptable stripping: 6
    Processed in 0.00 seconds
  Pass "Flip_NV12_To_RGB1" (vp)
    Target graphics API: gles3
    Full variant space:         2
    After settings filtering:   2
    After built-in stripping:   6
    After scriptable stripping: 6
    Processed in 0.00 seconds
    Target graphics API: vulkan
    Full variant space:         2
    After settings filtering:   2
    After built-in stripping:   6
    After scriptable stripping: 6
    Processed in 0.00 seconds
  Pass "Flip_NV12_To_RGBA" (vp)
    Target graphics API: gles3
    Full variant space:         2
    After settings filtering:   2
    After built-in stripping:   6
    After scriptable stripping: 6
    Processed in 0.00 seconds
    Target graphics API: vulkan
    Full variant space:         2
    After settings filtering:   2
    After built-in stripping:   6
    After scriptable stripping: 6
    Processed in 0.00 seconds
  Pass "Flip_P010_To_RGB1" (vp)
    Target graphics API: gles3
    Full variant space:         1
    After settings filtering:   1
    After built-in stripping:   3
    After scriptable stripping: 3
    Processed in 0.00 seconds
    Target graphics API: vulkan
    Full variant space:         1
    After settings filtering:   1
    After built-in stripping:   3
    After scriptable stripping: 3
    Processed in 0.00 seconds
  Pass YCbCr_To_RGB1 (vp, gles3) finished in 0.01 seconds. Local cache hits 6 (0.00s CPU time), remote cache hits 0 (0.00s CPU time), compiled 0 variants (0.00s CPU time), skipped 0 variants.
  Pass YCbCr_To_RGB1 (vp, vulkan) finished in 0.01 seconds. Local cache hits 6 (0.00s CPU time), remote cache hits 0 (0.00s CPU time), compiled 0 variants (0.00s CPU time), skipped 0 variants.
    Prepared data for serialisation in 0.00s
  Pass YCbCrA_To_RGBAFull (vp, gles3) finished in 0.01 seconds. Local cache hits 6 (0.00s CPU time), remote cache hits 0 (0.00s CPU time), compiled 0 variants (0.00s CPU time), skipped 0 variants.
  Pass YCbCrA_To_RGBAFull (vp, vulkan) finished in 0.01 seconds. Local cache hits 6 (0.00s CPU time), remote cache hits 0 (0.00s CPU time), compiled 0 variants (0.00s CPU time), skipped 0 variants.
    Prepared data for serialisation in 0.00s
  Pass YCbCrA_To_RGBA (vp, gles3) finished in 0.00 seconds. Local cache hits 6 (0.00s CPU time), remote cache hits 0 (0.00s CPU time), compiled 0 variants (0.00s CPU time), skipped 0 variants.
  Pass YCbCrA_To_RGBA (vp, vulkan) finished in 0.00 seconds. Local cache hits 6 (0.00s CPU time), remote cache hits 0 (0.00s CPU time), compiled 0 variants (0.00s CPU time), skipped 0 variants.
    Prepared data for serialisation in 0.00s
  Pass Flip_RGBA_To_RGBA (vp, gles3) finished in 0.00 seconds. Local cache hits 6 (0.00s CPU time), remote cache hits 0 (0.00s CPU time), compiled 0 variants (0.00s CPU time), skipped 0 variants.
  Pass Flip_RGBA_To_RGBA (vp, vulkan) finished in 0.00 seconds. Local cache hits 6 (0.00s CPU time), remote cache hits 0 (0.00s CPU time), compiled 0 variants (0.00s CPU time), skipped 0 variants.
    Prepared data for serialisation in 0.00s
  Pass Flip_RGBASplit_To_RGBA (vp, gles3) finished in 0.00 seconds. Local cache hits 6 (0.00s CPU time), remote cache hits 0 (0.00s CPU time), compiled 0 variants (0.00s CPU time), skipped 0 variants.
  Pass Flip_RGBASplit_To_RGBA (vp, vulkan) finished in 0.00 seconds. Local cache hits 6 (0.00s CPU time), remote cache hits 0 (0.00s CPU time), compiled 0 variants (0.00s CPU time), skipped 0 variants.
    Prepared data for serialisation in 0.00s
  Pass Flip_NV12_To_RGB1 (vp, gles3) finished in 0.00 seconds. Local cache hits 6 (0.00s CPU time), remote cache hits 0 (0.00s CPU time), compiled 0 variants (0.00s CPU time), skipped 0 variants.
  Pass Flip_NV12_To_RGB1 (vp, vulkan) finished in 0.00 seconds. Local cache hits 6 (0.00s CPU time), remote cache hits 0 (0.00s CPU time), compiled 0 variants (0.00s CPU time), skipped 0 variants.
    Prepared data for serialisation in 0.00s
  Pass Flip_NV12_To_RGBA (vp, gles3) finished in 0.00 seconds. Local cache hits 6 (0.00s CPU time), remote cache hits 0 (0.00s CPU time), compiled 0 variants (0.00s CPU time), skipped 0 variants.
  Pass Flip_NV12_To_RGBA (vp, vulkan) finished in 0.00 seconds. Local cache hits 6 (0.00s CPU time), remote cache hits 0 (0.00s CPU time), compiled 0 variants (0.00s CPU time), skipped 0 variants.
    Prepared data for serialisation in 0.00s
  Pass Flip_P010_To_RGB1 (vp, gles3) finished in 0.00 seconds. Local cache hits 3 (0.00s CPU time), remote cache hits 0 (0.00s CPU time), compiled 0 variants (0.00s CPU time), skipped 0 variants.
  Pass Flip_P010_To_RGB1 (vp, vulkan) finished in 0.00 seconds. Local cache hits 3 (0.00s CPU time), remote cache hits 0 (0.00s CPU time), compiled 0 variants (0.00s CPU time), skipped 0 variants.
    Prepared data for serialisation in 0.00s
Serialized binary data for shader Hidden/VideoDecode in 0.00s
    gles3 (total internal programs: 45, unique: 15)
    vulkan (total internal programs: 45, unique: 15)
Compiling shader "Hidden/VideoDecodeAndroid"
  Pass "RGBAExternal_To_RGBA" (vp)
    Target graphics API: gles3
    Full variant space:         2
    After settings filtering:   2
    After built-in stripping:   6
    After scriptable stripping: 6
    Processed in 0.00 seconds
  Pass "RGBASplitExternal_To_RGBA" (vp)
    Target graphics API: gles3
    Full variant space:         2
    After settings filtering:   2
    After built-in stripping:   6
    After scriptable stripping: 6
    Processed in 0.00 seconds
  Pass RGBAExternal_To_RGBA (vp, gles3) finished in 0.01 seconds. Local cache hits 6 (0.00s CPU time), remote cache hits 0 (0.00s CPU time), compiled 0 variants (0.00s CPU time), skipped 0 variants.
    Prepared data for serialisation in 0.00s
  Pass RGBASplitExternal_To_RGBA (vp, gles3) finished in 0.00 seconds. Local cache hits 6 (0.00s CPU time), remote cache hits 0 (0.00s CPU time), compiled 0 variants (0.00s CPU time), skipped 0 variants.
    Prepared data for serialisation in 0.00s
Serialized binary data for shader Hidden/VideoDecodeAndroid in 0.00s
    gles3 (total internal programs: 12, unique: 12)
    vulkan (total internal programs: 0, unique: 0)
Compiling shader "Hidden/TextCore/Distance Field SSD"
  Pass "" (vp)
    Target graphics API: gles3
    Full variant space:         1
    After settings filtering:   1
    After built-in stripping:   3
    After scriptable stripping: 3
    Processed in 0.00 seconds
    Target graphics API: vulkan
    Full variant space:         1
    After settings filtering:   1
    After built-in stripping:   3
    After scriptable stripping: 3
    Processed in 0.00 seconds
  Pass  (vp, gles3) finished in 0.00 seconds. Local cache hits 3 (0.00s CPU time), remote cache hits 0 (0.00s CPU time), compiled 0 variants (0.00s CPU time), skipped 0 variants.
  Pass  (vp, vulkan) finished in 0.00 seconds. Local cache hits 3 (0.00s CPU time), remote cache hits 0 (0.00s CPU time), compiled 0 variants (0.00s CPU time), skipped 0 variants.
    Prepared data for serialisation in 0.00s
Serialized binary data for shader Hidden/TextCore/Distance Field SSD in 0.00s
    gles3 (total internal programs: 3, unique: 1)
    vulkan (total internal programs: 3, unique: 1)
Compiling shader "Hidden/Physics2D/SDF_CircleGeometry"
  Pass "" (vp)
    Target graphics API: gles3
    Full variant space:         2
    After settings filtering:   2
    After built-in stripping:   6
    After scriptable stripping: 6
    Processed in 0.00 seconds
    Target graphics API: vulkan
    Full variant space:         2
    After settings filtering:   2
    After built-in stripping:   6
    After scriptable stripping: 6
    Processed in 0.00 seconds
  Pass  (vp, gles3) finished in 0.00 seconds. Local cache hits 6 (0.00s CPU time), remote cache hits 0 (0.00s CPU time), compiled 0 variants (0.00s CPU time), skipped 0 variants.
  Pass  (vp, vulkan) finished in 0.00 seconds. Local cache hits 6 (0.00s CPU time), remote cache hits 0 (0.00s CPU time), compiled 0 variants (0.00s CPU time), skipped 0 variants.
    Prepared data for serialisation in 0.00s
Serialized binary data for shader Hidden/Physics2D/SDF_CircleGeometry in 0.00s
    gles3 (total internal programs: 6, unique: 2)
    vulkan (total internal programs: 6, unique: 2)
Compiling shader "Hidden/Physics2D/SDF_CapsuleGeometry"
  Pass "" (vp)
    Target graphics API: gles3
    Full variant space:         2
    After settings filtering:   2
    After built-in stripping:   6
    After scriptable stripping: 6
    Processed in 0.00 seconds
    Target graphics API: vulkan
    Full variant space:         2
    After settings filtering:   2
    After built-in stripping:   6
    After scriptable stripping: 6
    Processed in 0.00 seconds
  Pass  (vp, gles3) finished in 0.00 seconds. Local cache hits 6 (0.00s CPU time), remote cache hits 0 (0.00s CPU time), compiled 0 variants (0.00s CPU time), skipped 0 variants.
  Pass  (vp, vulkan) finished in 0.00 seconds. Local cache hits 6 (0.00s CPU time), remote cache hits 0 (0.00s CPU time), compiled 0 variants (0.00s CPU time), skipped 0 variants.
    Prepared data for serialisation in 0.00s
Serialized binary data for shader Hidden/Physics2D/SDF_CapsuleGeometry in 0.00s
    gles3 (total internal programs: 6, unique: 2)
    vulkan (total internal programs: 6, unique: 2)
Compiling shader "Hidden/Physics2D/SDF_PolygonGeometry"
  Pass "" (vp)
    Target graphics API: gles3
    Full variant space:         2
    After settings filtering:   2
    After built-in stripping:   6
    After scriptable stripping: 6
    Processed in 0.00 seconds
    Target graphics API: vulkan
    Full variant space:         2
    After settings filtering:   2
    After built-in stripping:   6
    After scriptable stripping: 6
    Processed in 0.00 seconds
  Pass  (vp, gles3) finished in 0.00 seconds. Local cache hits 6 (0.00s CPU time), remote cache hits 0 (0.00s CPU time), compiled 0 variants (0.00s CPU time), skipped 0 variants.
  Pass  (vp, vulkan) finished in 0.00 seconds. Local cache hits 6 (0.00s CPU time), remote cache hits 0 (0.00s CPU time), compiled 0 variants (0.00s CPU time), skipped 0 variants.
    Prepared data for serialisation in 0.00s
Serialized binary data for shader Hidden/Physics2D/SDF_PolygonGeometry in 0.00s
    gles3 (total internal programs: 6, unique: 2)
    vulkan (total internal programs: 6, unique: 2)
Compiling shader "Hidden/Physics2D/SDF_Line"
  Pass "" (vp)
    Target graphics API: gles3
    Full variant space:         2
    After settings filtering:   2
    After built-in stripping:   6
    After scriptable stripping: 6
    Processed in 0.00 seconds
    Target graphics API: vulkan
    Full variant space:         2
    After settings filtering:   2
    After built-in stripping:   6
    After scriptable stripping: 6
    Processed in 0.00 seconds
  Pass  (vp, gles3) finished in 0.00 seconds. Local cache hits 6 (0.00s CPU time), remote cache hits 0 (0.00s CPU time), compiled 0 variants (0.00s CPU time), skipped 0 variants.
  Pass  (vp, vulkan) finished in 0.00 seconds. Local cache hits 6 (0.00s CPU time), remote cache hits 0 (0.00s CPU time), compiled 0 variants (0.00s CPU time), skipped 0 variants.
    Prepared data for serialisation in 0.00s
Serialized binary data for shader Hidden/Physics2D/SDF_Line in 0.00s
    gles3 (total internal programs: 6, unique: 2)
    vulkan (total internal programs: 6, unique: 2)
Compiling shader "Hidden/Physics2D/SDF_Point"
  Pass "" (vp)
    Target graphics API: gles3
    Full variant space:         2
    After settings filtering:   2
    After built-in stripping:   6
    After scriptable stripping: 6
    Processed in 0.00 seconds
    Target graphics API: vulkan
    Full variant space:         2
    After settings filtering:   2
    After built-in stripping:   6
    After scriptable stripping: 6
    Processed in 0.00 seconds
  Pass  (vp, gles3) finished in 0.00 seconds. Local cache hits 6 (0.00s CPU time), remote cache hits 0 (0.00s CPU time), compiled 0 variants (0.00s CPU time), skipped 0 variants.
  Pass  (vp, vulkan) finished in 0.00 seconds. Local cache hits 6 (0.00s CPU time), remote cache hits 0 (0.00s CPU time), compiled 0 variants (0.00s CPU time), skipped 0 variants.
    Prepared data for serialisation in 0.00s
Serialized binary data for shader Hidden/Physics2D/SDF_Point in 0.00s
    gles3 (total internal programs: 6, unique: 2)
    vulkan (total internal programs: 6, unique: 2)
Compiling shader "Aether/LegacyToon"
  Pass "" (vp)
    Target graphics API: gles3
    Full variant space:         332
    After settings filtering:   332
    After built-in stripping:   24
    After scriptable stripping: 24
    Processed in 0.00 seconds
    Target graphics API: vulkan
    Full variant space:         332
    After settings filtering:   332
    After built-in stripping:   24
    After scriptable stripping: 24
    Processed in 0.00 seconds
  Pass "" (vp)
    Target graphics API: gles3
    Full variant space:         1
    After settings filtering:   1
    After built-in stripping:   3
    After scriptable stripping: 3
    Processed in 0.00 seconds
    Target graphics API: vulkan
    Full variant space:         1
    After settings filtering:   1
    After built-in stripping:   3
    After scriptable stripping: 3
    Processed in 0.00 seconds
  Pass  (vp, gles3) finished in 0.00 seconds. Local cache hits 24 (0.00s CPU time), remote cache hits 0 (0.00s CPU time), compiled 0 variants (0.00s CPU time), skipped 0 variants.
  Pass  (vp, vulkan) finished in 0.00 seconds. Local cache hits 24 (0.00s CPU time), remote cache hits 0 (0.00s CPU time), compiled 0 variants (0.00s CPU time), skipped 0 variants.
    Prepared data for serialisation in 0.00s
  Pass  (vp, gles3) finished in 0.00 seconds. Local cache hits 3 (0.00s CPU time), remote cache hits 0 (0.00s CPU time), compiled 0 variants (0.00s CPU time), skipped 0 variants.
  Pass  (vp, vulkan) finished in 0.00 seconds. Local cache hits 3 (0.00s CPU time), remote cache hits 0 (0.00s CPU time), compiled 0 variants (0.00s CPU time), skipped 0 variants.
    Prepared data for serialisation in 0.00s
Serialized binary data for shader Aether/LegacyToon in 0.00s
    gles3 (total internal programs: 27, unique: 9)
    vulkan (total internal programs: 27, unique: 9)
Compiling shader "Aether/Sky"
  Pass "" (vp)
    Target graphics API: gles3
    Full variant space:         1
    After settings filtering:   1
    After built-in stripping:   3
    After scriptable stripping: 3
    Processed in 0.00 seconds
    Target graphics API: vulkan
    Full variant space:         1
    After settings filtering:   1
    After built-in stripping:   3
    After scriptable stripping: 3
    Processed in 0.00 seconds
  Pass  (vp, gles3) finished in 0.00 seconds. Local cache hits 3 (0.00s CPU time), remote cache hits 0 (0.00s CPU time), compiled 0 variants (0.00s CPU time), skipped 0 variants.
  Pass  (vp, vulkan) finished in 0.00 seconds. Local cache hits 3 (0.00s CPU time), remote cache hits 0 (0.00s CPU time), compiled 0 variants (0.00s CPU time), skipped 0 variants.
    Prepared data for serialisation in 0.00s
Serialized binary data for shader Aether/Sky in 0.00s
    gles3 (total internal programs: 3, unique: 1)
    vulkan (total internal programs: 3, unique: 1)
Compiling shader "Aether/Shield"
  Pass "" (vp)
    Target graphics API: gles3
    Full variant space:         1
    After settings filtering:   1
    After built-in stripping:   3
    After scriptable stripping: 3
    Processed in 0.00 seconds
    Target graphics API: vulkan
    Full variant space:         1
    After settings filtering:   1
    After built-in stripping:   3
    After scriptable stripping: 3
    Processed in 0.00 seconds
  Pass  (vp, gles3) finished in 0.00 seconds. Local cache hits 3 (0.00s CPU time), remote cache hits 0 (0.00s CPU time), compiled 0 variants (0.00s CPU time), skipped 0 variants.
  Pass  (vp, vulkan) finished in 0.00 seconds. Local cache hits 3 (0.00s CPU time), remote cache hits 0 (0.00s CPU time), compiled 0 variants (0.00s CPU time), skipped 0 variants.
    Prepared data for serialisation in 0.00s
Serialized binary data for shader Aether/Shield in 0.00s
    gles3 (total internal programs: 3, unique: 1)
    vulkan (total internal programs: 3, unique: 1)
Compiling shader "Hidden/Aether/Post"
  Pass "" (vp)
    Target graphics API: gles3
    Full variant space:         1
    After settings filtering:   1
    After built-in stripping:   3
    After scriptable stripping: 3
    Processed in 0.00 seconds
    Target graphics API: vulkan
    Full variant space:         1
    After settings filtering:   1
    After built-in stripping:   3
    After scriptable stripping: 3
    Processed in 0.00 seconds
  Pass "" (vp)
    Target graphics API: gles3
    Full variant space:         1
    After settings filtering:   1
    After built-in stripping:   3
    After scriptable stripping: 3
    Processed in 0.00 seconds
    Target graphics API: vulkan
    Full variant space:         1
    After settings filtering:   1
    After built-in stripping:   3
    After scriptable stripping: 3
    Processed in 0.00 seconds
  Pass "" (vp)
    Target graphics API: gles3
    Full variant space:         1
    After settings filtering:   1
    After built-in stripping:   3
    After scriptable stripping: 3
    Processed in 0.00 seconds
    Target graphics API: vulkan
    Full variant space:         1
    After settings filtering:   1
    After built-in stripping:   3
    After scriptable stripping: 3
    Processed in 0.00 seconds
  Pass  (vp, gles3) finished in 0.00 seconds. Local cache hits 3 (0.00s CPU time), remote cache hits 0 (0.00s CPU time), compiled 0 variants (0.00s CPU time), skipped 0 variants.
  Pass  (vp, vulkan) finished in 0.00 seconds. Local cache hits 3 (0.00s CPU time), remote cache hits 0 (0.00s CPU time), compiled 0 variants (0.00s CPU time), skipped 0 variants.
    Prepared data for serialisation in 0.00s
  Pass  (vp, gles3) finished in 0.00 seconds. Local cache hits 3 (0.00s CPU time), remote cache hits 0 (0.00s CPU time), compiled 0 variants (0.00s CPU time), skipped 0 variants.
  Pass  (vp, vulkan) finished in 0.00 seconds. Local cache hits 3 (0.00s CPU time), remote cache hits 0 (0.00s CPU time), compiled 0 variants (0.00s CPU time), skipped 0 variants.
    Prepared data for serialisation in 0.00s
  Pass  (vp, gles3) finished in 0.00 seconds. Local cache hits 3 (0.00s CPU time), remote cache hits 0 (0.00s CPU time), compiled 0 variants (0.00s CPU time), skipped 0 variants.
  Pass  (vp, vulkan) finished in 0.00 seconds. Local cache hits 3 (0.00s CPU time), remote cache hits 0 (0.00s CPU time), compiled 0 variants (0.00s CPU time), skipped 0 variants.
    Prepared data for serialisation in 0.00s
Serialized binary data for shader Hidden/Aether/Post in 0.00s
    gles3 (total internal programs: 9, unique: 3)
    vulkan (total internal programs: 9, unique: 3)
Compiling shader "Aether/Toon"
  Pass "FORWARD" (vp)
    Target graphics API: gles3
    Full variant space:         664
    After settings filtering:   664
    After built-in stripping:   48
    After scriptable stripping: 48
    Processed in 0.00 seconds
    Target graphics API: vulkan
    Full variant space:         664
    After settings filtering:   664
    After built-in stripping:   48
    After scriptable stripping: 48
    Processed in 0.00 seconds
  Pass "FORWARD" (vp)
    Target graphics API: gles3
    Full variant space:         188
    After settings filtering:   188
    After built-in stripping:   39
    After scriptable stripping: 39
    Processed in 0.00 seconds
    Target graphics API: vulkan
    Full variant space:         188
    After settings filtering:   188
    After built-in stripping:   39
    After scriptable stripping: 39
    Processed in 0.00 seconds
  Pass "DEFERRED" (vp)
    Target graphics API: gles3
    Full variant space:         76
    After settings filtering:   76
    After built-in stripping:   24
    After scriptable stripping: 24
    Processed in 0.00 seconds
    Target graphics API: vulkan
    Full variant space:         76
    After settings filtering:   76
    After built-in stripping:   24
    After scriptable stripping: 24
    Processed in 0.00 seconds
  Pass "ShadowCaster" (vp)
    Target graphics API: gles3
    Full variant space:         4
    After settings filtering:   4
    After built-in stripping:   12
    After scriptable stripping: 12
    Processed in 0.00 seconds
    Target graphics API: vulkan
    Full variant space:         4
    After settings filtering:   4
    After built-in stripping:   12
    After scriptable stripping: 12
    Processed in 0.00 seconds
  Pass FORWARD (vp, gles3) finished in 0.01 seconds. Local cache hits 48 (0.01s CPU time), remote cache hits 0 (0.00s CPU time), compiled 0 variants (0.00s CPU time), skipped 0 variants.
  Pass FORWARD (vp, vulkan) finished in 0.01 seconds. Local cache hits 48 (0.01s CPU time), remote cache hits 0 (0.00s CPU time), compiled 0 variants (0.00s CPU time), skipped 0 variants.
    Prepared data for serialisation in 0.00s
  Pass FORWARD (vp, gles3) finished in 0.01 seconds. Local cache hits 39 (0.01s CPU time), remote cache hits 0 (0.00s CPU time), compiled 0 variants (0.00s CPU time), skipped 0 variants.
  Pass FORWARD (vp, vulkan) finished in 0.01 seconds. Local cache hits 39 (0.01s CPU time), remote cache hits 0 (0.00s CPU time), compiled 0 variants (0.00s CPU time), skipped 0 variants.
    Prepared data for serialisation in 0.00s
  Pass DEFERRED (vp, gles3) finished in 0.01 seconds. Local cache hits 24 (0.00s CPU time), remote cache hits 0 (0.00s CPU time), compiled 0 variants (0.00s CPU time), skipped 0 variants.
  Pass DEFERRED (vp, vulkan) finished in 0.01 seconds. Local cache hits 24 (0.00s CPU time), remote cache hits 0 (0.00s CPU time), compiled 0 variants (0.00s CPU time), skipped 0 variants.
    Prepared data for serialisation in 0.00s
  Pass ShadowCaster (vp, gles3) finished in 0.00 seconds. Local cache hits 12 (0.00s CPU time), remote cache hits 0 (0.00s CPU time), compiled 0 variants (0.00s CPU time), skipped 0 variants.
  Pass ShadowCaster (vp, vulkan) finished in 0.00 seconds. Local cache hits 12 (0.00s CPU time), remote cache hits 0 (0.00s CPU time), compiled 0 variants (0.00s CPU time), skipped 0 variants.
    Prepared data for serialisation in 0.00s
Serialized binary data for shader Aether/Toon in 0.00s
    gles3 (total internal programs: 123, unique: 70)
    vulkan (total internal programs: 123, unique: 70)
Compiling shader "Aether/Water"
  Pass "" (vp)
    Target graphics API: gles3
    Full variant space:         4
    After settings filtering:   4
    After built-in stripping:   3
    After scriptable stripping: 3
    Processed in 0.00 seconds
    Target graphics API: vulkan
    Full variant space:         4
    After settings filtering:   4
    After built-in stripping:   3
    After scriptable stripping: 3
    Processed in 0.00 seconds
  Pass  (vp, gles3) finished in 0.00 seconds. Local cache hits 3 (0.00s CPU time), remote cache hits 0 (0.00s CPU time), compiled 0 variants (0.00s CPU time), skipped 0 variants.
  Pass  (vp, vulkan) finished in 0.00 seconds. Local cache hits 3 (0.00s CPU time), remote cache hits 0 (0.00s CPU time), compiled 0 variants (0.00s CPU time), skipped 0 variants.
    Prepared data for serialisation in 0.00s
Serialized binary data for shader Aether/Water in 0.00s
    gles3 (total internal programs: 3, unique: 1)
    vulkan (total internal programs: 3, unique: 1)
Compiling shader "Aether/StructureText"
  Pass "" (vp)
    Target graphics API: gles3
    Full variant space:         1
    After settings filtering:   1
    After built-in stripping:   3
    After scriptable stripping: 3
    Processed in 0.00 seconds
    Target graphics API: vulkan
    Full variant space:         1
    After settings filtering:   1
    After built-in stripping:   3
    After scriptable stripping: 3
    Processed in 0.00 seconds
  Pass  (vp, gles3) finished in 0.00 seconds. Local cache hits 3 (0.00s CPU time), remote cache hits 0 (0.00s CPU time), compiled 0 variants (0.00s CPU time), skipped 0 variants.
  Pass  (vp, vulkan) finished in 0.00 seconds. Local cache hits 3 (0.00s CPU time), remote cache hits 0 (0.00s CPU time), compiled 0 variants (0.00s CPU time), skipped 0 variants.
    Prepared data for serialisation in 0.00s
Serialized binary data for shader Aether/StructureText in 0.00s
    gles3 (total internal programs: 3, unique: 1)
    vulkan (total internal programs: 3, unique: 1)
Compiling shader "Aether/Ice"
  Pass "" (vp)
    Target graphics API: gles3
    Full variant space:         1
    After settings filtering:   1
    After built-in stripping:   3
    After scriptable stripping: 3
    Processed in 0.00 seconds
    Target graphics API: vulkan
    Full variant space:         1
    After settings filtering:   1
    After built-in stripping:   3
    After scriptable stripping: 3
    Processed in 0.00 seconds
  Pass  (vp, gles3) finished in 0.00 seconds. Local cache hits 3 (0.00s CPU time), remote cache hits 0 (0.00s CPU time), compiled 0 variants (0.00s CPU time), skipped 0 variants.
  Pass  (vp, vulkan) finished in 0.00 seconds. Local cache hits 3 (0.00s CPU time), remote cache hits 0 (0.00s CPU time), compiled 0 variants (0.00s CPU time), skipped 0 variants.
    Prepared data for serialisation in 0.00s
Serialized binary data for shader Aether/Ice in 0.00s
    gles3 (total internal programs: 3, unique: 1)
    vulkan (total internal programs: 3, unique: 1)
Compiling shader "Aether/LightVolume"
  Pass "" (vp)
    Target graphics API: gles3
    Full variant space:         1
    After settings filtering:   1
    After built-in stripping:   3
    After scriptable stripping: 3
    Processed in 0.00 seconds
    Target graphics API: vulkan
    Full variant space:         1
    After settings filtering:   1
    After built-in stripping:   3
    After scriptable stripping: 3
    Processed in 0.00 seconds
  Pass  (vp, gles3) finished in 0.00 seconds. Local cache hits 3 (0.00s CPU time), remote cache hits 0 (0.00s CPU time), compiled 0 variants (0.00s CPU time), skipped 0 variants.
  Pass  (vp, vulkan) finished in 0.00 seconds. Local cache hits 3 (0.00s CPU time), remote cache hits 0 (0.00s CPU time), compiled 0 variants (0.00s CPU time), skipped 0 variants.
    Prepared data for serialisation in 0.00s
Serialized binary data for shader Aether/LightVolume in 0.00s
    gles3 (total internal programs: 3, unique: 1)
    vulkan (total internal programs: 3, unique: 1)
Compiling shader "Aether/RushSky"
  Pass "" (vp)
    Target graphics API: gles3
    Full variant space:         1
    After settings filtering:   1
    After built-in stripping:   3
    After scriptable stripping: 3
    Processed in 0.00 seconds
    Target graphics API: vulkan
    Full variant space:         1
    After settings filtering:   1
    After built-in stripping:   3
    After scriptable stripping: 3
    Processed in 0.00 seconds
  Pass  (vp, gles3) finished in 0.00 seconds. Local cache hits 3 (0.00s CPU time), remote cache hits 0 (0.00s CPU time), compiled 0 variants (0.00s CPU time), skipped 0 variants.
  Pass  (vp, vulkan) finished in 0.00 seconds. Local cache hits 3 (0.00s CPU time), remote cache hits 0 (0.00s CPU time), compiled 0 variants (0.00s CPU time), skipped 0 variants.
    Prepared data for serialisation in 0.00s
Serialized binary data for shader Aether/RushSky in 0.00s
    gles3 (total internal programs: 3, unique: 1)
    vulkan (total internal programs: 3, unique: 1)
Compiling shader "Aether/RushOcean"
  Pass "" (vp)
    Target graphics API: gles3
    Full variant space:         4
    After settings filtering:   4
    After built-in stripping:   3
    After scriptable stripping: 3
    Processed in 0.00 seconds
    Target graphics API: vulkan
    Full variant space:         4
    After settings filtering:   4
    After built-in stripping:   3
    After scriptable stripping: 3
    Processed in 0.00 seconds
  Pass  (vp, gles3) finished in 0.00 seconds. Local cache hits 3 (0.00s CPU time), remote cache hits 0 (0.00s CPU time), compiled 0 variants (0.00s CPU time), skipped 0 variants.
  Pass  (vp, vulkan) finished in 0.00 seconds. Local cache hits 3 (0.00s CPU time), remote cache hits 0 (0.00s CPU time), compiled 0 variants (0.00s CPU time), skipped 0 variants.
    Prepared data for serialisation in 0.00s
Serialized binary data for shader Aether/RushOcean in 0.00s
    gles3 (total internal programs: 3, unique: 1)
    vulkan (total internal programs: 3, unique: 1)
Compiling shader "Aether/StoreGlass"
  Pass "" (vp)
    Target graphics API: gles3
    Full variant space:         1
    After settings filtering:   1
    After built-in stripping:   3
    After scriptable stripping: 3
    Processed in 0.00 seconds
    Target graphics API: vulkan
    Full variant space:         1
    After settings filtering:   1
    After built-in stripping:   3
    After scriptable stripping: 3
    Processed in 0.00 seconds
  Pass  (vp, gles3) finished in 0.00 seconds. Local cache hits 3 (0.00s CPU time), remote cache hits 0 (0.00s CPU time), compiled 0 variants (0.00s CPU time), skipped 0 variants.
  Pass  (vp, vulkan) finished in 0.00 seconds. Local cache hits 3 (0.00s CPU time), remote cache hits 0 (0.00s CPU time), compiled 0 variants (0.00s CPU time), skipped 0 variants.
    Prepared data for serialisation in 0.00s
Serialized binary data for shader Aether/StoreGlass in 0.00s
    gles3 (total internal programs: 3, unique: 1)
    vulkan (total internal programs: 3, unique: 1)
Compiling shader "Aether/SpeedGhost"
  Pass "" (vp)
    Target graphics API: gles3
    Full variant space:         1
    After settings filtering:   1
    After built-in stripping:   3
    After scriptable stripping: 3
    Processed in 0.00 seconds
    Target graphics API: vulkan
    Full variant space:         1
    After settings filtering:   1
    After built-in stripping:   3
    After scriptable stripping: 3
    Processed in 0.00 seconds
  Pass  (vp, gles3) finished in 0.00 seconds. Local cache hits 3 (0.00s CPU time), remote cache hits 0 (0.00s CPU time), compiled 0 variants (0.00s CPU time), skipped 0 variants.
  Pass  (vp, vulkan) finished in 0.00 seconds. Local cache hits 3 (0.00s CPU time), remote cache hits 0 (0.00s CPU time), compiled 0 variants (0.00s CPU time), skipped 0 variants.
    Prepared data for serialisation in 0.00s
Serialized binary data for shader Aether/SpeedGhost in 0.00s
    gles3 (total internal programs: 3, unique: 1)
    vulkan (total internal programs: 3, unique: 1)
Compiling shader "Aether/Paint"
  Pass "FORWARD" (vp)
    Target graphics API: gles3
    Full variant space:         664
    After settings filtering:   664
    After built-in stripping:   48
    After scriptable stripping: 48
    Processed in 0.00 seconds
    Target graphics API: vulkan
    Full variant space:         664
    After settings filtering:   664
    After built-in stripping:   48
    After scriptable stripping: 48
    Processed in 0.00 seconds
  Pass "FORWARD" (vp)
    Target graphics API: gles3
    Full variant space:         188
    After settings filtering:   188
    After built-in stripping:   39
    After scriptable stripping: 39
    Processed in 0.00 seconds
    Target graphics API: vulkan
    Full variant space:         188
    After settings filtering:   188
    After built-in stripping:   39
    After scriptable stripping: 39
    Processed in 0.00 seconds
  Pass "DEFERRED" (vp)
    Target graphics API: gles3
    Full variant space:         76
    After settings filtering:   76
    After built-in stripping:   24
    After scriptable stripping: 24
    Processed in 0.00 seconds
    Target graphics API: vulkan
    Full variant space:         76
    After settings filtering:   76
    After built-in stripping:   24
    After scriptable stripping: 24
    Processed in 0.00 seconds
  Pass "ShadowCaster" (vp)
    Target graphics API: gles3
    Full variant space:         4
    After settings filtering:   4
    After built-in stripping:   12
    After scriptable stripping: 12
    Processed in 0.00 seconds
    Target graphics API: vulkan
    Full variant space:         4
    After settings filtering:   4
    After built-in stripping:   12
    After scriptable stripping: 12
    Processed in 0.00 seconds
  Pass FORWARD (vp, gles3) finished in 0.01 seconds. Local cache hits 48 (0.01s CPU time), remote cache hits 0 (0.00s CPU time), compiled 0 variants (0.00s CPU time), skipped 0 variants.
  Pass FORWARD (vp, vulkan) finished in 0.01 seconds. Local cache hits 48 (0.01s CPU time), remote cache hits 0 (0.00s CPU time), compiled 0 variants (0.00s CPU time), skipped 0 variants.
    Prepared data for serialisation in 0.00s
  Pass FORWARD (vp, gles3) finished in 0.01 seconds. Local cache hits 39 (0.01s CPU time), remote cache hits 0 (0.00s CPU time), compiled 0 variants (0.00s CPU time), skipped 0 variants.
  Pass FORWARD (vp, vulkan) finished in 0.01 seconds. Local cache hits 39 (0.01s CPU time), remote cache hits 0 (0.00s CPU time), compiled 0 variants (0.00s CPU time), skipped 0 variants.
    Prepared data for serialisation in 0.00s
  Pass DEFERRED (vp, gles3) finished in 0.01 seconds. Local cache hits 24 (0.00s CPU time), remote cache hits 0 (0.00s CPU time), compiled 0 variants (0.00s CPU time), skipped 0 variants.
  Pass DEFERRED (vp, vulkan) finished in 0.01 seconds. Local cache hits 24 (0.02s CPU time), remote cache hits 0 (0.00s CPU time), compiled 0 variants (0.00s CPU time), skipped 0 variants.
    Prepared data for serialisation in 0.00s
  Pass ShadowCaster (vp, gles3) finished in 0.00 seconds. Local cache hits 12 (0.00s CPU time), remote cache hits 0 (0.00s CPU time), compiled 0 variants (0.00s CPU time), skipped 0 variants.
  Pass ShadowCaster (vp, vulkan) finished in 0.00 seconds. Local cache hits 12 (0.00s CPU time), remote cache hits 0 (0.00s CPU time), compiled 0 variants (0.00s CPU time), skipped 0 variants.
    Prepared data for serialisation in 0.00s
Serialized binary data for shader Aether/Paint in 0.00s
    gles3 (total internal programs: 123, unique: 70)
    vulkan (total internal programs: 123, unique: 70)
Compiling shader "Aether/TireSmoke"
  Pass "" (vp)
    Target graphics API: gles3
    Full variant space:         1
    After settings filtering:   1
    After built-in stripping:   3
    After scriptable stripping: 3
    Processed in 0.00 seconds
    Target graphics API: vulkan
    Full variant space:         1
    After settings filtering:   1
    After built-in stripping:   3
    After scriptable stripping: 3
    Processed in 0.00 seconds
  Pass  (vp, gles3) finished in 0.00 seconds. Local cache hits 3 (0.00s CPU time), remote cache hits 0 (0.00s CPU time), compiled 0 variants (0.00s CPU time), skipped 0 variants.
  Pass  (vp, vulkan) finished in 0.00 seconds. Local cache hits 3 (0.00s CPU time), remote cache hits 0 (0.00s CPU time), compiled 0 variants (0.00s CPU time), skipped 0 variants.
    Prepared data for serialisation in 0.00s
Serialized binary data for shader Aether/TireSmoke in 0.00s
    gles3 (total internal programs: 3, unique: 1)
    vulkan (total internal programs: 3, unique: 1)
Compiling shader "Aether/AirahTerrain"
  Pass "FORWARD" (vp)
    Target graphics API: gles3
    Full variant space:         664
    After settings filtering:   664
    After built-in stripping:   48
    After scriptable stripping: 48
    Processed in 0.01 seconds
    Target graphics API: vulkan
    Full variant space:         664
    After settings filtering:   664
    After built-in stripping:   48
    After scriptable stripping: 48
    Processed in 0.00 seconds
  Pass "DEFERRED" (vp)
    Target graphics API: gles3
    Full variant space:         76
    After settings filtering:   76
    After built-in stripping:   24
    After scriptable stripping: 24
    Processed in 0.00 seconds
    Target graphics API: vulkan
    Full variant space:         76
    After settings filtering:   76
    After built-in stripping:   24
    After scriptable stripping: 24
    Processed in 0.00 seconds
  Pass FORWARD (vp, gles3) finished in 0.00 seconds. Local cache hits 48 (0.01s CPU time), remote cache hits 0 (0.00s CPU time), compiled 0 variants (0.00s CPU time), skipped 0 variants.
  Pass FORWARD (vp, vulkan) finished in 0.00 seconds. Local cache hits 48 (0.01s CPU time), remote cache hits 0 (0.00s CPU time), compiled 0 variants (0.00s CPU time), skipped 0 variants.
    Prepared data for serialisation in 0.00s
  Pass DEFERRED (vp, gles3) finished in 0.00 seconds. Local cache hits 24 (0.00s CPU time), remote cache hits 0 (0.00s CPU time), compiled 0 variants (0.00s CPU time), skipped 0 variants.
  Pass DEFERRED (vp, vulkan) finished in 0.00 seconds. Local cache hits 24 (0.00s CPU time), remote cache hits 0 (0.00s CPU time), compiled 0 variants (0.00s CPU time), skipped 0 variants.
    Prepared data for serialisation in 0.00s
Serialized binary data for shader Aether/AirahTerrain in 0.00s
    gles3 (total internal programs: 72, unique: 24)
    vulkan (total internal programs: 72, unique: 24)
Compiling shader "Aether/AirahSky"
  Pass "" (vp)
    Target graphics API: gles3
    Full variant space:         1
    After settings filtering:   1
    After built-in stripping:   3
    After scriptable stripping: 3
    Processed in 0.00 seconds
    Target graphics API: vulkan
    Full variant space:         1
    After settings filtering:   1
    After built-in stripping:   3
    After scriptable stripping: 3
    Processed in 0.00 seconds
  Pass  (vp, gles3) finished in 0.00 seconds. Local cache hits 3 (0.00s CPU time), remote cache hits 0 (0.00s CPU time), compiled 0 variants (0.00s CPU time), skipped 0 variants.
  Pass  (vp, vulkan) finished in 0.00 seconds. Local cache hits 3 (0.00s CPU time), remote cache hits 0 (0.00s CPU time), compiled 0 variants (0.00s CPU time), skipped 0 variants.
    Prepared data for serialisation in 0.00s
Serialized binary data for shader Aether/AirahSky in 0.00s
    gles3 (total internal programs: 3, unique: 1)
    vulkan (total internal programs: 3, unique: 1)

***Player size statistics***
Level 0 'Assets/Scenes/AetherGrounds.unity' uses 18.1 MB compressed / 33.2 MB uncompressed.
Total compressed size 18.1 MB. Total uncompressed size 33.2 MB.
SpriteAtlasDatabase::Cleanup
DisplayProgressbar: Initializing
Android PostProcess task "Initializing" took 1.0653 ms
DisplayProgressbar: Check gradle project collisions
Android PostProcess task "Check gradle project collisions" took 0.4309 ms
DisplayProgressbar: Preparing banner
Android PostProcess task "Preparing banner" took 0.6391 ms
    Call "UnityEditor.Android.AndroidHardwareProfilesManager.Setup" from assembly 'UnityEditor.Android.Extensions'
Starting: C:\Program Files\Unity\Hub\Editor\6000.6.0f1\Editor\Data\Tools\BuildPipeline\bee_backend.exe --ipc --dagfile="Library/Bee/Playerf7fb454a.dag" --profile="Library/Bee/backend1.traceevents" Player
WorkingDir: A:/Python/aether-grounds
DisplayProgressbar: Incremental Player Build
Starting: C:\Program Files\Unity\Hub\Editor\6000.6.0f1\Editor\Data\DotNetSdk\dotnet.exe "C:\Program Files\Unity\Hub\Editor\6000.6.0f1\Editor\Data\PlaybackEngines\AndroidPlayer\AndroidPlayerBuildProgram.exe" "C:/Program Files/Unity/Hub/Editor/6000.6.0f1/Editor/Data/PlaybackEngines/AndroidPlayer/Bee;C:/Program Files/Unity/Hub/Editor/6000.6.0f1/Editor/Data/Tools/BuildPipeline" "Library/Bee/Playerf7fb454a.dag.json" "Library/Bee/Playerf7fb454a-inputdata.json" "Library\Bee\buildprogram0.traceevents"
WorkingDir: A:/Python/aether-grounds
ExitCode: 4 Duration: 5s780ms
ExitCode: 0 Duration: 0s953ms
Starting: C:\Program Files\Unity\Hub\Editor\6000.6.0f1\Editor\Data\Tools\BuildPipeline\bee_backend.exe --ipc --dagfile="Library/Bee/Playerf7fb454a.dag" --dagfilejson="Library\Bee\Playerf7fb454a.dag.json" --profile="Library/Bee/backend2.traceevents" Player
WorkingDir: A:/Python/aether-grounds
Starting: C:\Program Files\Unity\Hub\Editor\6000.6.0f1\Editor\Data\DotNetSdk\dotnet.exe "C:\Program Files\Unity\Hub\Editor\6000.6.0f1\Editor\Data\PlaybackEngines\AndroidPlayer\AndroidPlayerBuildProgram.exe" "C:/Program Files/Unity/Hub/Editor/6000.6.0f1/Editor/Data/PlaybackEngines/AndroidPlayer/Bee;C:/Program Files/Unity/Hub/Editor/6000.6.0f1/Editor/Data/Tools/BuildPipeline" "Library/Bee/Playerf7fb454a.dag.json" "Library/Bee/Playerf7fb454a-inputdata.json" "Library\Bee\buildprogram1.traceevents"
WorkingDir: A:/Python/aether-grounds
ExitCode: 4 Duration: 19s
ExitCode: 0 Duration: 1s105ms
Starting: C:\Program Files\Unity\Hub\Editor\6000.6.0f1\Editor\Data\Tools\BuildPipeline\bee_backend.exe --ipc --dagfile="Library/Bee/Playerf7fb454a.dag" --dagfilejson="Library\Bee\Playerf7fb454a.dag.json" --profile="Library/Bee/backend3.traceevents" Player
WorkingDir: A:/Python/aether-grounds
ExitCode: 0 Duration: 0s241ms
DisplayProgressbar: Calling IPostGenerateGradleAndroidProject callbacks
Calling IPostGenerateGradleAndroidProject callbacks on 'A:\Python\aether-grounds\Library\Bee\Android\Prj\IL2CPP\Gradle\unityLibrary':
Android PostProcess task "Calling IPostGenerateGradleAndroidProject callbacks" took 1.9102 ms
DisplayProgressbar: Validate Gradle Project
Android PostProcess task "Validate Gradle Project" took 1.1232 ms
Android PostProcess task "Unity Services Symbol Upload" took 0.6043 ms
DisplayProgressbar: Building Gradle project
Total cache size 268296981
Total cache size after purge 268296981, took 00:00:00.3351153
Starting: C:\Program Files\Unity\Hub\Editor\6000.6.0f1\Editor\Data\PlaybackEngines\AndroidPlayer\OpenJDK\bin\java.exe -classpath "C:\Program Files\Unity\Hub\Editor\6000.6.0f1\Editor\Data\PlaybackEngines\AndroidPlayer\Tools\gradle\lib\gradle-launcher-9.1.0.jar" org.gradle.launcher.GradleMain "-Dorg.gradle.jvmargs=-Xmx4096m" "assembleRelease" 
WorkingDir: A:/Python/aether-grounds/Library/Bee/Android/Prj/IL2CPP/Gradle\launcher
Build log was saved at 'A:\Python\aether-grounds\Library\Bee\Android\Prj\IL2CPP\Gradle\launcher\build\outputs\logs\unity-assembleRelease-build.log'
Android PostProcess task "Building Gradle project" took 29675.681 ms
DisplayProgressbar: Building Gradle Symbols
Android PostProcess task "Building Gradle Symbols" took 0.3778 ms
DisplayProgressbar: Processing Mapping File
Android PostProcess task "Processing Mapping File" took 0.4117 ms
DisplayProgressbar: Moving output package(s)
Deleting file 'A:/Python/aether-grounds/Build/Android/Aether-Grounds.apk'
Copy 'A:/Python/aether-grounds/Library/Bee/Android/Prj/IL2CPP/Gradle\launcher\build\outputs\apk\release\launcher-release.apk' -> 
 'A:/Python/aether-grounds/Build/Android/Aether-Grounds.apk'
Android PostProcess task "Moving output package(s)" took 21.9191 ms
Android PostProcess task "Checking Symbols size" took 1.5543 ms

-------------------------------------------------------------------------------
Build Report
Uncompressed usage by category (Percentages based on user generated assets only):
Textures               17.8 mb	 56.1% 
Meshes                 0.0 kb	 0.0% 
Animations             0.0 kb	 0.0% 
Sounds                 0.0 kb	 0.0% 
Shaders                466.8 kb	 1.4% 
Other Assets           13.5 mb	 42.4% 
Levels                 0.0 kb	 0.0% 
File headers           8.2 kb	 0.0% 
Total User Assets      31.8 mb	 100.0% 
Complete build size    204.2 mb
Used Assets and files from the Resources folder, sorted by uncompressed size:
 2.7 mb	 1.3% Built-in Texture2D: Splash Screen Unity Logo
 1.3 mb	 0.7% Assets/Resources/Brand/AetherGroundsLogo.png
 1.3 mb	 0.7% Assets/Resources/Rush/Sunset.png
 1.3 mb	 0.7% Assets/Resources/Rush/Storm.png
 1.3 mb	 0.7% Assets/Resources/Rush/Canyon.png
 816.7 kb	 0.4% Assets/Resources/Models/K_building-j.json
 682.8 kb	 0.3% Assets/Resources/Textures/DowntownPlaster.png
 682.8 kb	 0.3% Assets/Resources/Textures/DowntownAsphalt.png
 682.8 kb	 0.3% Assets/Resources/PaintStyles/LiquidChrome.png
 682.8 kb	 0.3% Assets/Resources/PaintStyles/Honeycomb.png
 682.8 kb	 0.3% Assets/Resources/PaintStyles/ForgedCarbon.png
 682.8 kb	 0.3% Assets/Resources/PaintStyles/BrushedMetal.png
 682.8 kb	 0.3% Assets/Resources/Airah/GraniteMoss.png
 682.8 kb	 0.3% Assets/Resources/PaintStyles/Pearl.png
 682.8 kb	 0.3% Assets/Resources/PaintStyles/Marble.png
 682.8 kb	 0.3% Assets/Resources/PaintStyles/Jelly.png
 682.8 kb	 0.3% Assets/Resources/PaintStyles/Glitter.png
 682.8 kb	 0.3% Assets/Resources/PaintStyles/Carbon.png
 682.8 kb	 0.3% Assets/Resources/Airah/Meadow.png
 682.8 kb	 0.3% Assets/Resources/PaintStyles/Lava.png
 653.0 kb	 0.3% Assets/Resources/Models/K_building-n.json
 527.1 kb	 0.3% Resources/unity_builtin_extra
 504.8 kb	 0.2% Assets/Resources/Models/K_building-m.json
 503.8 kb	 0.2% Assets/Resources/Models/K_building-l.json
 491.7 kb	 0.2% Assets/Resources/Models/K_building-k.json
 361.6 kb	 0.2% Assets/Resources/Models/D_industrial_building-c.json
 343.6 kb	 0.2% Assets/Resources/Models/D_industrial_building-a.json
 337.6 kb	 0.2% Assets/Resources/Models/K_building-i.json
 337.6 kb	 0.2% Assets/Resources/Models/K_building-skyscraper-d.json
 301.0 kb	 0.1% Assets/Resources/Models/Vanta.json
 300.8 kb	 0.1% Assets/Resources/Models/K_building-g.json
 295.7 kb	 0.1% Assets/Resources/Models/K_building-skyscraper-c.json
 293.8 kb	 0.1% Assets/Resources/Models/Nomad.json
 291.3 kb	 0.1% Assets/Resources/Models/Miso.json
 276.3 kb	 0.1% Assets/Resources/Models/D_industrial_building-f.json
 272.7 kb	 0.1% Assets/Resources/Models/K_building-h.json
 267.1 kb	 0.1% Assets/Resources/Models/K_building-f.json
 248.0 kb	 0.1% Assets/Resources/Models/K_building-skyscraper-b.json
 239.6 kb	 0.1% Assets/Resources/Models/K_building-e.json
 222.6 kb	 0.1% Assets/Resources/Models/K_building-type-c.json
 202.9 kb	 0.1% Assets/Resources/Models/D_industrial_solar-panel-portrait-group.json
 202.7 kb	 0.1% Assets/Resources/Malasugue.json
 201.2 kb	 0.1% Assets/Resources/Models/D_industrial_solar-panel-landscape-group.json
 198.5 kb	 0.1% Assets/Resources/Models/K_building-skyscraper-a.json
 196.1 kb	 0.1% Assets/Resources/Models/K_building-a.json
 195.2 kb	 0.1% Assets/Resources/Models/K_building-c.json
 191.6 kb	 0.1% Assets/Resources/Models/K_building-type-a.json
 190.4 kb	 0.1% Assets/Resources/Models/Spectre.json
 183.6 kb	 0.1% Assets/Resources/Models/Atlas.json
 180.4 kb	 0.1% Assets/Resources/Models/K_building-skyscraper-e.json
 179.3 kb	 0.1% Assets/Resources/Models/D_industrial_water-tower.json
 177.9 kb	 0.1% Assets/Resources/Models/Relay.json
 177.3 kb	 0.1% Assets/Resources/Models/K_hatchback-sports.json
 173.0 kb	 0.1% Assets/Resources/Models/K_van.json
 172.8 kb	 0.1% Assets/Resources/Models/K_building-b.json
 172.3 kb	 0.1% Assets/Resources/Models/Manta.json
 172.2 kb	 0.1% Assets/Resources/Models/K_truck.json
 168.9 kb	 0.1% Assets/Resources/Models/Pip.json
 167.7 kb	 0.1% Assets/Resources/Models/Cinder.json
 167.3 kb	 0.1% Assets/Resources/Models/K_sedan.json
 166.3 kb	 0.1% Assets/Resources/Models/Comet.json
 164.6 kb	 0.1% Assets/Resources/Models/K_taxi.json
 163.4 kb	 0.1% Assets/Shaders/AetherSurface.shader
 157.0 kb	 0.1% Assets/Resources/Models/K_building-d.json
 148.6 kb	 0.1% Assets/Resources/Models/K_watermelon.json
 146.6 kb	 0.1% Assets/Shaders/CarPaint.shader
 110.2 kb	 0.1% Assets/Resources/Models/D_industrial_detail-tank-large.json
 77.9 kb	 0.0% Assets/Resources/Models/D_racing_bannerTowerGreen.json
 77.9 kb	 0.0% Assets/Resources/Models/D_racing_bannerTowerRed.json
 73.9 kb	 0.0% Assets/Resources/Models/D_industrial_shipping-container-a.json
 73.4 kb	 0.0% Assets/Resources/Models/D_industrial_shipping-container-b.json
 73.1 kb	 0.0% Assets/Resources/Models/D_industrial_shipping-container-c.json
 67.9 kb	 0.0% Assets/Resources/Models/D_industrial_windmill.json
 67.1 kb	 0.0% Assets/Resources/Models/D_racing_lightPostLarge.json
 64.2 kb	 0.0% Assets/Resources/Models/D_industrial_detail-tank.json
 58.1 kb	 0.0% Assets/Resources/Models/D_racing_radarEquipment.json
 55.6 kb	 0.0% Assets/Resources/Models/D_racing_grandStandAwning.json
 52.9 kb	 0.0% Assets/Resources/Models/K_barrel.json
 51.1 kb	 0.0% Assets/Resources/Models/K_fish.json
 43.1 kb	 0.0% Assets/Resources/Models/K_pot.json
 41.3 kb	 0.0% Assets/Resources/Models/K_pineapple.json
 39.6 kb	 0.0% Assets/Resources/Models/D_racing_lightPostModern.json
 39.0 kb	 0.0% Assets/Resources/Models/K_planter.json
 35.0 kb	 0.0% Assets/Shaders/AirahTerrain.shader
 34.9 kb	 0.0% Assets/Resources/Models/K_tree_palmDetailedShort.json
 34.5 kb	 0.0% Assets/Resources/Models/K_tree_palmDetailedTall.json
 33.6 kb	 0.0% Assets/Resources/Models/D_industrial_chimney-large.json
 33.2 kb	 0.0% Assets/Resources/Models/D_racing_grandStandCovered.json
 30.7 kb	 0.0% Assets/Resources/Models/D_racing_tentRoofDouble.json
 27.9 kb	 0.0% Assets/Resources/Models/K_apple.json
 27.6 kb	 0.0% Assets/Resources/Models/D_racing_flagGreen.json
 27.6 kb	 0.0% Assets/Resources/Models/D_racing_flagRed.json
 27.5 kb	 0.0% Assets/Resources/Models/D_racing_flagCheckers.json
 26.0 kb	 0.0% Assets/Resources/Models/K_corn.json
 25.5 kb	 0.0% Assets/Resources/Models/D_racing_billboardLow.json
 25.3 kb	 0.0% Assets/Resources/Models/D_racing_billboard.json
 25.1 kb	 0.0% Assets/Resources/Models/D_racing_grandStand.json
 24.4 kb	 0.0% Assets/Resources/Models/K_bread.json
 24.1 kb	 0.0% Assets/Resources/Models/K_fence-low.json
 23.8 kb	 0.0% Assets/Resources/Models/K_plate.json
 23.0 kb	 0.0% Assets/Resources/Models/D_nature_grass_large.json
 22.4 kb	 0.0% Assets/Resources/Models/K_banana.json
 22.3 kb	 0.0% Assets/Resources/Models/K_orange.json
 21.6 kb	 0.0% Assets/Resources/Models/K_soda-bottle.json
 19.0 kb	 0.0% Assets/Resources/Models/K_tree_oak.json
 19.0 kb	 0.0% Assets/Resources/Models/D_racing_pylon.json
 18.8 kb	 0.0% Assets/Resources/Models/D_racing_railDouble.json
 18.3 kb	 0.0% Assets/Resources/Models/TrackStation.json
 17.2 kb	 0.0% Assets/Resources/Models/K_tree_palmBend.json
 16.9 kb	 0.0% Assets/Resources/Models/D_nature_log_stack.json
 16.9 kb	 0.0% Assets/Resources/Models/K_bowl.json
 16.3 kb	 0.0% Assets/Resources/Models/D_racing_pitsGarage.json
 15.7 kb	 0.0% Assets/Shaders/AetherToon.shader
 15.7 kb	 0.0% Assets/Resources/Models/D_racing_pitsOffice.json
 15.6 kb	 0.0% Assets/Resources/Models/D_racing_tentClosed.json
 15.2 kb	 0.0% Assets/Resources/Models/D_nature_mushroom_redGroup.json
 15.2 kb	 0.0% Assets/Resources/Models/D_nature_mushroom_tanGroup.json
 14.4 kb	 0.0% Assets/Resources/Models/D_racing_treeSmall.json
 14.3 kb	 0.0% Assets/Resources/Models/K_skewer.json
 14.2 kb	 0.0% Assets/Resources/Models/K_coconut.json
 14.1 kb	 0.0% Assets/Resources/Models/D_racing_treeLarge.json
 14.1 kb	 0.0% Assets/Resources/Models/K_fence.json
 13.7 kb	 0.0% Assets/Resources/Models/D_nature_stone_tallA.json
 13.5 kb	 0.0% Assets/Resources/Models/D_nature_grass_leafsLarge.json
 12.8 kb	 0.0% Assets/Resources/Models/RaceArch.json
 11.8 kb	 0.0% Assets/Shaders/AetherLightVolume.shader
 11.6 kb	 0.0% Assets/Resources/Models/D_racing_tent.json
 11.6 kb	 0.0% Assets/Resources/Models/D_nature_cactus_short.json
 11.3 kb	 0.0% Assets/Resources/Models/AirahCivilian1.json
 11.2 kb	 0.0% Assets/Shaders/AetherPost.shader
 11.0 kb	 0.0% Assets/Resources/Models/D_nature_cactus_tall.json
 10.6 kb	 0.0% Assets/Resources/Models/AirahCivilian0.json
 9.7 kb	 0.0% Assets/Resources/Models/D_nature_plant_bushDetailed.json
 9.5 kb	 0.0% Assets/Resources/Models/AlienTree.json
 9.5 kb	 0.0% Assets/Resources/Models/AirahFern.json
 8.9 kb	 0.0% Assets/Resources/Models/K_bag.json
 8.5 kb	 0.0% Assets/Resources/Models/AirahBroadleaf.json
 8.4 kb	 0.0% Assets/Shaders/AetherWater.shader
 8.1 kb	 0.0% Assets/Shaders/AirahSky.shader
 8.0 kb	 0.0% Assets/Resources/Models/K_rock_largeA.json
 7.9 kb	 0.0% Assets/Resources/Models/D_nature_stone_largeA.json
 7.4 kb	 0.0% Assets/Shaders/AetherRushOcean.shader
 7.2 kb	 0.0% Assets/Resources/Models/K_tree-small.json
 7.0 kb	 0.0% Assets/Resources/Models/K_rock_largeC.json
 7.0 kb	 0.0% Assets/Resources/Models/D_nature_stone_largeC.json
 6.8 kb	 0.0% Assets/Resources/Models/D_nature_flower_yellowA.json
 6.8 kb	 0.0% Assets/Resources/Models/D_nature_flower_purpleA.json
 6.8 kb	 0.0% Assets/Resources/Models/D_nature_flower_redA.json
 6.4 kb	 0.0% Assets/Shaders/AetherRushSky.shader
 6.3 kb	 0.0% Assets/Shaders/AetherSky.shader
 6.1 kb	 0.0% Assets/Shaders/StoreGlass.shader
 5.9 kb	 0.0% Assets/Resources/Models/D_nature_plant_bushLarge.json
 5.7 kb	 0.0% Assets/Shaders/AetherIce.shader
 5.6 kb	 0.0% Assets/Resources/Models/AirahPine2.json
 5.6 kb	 0.0% Assets/Resources/Models/AirahPine1.json
 5.5 kb	 0.0% Assets/Resources/Models/AirahPine0.json
 5.5 kb	 0.0% Assets/Shaders/SpeedGhost.shader
 5.2 kb	 0.0% Assets/Shaders/AetherShield.shader
 4.9 kb	 0.0% Assets/Shaders/StructureText.shader
 4.8 kb	 0.0% Assets/Resources/Models/D_racing_fenceStraight.json
 4.7 kb	 0.0% Assets/Shaders/TireSmoke.shader
 4.5 kb	 0.0% Assets/Resources/Models/AirahShelter.json
 4.0 kb	 0.0% Assets/Resources/Models/D_racing_barrierWhite.json
 4.0 kb	 0.0% Assets/Resources/Models/D_racing_barrierRed.json
 3.8 kb	 0.0% Assets/Resources/Models/D_nature_stone_tallC.json
 3.5 kb	 0.0% Assets/Resources/Models/D_nature_grass_leafs.json
 2.4 kb	 0.0% Assets/Resources/Models/CrystalCluster.json
 2.2 kb	 0.0% Assets/Resources/Models/RoadModule.json
 2.2 kb	 0.0% Assets/Resources/Models/AirahLog.json
 1.8 kb	 0.0% Assets/Resources/Models/AirahRock2.json
 1.8 kb	 0.0% Assets/Resources/Models/AirahRock3.json
 1.8 kb	 0.0% Assets/Resources/Models/AirahRock1.json
 1.8 kb	 0.0% Assets/Resources/Models/AirahRock0.json
 1.6 kb	 0.0% Assets/Resources/Models/K_rock_smallC.json
 1.6 kb	 0.0% Assets/Resources/Models/K_rock_smallA.json
 1.6 kb	 0.0% Assets/Resources/Models/D_nature_stone_smallA.json
 1.6 kb	 0.0% Assets/Resources/Models/D_nature_stone_smallC.json
 1.4 kb	 0.0% Assets/Resources/Models/D_nature_plant_bushSmall.json
 1.1 kb	 0.0% Assets/Resources/Models/AirahPineFar.json
 1.0 kb	 0.0% Assets/Resources/Models/AirahBroadleafFar.json
 0.8 kb	 0.0% Assets/Scenes/AetherGrounds.unity
 0.6 kb	 0.0% Assets/Resources/Models/Rock.json
 0.4 kb	 0.0% Assets/Resources/Commerce/SupportPublicKey.txt
 0.4 kb	 0.0% Built-in Sprite: 
 0.1 kb	 0.0% Assets/Scripts/TownTrafficSystem.cs
 0.1 kb	 0.0% Assets/Scripts/TricycleTraffic.cs
 0.1 kb	 0.0% Assets/Scripts/StructureSign.cs
 0.1 kb	 0.0% Assets/Scripts/RushVisualTest.cs
 0.1 kb	 0.0% Assets/Scripts/RoadGuideLights.cs
 0.1 kb	 0.0% Assets/Scripts/PremiumWorld.cs
 0.1 kb	 0.0% Assets/Scripts/PremiumWeapons.cs
 0.1 kb	 0.0% Assets/Scripts/PremiumLighting.cs
 0.1 kb	 0.0% Assets/Scripts/PhysicsSmokeTest.cs
 0.1 kb	 0.0% Assets/Scripts/PhilippineCity.cs
 0.1 kb	 0.0% Assets/Scripts/NeighborhoodTest.cs
 0.1 kb	 0.0% Assets/Scripts/MalasugueTown.cs
 0.1 kb	 0.0% Assets/Scripts/AirahMobileTest.cs
 0.1 kb	 0.0% Assets/Scripts/SupportShop.cs
 0.1 kb	 0.0% Assets/Scripts/RaceCompletion.cs
 0.1 kb	 0.0% Assets/Scripts/TrackWorld.cs
 0.1 kb	 0.0% Assets/Scripts/TrackFeatures.cs
 0.1 kb	 0.0% Assets/Scripts/SupportTrail.cs
 0.1 kb	 0.0% Assets/Scripts/StuntTest.cs
 0.1 kb	 0.0% Assets/Scripts/StorePage.cs
 0.1 kb	 0.0% Assets/Scripts/RushWeather.cs
 0.1 kb	 0.0% Assets/Scripts/RushInventory.cs
 0.1 kb	 0.0% Assets/Scripts/ResultsStage.cs
 0.1 kb	 0.0% Assets/Scripts/RaceEffects.cs
 0.1 kb	 0.0% Assets/Scripts/Presentation.cs
 0.1 kb	 0.0% Assets/Scripts/PremiumTest.cs
 0.1 kb	 0.0% Assets/Scripts/PlatformUI.cs
 0.1 kb	 0.0% Assets/Scripts/PlatformTest.cs
 0.1 kb	 0.0% Assets/Scripts/PaintStyles.cs
 0.1 kb	 0.0% Assets/Scripts/OverhaulTest.cs
 0.1 kb	 0.0% Assets/Scripts/ModelLibrary.cs
 0.1 kb	 0.0% Assets/Scripts/FinishTest.cs
 0.1 kb	 0.0% Assets/Scripts/DetailTest.cs
 0.1 kb	 0.0% Assets/Scripts/CityPhysics.cs
 0.1 kb	 0.0% Assets/Scripts/AirahTraffic.cs
 0.1 kb	 0.0% Assets/Scripts/AirahTest.cs
 0.1 kb	 0.0% Assets/Scripts/Vehicle.cs
 0.1 kb	 0.0% Assets/Scripts/RushTest.cs
 0.1 kb	 0.0% Assets/Scripts/CityTest.cs
 0.1 kb	 0.0% Assets/Scripts/CityLife.cs
 0.1 kb	 0.0% Assets/Scripts/CarParts.cs
 0.1 kb	 0.0% Assets/Scripts/Game.cs
-------------------------------------------------------------------------------
Unloading 167 Unused Serialized files (Serialized files now loaded: 0)
Unloading 155 unused Assets / (2.8 MB). Loaded Objects now: 1366.
Memory consumption went from 272.8 MB to 269.9 MB.
Total: 16.081000 ms (FindLiveObjects: 0.212600 ms CreateObjectMapping: 0.027200 ms MarkObjects: 15.428700 ms  DeleteObjects: 0.273600 ms)

DisplayProgressNotification: Build Successful
Build Finished, Result: Success.
Unloading 0 Unused Serialized files (Serialized files now loaded: 0)
Loaded scene 'Temp/__Backupscenes/0.backup'
	Deserialize:            3.447 ms
	Integration:            29.747 ms
	Integration of assets:  0.004 ms
	Thread Wait Time:       0.023 ms
	Total Operation Time:   33.221 ms
Unloading 1 unused Assets / (21.0 KB). Loaded Objects now: 1663.
Memory consumption went from 258.6 MB to 258.6 MB.
Total: 16.769000 ms (FindLiveObjects: 0.289100 ms CreateObjectMapping: 0.033200 ms MarkObjects: 16.238800 ms  DeleteObjects: 0.024400 ms)

[Licensing::Client] Successfully resolved entitlement details
[Licensing::Client] Successfully resolved entitlement details
##utp:{"success":true,"type":"PlayerBuildInfo","version":2,"phase":"Immediate","time":1789828815190,"processId":10840,"steps":[{"description":"Call PrepareForBuild callbacks","duration":1},{"description":"Call internal build started callbacks","duration":0},{"description":"Preprocess Player","duration":27},{"description":"Save scenes before build","duration":0},{"description":"Prepare For Build","duration":3641},{"description":"ProducePlayerScriptAssemblies","duration":5251},{"description":"Verify Build setup","duration":63},{"description":"Prepare assets for target platform","duration":0},{"description":"Prepare splash screen","duration":0},{"description":"Build scripts DLLs","duration":36},{"description":"Building scenes","duration":464},{"description":"Build GlobalGameManagers file","duration":233},{"description":"Writing asset files","duration":299},{"description":"Building Resources/unity_builtin_extra","duration":397},{"description":"Creating compressed player package","duration":182},{"description":"Write data build dirty tracking information","duration":24},{"description":"Postprocess built player","duration":57810},{"description":"Call Post-Process callbacks","duration":42}],"duration":68470}
Batchmode quit successfully invoked - shutting down!
Starting: C:\Program Files\Unity\Hub\Editor\6000.6.0f1\Editor\Data\PlaybackEngines\AndroidPlayer\OpenJDK\bin\java.exe -classpath "C:\Program Files\Unity\Hub\Editor\6000.6.0f1\Editor\Data\PlaybackEngines\AndroidPlayer\Tools\gradle\lib\gradle-launcher-9.1.0.jar" org.gradle.launcher.GradleMain "-Dorg.gradle.jvmargs=-Xmx4096m" "--stop" 
WorkingDir: 
Build log was saved at 'A:\Python\aether-grounds\build\outputs\logs\unity---stop-build.log'
Killing ADB server in 2.1098516 seconds.
[Physics::Module] Cleanup current backend.
[Physics::Module] Id: 0xf2b8ea05
Input System module state changed to: ShutdownInProgress.
Input Polling Thread exited.
Input System module state changed to: Shutdown.
[Licensing::IpcConnector] LicenseClient-Azrin Azrael-notifications channel disconnected successfully.
[Licensing::IpcConnector] LicenseClient-Azrin Azrael channel disconnected successfully.
Lingering sessions upon destruction of worker manager
Unity Data Store service was successfully shut down
UDS shutting down local client system
Shut down UDS service system complete
AcceleratorClientConnectionCallback - disconnected - :0
Cleanup mono
CodeReloadManager destroyed
Exiting batchmode successfully now!
[ExitDontLaunchBugReporter] Exiting without the bug reporter. Application will exit with return code 0
