VBCSCompilerPreWarmer: pre-warm launched (dotnet PID 25176)
VBCSCompiler prewarm took 6.18 ms
Built from '6000.6/respin/6000.6.0f1-fa21a270ab12' branch; Version is '6000.6.0f1 (f7f8ed4d1e24) revision 16251117'; Using compiler version '194234433'; Build Type 'Release'
[Licensing::Module] Trying to connect to existing licensing client channel...
OS: 'Windows 10  (10.0.19045) 64bit Professional' Language: 'en' Physical Memory: 32690 MB
BatchMode: 1, IsHumanControllingUs: 0, StartBugReporterOnCrash: 0, Is64bit: 1
System  architecture: x64
Process architecture: x64
Date: 2026-09-09T17:26:04Z
[Licensing::IpcConnector] Channel LicenseClient-Azrin Azrael doesn't exist
[Licensing::Module] Successfully launched the LicensingClient (PId: 30452)

COMMAND LINE ARGUMENTS:
C:\Program Files\Unity\Hub\Editor\6000.6.0f1\Editor\Unity.exe
-projectPath
A:/Python/aether-grounds
-buildTarget
Android
-executeMethod
BuildGame.BuildAndroid
-batchmode
-quit
-logFile
A:/Python/aether-grounds/Evidence/android-build.log
Successfully changed project path to: A:/Python/aether-grounds
A:/Python/aether-grounds
[UnityMemory] Configuration Parameters - Can be set up in boot.config
    "memorysetup-temp-allocator-size-gi-baking-worker=262144"
    "memorysetup-temp-allocator-size-gi-baking-worker=262144"
    "memorysetup-temp-allocator-size-gi-baking-worker=262144"
    "memorysetup-temp-allocator-size-gi-baking-worker=262144"
    "memorysetup-temp-allocator-size-gi-baking-worker=262144"
    "memorysetup-temp-allocator-size-nav-mesh-worker=65536"
    "memorysetup-temp-allocator-size-audio-worker=65536"
    "memorysetup-temp-allocator-size-cloud-worker=32768"
    "memorysetup-temp-allocator-size-gfx=262144"
    "memorysetup-remapper-allocator-initial-capacity=32768"
    "memorysetup-temp-allocator-size-preload-manager=33554432"
    "memorysetup-allocator-temp-initial-block-size-main=262144"
    "memorysetup-allocator-temp-initial-block-size-worker=262144"
    "memorysetup-temp-allocator-size-job-worker=262144"
    "memorysetup-temp-allocator-size-background-worker=32768"
    "memorysetup-bucket-allocator-granularity=16"
    "memorysetup-bucket-allocator-bucket-count=8"
    "memorysetup-bucket-allocator-block-size=33554432"
    "memorysetup-bucket-allocator-block-count=8"
    "memorysetup-main-allocator-block-size=16777216"
    "memorysetup-thread-allocator-block-size=16777216"
    "memorysetup-main-allocator-mimalloc-enabled=1"
    "memorysetup-gfx-main-allocator-block-size=16777216"
    "memorysetup-gfx-thread-allocator-block-size=16777216"
    "memorysetup-cache-allocator-block-size=4194304"
    "memorysetup-typetree-allocator-block-size=2097152"
    "memorysetup-profiler-bucket-allocator-granularity=16"
    "memorysetup-profiler-bucket-allocator-bucket-count=8"
    "memorysetup-profiler-bucket-allocator-block-size=33554432"
    "memorysetup-profiler-bucket-allocator-block-count=8"
    "memorysetup-profiler-allocator-block-size=16777216"
    "memorysetup-profiler-editor-allocator-block-size=1048576"
    "memorysetup-temp-allocator-size-main=16777216"
    "memorysetup-job-temp-allocator-block-size=2097152"
    "memorysetup-job-temp-allocator-block-size-background=1048576"
    "memorysetup-job-temp-allocator-reduction-small-platforms=262144"
Logging is directed to a specific file, skipping project log.
Player connection [28668]  Target information:

Player connection [28668]  * "[IP] 192.168.254.116 [Port] 55504 [Flags] 2 [Guid] 3543085907 [EditorId] 3543085907 [Version] 1048832 [Id] WindowsEditor(7,DESKTOP-9MS8H02) [Debug] 1 [PackageName] WindowsEditor [ProjectName] Editor" 

Player connection [28668] Host joined multi-casting on [225.0.0.222:54997]...
Player connection [28668] Host joined alternative multi-casting on [225.0.0.222:34997]...
Input System module state changed to: Initialized.
[Physics::Module] Initialized fallback backend.
[Physics::Module] Id: 0xdecafbad
[Licensing::IpcConnector] Successfully connected to: "LicenseClient-Azrin Azrael" at "2026-09-09T17:26:05.1203368Z"
[Licensing::Client] Code 10 while verifying Licensing Client signature (process Id: 30452, path: "C:/Program Files/Unity/Hub/Editor/6000.6.0f1/Editor/Data/Resources/Licensing/Client/Unity.Licensing.Client.exe")
[Licensing::Module] LicensingClient has failed validation; ignoring
[Licensing::Client] Handshaking with LicensingClient:
  Version:                 1.18.3+d7ffd15
  Session Id:              cbb50207d8e244a9b6c4dff821e66462
  Correlation Id:          7d2219048391e3ef01dfa851ae6dcb29
  External correlation Id: 6225758181637116723
  Machine Id:              WwTD/V+HEZEkZZHKBHxVx+mMSis=
[Licensing::Module] Successfully connected to LicensingClient on channel: "LicenseClient-Azrin Azrael" (connect: 0.37s, validation: 0.18s, handshake: 0.05s)
[Licensing::IpcConnector] Successfully connected to: "LicenseClient-Azrin Azrael-notifications" at "2026-09-09T17:26:05.3493522Z"
[Licensing::Module] Connected to LicensingClient (PId: 30452, launch time: 0.00, total connection time: 0.60s)
[Licensing::Module] Error: Access token is unavailable; failed to update
[Licensing::Client] Successfully resolved entitlement details
[Licensing::Module] License group:
  Id: 18968495829972-UnityPersXXXX
  Product: Unity Personal
  Type: Assigned
  Expiration: Unlimited
[Package Manager] Connected to IPC stream "Upm-31100" after 0.4 seconds.
[Licensing::Module] Licensing is not yet initialized.
[Licensing::Client] Successfully updated license, isAsync: True, time: 0.01
[Licensing::Client] Successfully resolved entitlement details
[Licensing::Module] Licensing Background thread has ended after 0.66s
[Licensing::Module] Licensing is initialized (took 0.01s).
[Licensing::Client] Successfully resolved entitlement details
Library Redirect Path: Library/
Launching Unity Data Store - C:/Program Files/Unity/Hub/Editor/6000.6.0f1/Editor/Data/Tools/Unity.DataStore.exe 
Unity Data Store artifact dir = Library/DataStore, working dir = A:/Python/aether-grounds[Physics::Module] Selected backend.
[Physics::Module] Name: PhysX
[Physics::Module] Id: 0xf2b8ea05
[Physics::Module] SDK Version: 4.1.2
[Physics::Module] Integration Version: 1.0.0
[Physics::Module] Threading Mode: Multi-Threaded
Unity Data Store running and initialised
[Licensing::Client] Successfully resolved entitlement details
Targeting platform: Android
Initialize engine version: 6000.6.0f1 (f7f8ed4d1e24)
[EntityIdStore] init: VM path (explicit commit), pageSize=4096, blockCount=1048576, entitiesPerBlock=256, slots reserved=4294967296 bytes
[Subsystems] Discovering subsystems at path C:/Program Files/Unity/Hub/Editor/6000.6.0f1/Editor/Data/Resources/UnitySubsystems
[Subsystems] Discovering subsystems at path A:/Python/aether-grounds/Assets
GfxDevice: creating device client; kGfxThreadingModeNonThreaded
d3d12: failed to query info queue interface (0x80004002).
Direct3D:
    Version:         Direct3D 12 [level 12.2]
    Renderer:        NVIDIA GeForce RTX 4060 (ID=0x2882)
    Vendor:          NVIDIA
    VRAM:            7957 MB
    App VRAM Budget: 7189 MB
    Driver:          32.0.15.9636
Initialize mono
Mono path[0] = 'C:/Program Files/Unity/Hub/Editor/6000.6.0f1/Editor/Data/Managed'
Mono path[1] = 'C:/Program Files/Unity/Hub/Editor/6000.6.0f1/Editor/Data/BCLExtensions/runtime/netstandard2.1'
Mono path[2] = 'C:/Program Files/Unity/Hub/Editor/6000.6.0f1/Editor/Data/MonoBleedingEdge/lib/mono/unityjit-win32'
Mono config path = 'C:/Program Files/Unity/Hub/Editor/6000.6.0f1/Editor/Data/MonoBleedingEdge/etc'
Using monoOptions --debugger-agent=transport=dt_socket,embedding=1,server=y,suspend=n,address=127.0.0.1:56100
CodeReloadManager initialized
ImportWorker Server TCP listen port: 0
AcceleratorClientConnectionCallback - disconnected - :0
Begin MonoManager ReloadAssembly
Registering precompiled unity dll's ...
Register platform support module: C:/Program Files/Unity/Hub/Editor/6000.6.0f1/Editor/Data/PlaybackEngines/WebGLSupport/UnityEditor.WebGL.Extensions.dll
Register platform support module: C:/Program Files/Unity/Hub/Editor/6000.6.0f1/Editor/Data/PlaybackEngines/WindowsStandaloneSupport/UnityEditor.WindowsStandalone.Extensions.dll
Register platform support module: C:/Program Files/Unity/Hub/Editor/6000.6.0f1/Editor/Data/PlaybackEngines/AndroidPlayer/UnityEditor.Android.Extensions.dll
Registered in 0.002291 seconds.
Native extension for Android target not found
Native extension for WindowsStandalone target not found
Native extension for WebGL target not found
Package Manager log level set to [2]
ScheduleIndexationOnStartup MainProcess:False IndexOnStartup:True
Scripting: successfully reloaded assembly
- Finished resetting the current domain, in  0.814 seconds
Domain Reload Profiling: 1653ms
	BeginReloadAssembly (219ms)
		CreateAndSetChildDomain (15ms)
	RebuildCommonClasses (5ms)
	RebuildNativeTypeToScriptingClass (17ms)
	initialDomainReloadingComplete (92ms)
	LoadAllAssembliesAndSetupDomain (504ms)
		LoadAssemblies (202ms)
		TypeCache.Refresh (331ms)
			TypeCache.ScanAssembly (315ms)
		AnalyzeDomain (1ms)
	FinalizeReload (816ms)
		SetupLoadedEditorAssemblies (0ms)
			InitializePlatformSupportModulesInManaged (9ms)
			BeforeProcessingInitializeOnLoad (137ms)
			ProcessInitializeOnLoadAttributes (152ms)
			ProcessInitializeOnLoadMethodAttributes (269ms)
[Licensing::Client] Successfully resolved entitlement details
[Licensing::Client] Successfully resolved entitlement details
Application.AssetDatabase Initial Refresh Start
[Package Manager] Restoring resolved packages state from cache
[Licensing::Client] Successfully resolved entitlement details
[Package Manager] Registered 42 packages:
  Packages from [https://packages.unity.com]:
    com.unity.ide.rider@3.0.38 (location: A:\Python\aether-grounds\Library\PackageCache\com.unity.ide.rider@1f60b3138684)
    com.unity.ide.visualstudio@2.0.26 (location: A:\Python\aether-grounds\Library\PackageCache\com.unity.ide.visualstudio@a99d56dec63f)
  Built-in packages:
    com.unity.modules.accessibility@1.0.0 (location: A:\Python\aether-grounds\Library\PackageCache\com.unity.modules.accessibility)
    com.unity.modules.adaptiveperformance@1.0.0 (location: A:\Python\aether-grounds\Library\PackageCache\com.unity.modules.adaptiveperformance)
    com.unity.modules.ai@1.0.0 (location: A:\Python\aether-grounds\Library\PackageCache\com.unity.modules.ai)
    com.unity.modules.androidjni@1.0.0 (location: A:\Python\aether-grounds\Library\PackageCache\com.unity.modules.androidjni)
    com.unity.modules.animation@1.0.0 (location: A:\Python\aether-grounds\Library\PackageCache\com.unity.modules.animation)
    com.unity.modules.assetbundle@1.0.0 (location: A:\Python\aether-grounds\Library\PackageCache\com.unity.modules.assetbundle)
    com.unity.modules.audio@1.0.0 (location: A:\Python\aether-grounds\Library\PackageCache\com.unity.modules.audio)
    com.unity.modules.cloth@1.0.0 (location: A:\Python\aether-grounds\Library\PackageCache\com.unity.modules.cloth)
    com.unity.modules.director@1.0.0 (location: A:\Python\aether-grounds\Library\PackageCache\com.unity.modules.director)
    com.unity.modules.imageconversion@1.0.0 (location: A:\Python\aether-grounds\Library\PackageCache\com.unity.modules.imageconversion)
    com.unity.modules.imgui@1.0.0 (location: A:\Python\aether-grounds\Library\PackageCache\com.unity.modules.imgui)
    com.unity.modules.jsonserialize@1.0.0 (location: A:\Python\aether-grounds\Library\PackageCache\com.unity.modules.jsonserialize)
    com.unity.modules.particlesystem@1.0.0 (location: A:\Python\aether-grounds\Library\PackageCache\com.unity.modules.particlesystem)
    com.unity.modules.physics@1.0.0 (location: A:\Python\aether-grounds\Library\PackageCache\com.unity.modules.physics)
    com.unity.modules.physics2d@1.0.0 (location: A:\Python\aether-grounds\Library\PackageCache\com.unity.modules.physics2d)
    com.unity.modules.physicscore2d@1.0.0 (location: A:\Python\aether-grounds\Library\PackageCache\com.unity.modules.physicscore2d)
    com.unity.modules.screencapture@1.0.0 (location: A:\Python\aether-grounds\Library\PackageCache\com.unity.modules.screencapture)
    com.unity.modules.terrain@1.0.0 (location: A:\Python\aether-grounds\Library\PackageCache\com.unity.modules.terrain)
    com.unity.modules.terrainphysics@1.0.0 (location: A:\Python\aether-grounds\Library\PackageCache\com.unity.modules.terrainphysics)
    com.unity.modules.tetgen@1.0.0 (location: A:\Python\aether-grounds\Library\PackageCache\com.unity.modules.tetgen)
    com.unity.modules.tilemap@1.0.0 (location: A:\Python\aether-grounds\Library\PackageCache\com.unity.modules.tilemap)
    com.unity.modules.timelinefoundation@1.0.0 (location: A:\Python\aether-grounds\Library\PackageCache\com.unity.modules.timelinefoundation)
    com.unity.modules.ui@1.0.0 (location: A:\Python\aether-grounds\Library\PackageCache\com.unity.modules.ui)
    com.unity.modules.uielements@1.0.0 (location: A:\Python\aether-grounds\Library\PackageCache\com.unity.modules.uielements)
    com.unity.modules.umbra@1.0.0 (location: A:\Python\aether-grounds\Library\PackageCache\com.unity.modules.umbra)
    com.unity.modules.unityanalytics@1.0.0 (location: A:\Python\aether-grounds\Library\PackageCache\com.unity.modules.unityanalytics)
    com.unity.modules.unitywebrequest@1.0.0 (location: A:\Python\aether-grounds\Library\PackageCache\com.unity.modules.unitywebrequest)
    com.unity.modules.unitywebrequestassetbundle@1.0.0 (location: A:\Python\aether-grounds\Library\PackageCache\com.unity.modules.unitywebrequestassetbundle)
    com.unity.modules.unitywebrequestaudio@1.0.0 (location: A:\Python\aether-grounds\Library\PackageCache\com.unity.modules.unitywebrequestaudio)
    com.unity.modules.unitywebrequesttexture@1.0.0 (location: A:\Python\aether-grounds\Library\PackageCache\com.unity.modules.unitywebrequesttexture)
    com.unity.modules.unitywebrequestwww@1.0.0 (location: A:\Python\aether-grounds\Library\PackageCache\com.unity.modules.unitywebrequestwww)
    com.unity.modules.vectorgraphics@1.0.0 (location: A:\Python\aether-grounds\Library\PackageCache\com.unity.modules.vectorgraphics)
    com.unity.modules.vehicles@1.0.0 (location: A:\Python\aether-grounds\Library\PackageCache\com.unity.modules.vehicles)
    com.unity.modules.video@1.0.0 (location: A:\Python\aether-grounds\Library\PackageCache\com.unity.modules.video)
    com.unity.modules.wind@1.0.0 (location: A:\Python\aether-grounds\Library\PackageCache\com.unity.modules.wind)
    com.unity.modules.xr@1.0.0 (location: A:\Python\aether-grounds\Library\PackageCache\com.unity.modules.xr)
    com.unity.modules.subsystems@1.0.0 (location: A:\Python\aether-grounds\Library\PackageCache\com.unity.modules.subsystems)
    com.unity.modules.hierarchycore@1.0.0 (location: A:\Python\aether-grounds\Library\PackageCache\com.unity.modules.hierarchycore)
    com.unity.test-framework@1.8.0 (location: A:\Python\aether-grounds\Library\PackageCache\com.unity.test-framework@7a3849e09bd0)
    com.unity.ext.nunit@2.1.0 (location: A:\Python\aether-grounds\Library\PackageCache\com.unity.ext.nunit@0198eae3b53e)
[Subsystems] No new subsystems found in resolved package list.
[Package Manager] Done registering packages in 0.02 seconds
[ScriptCompilation] Requested script compilation because: InitialRefresh: Force Refresh Recompile flag enabled
[ScriptCompilation] Requested script compilation because: AssetDatabase observed changes in script compilation related files
Starting: C:\Program Files\Unity\Hub\Editor\6000.6.0f1\Editor\Data\Tools\BuildPipeline\bee_backend.exe --ipc --defer-dag-verification --dagfile="Library/Bee/1300b0aE.dag" --continue-on-failure --profile="Library/Bee/backend1.traceevents" ScriptAssemblies
WorkingDir: A:/Python/aether-grounds
ExitCode: 4 Duration: 0s57ms
[             ] Require frontend run.  Library/Bee/1300b0aE.dag couldn't be loaded
Starting: C:\Program Files\Unity\Hub\Editor\6000.6.0f1\Editor\Data\DotNetSdk\dotnet.exe "C:\Program Files\Unity\Hub\Editor\6000.6.0f1\Editor\Data\Tools\BuildPipeline\ScriptCompilationBuildProgram.exe" "Library/Bee/1300b0aE.dag.json" "Library/Bee/1300b0aE-inputdata.json" "Library\Bee\buildprogram0.traceevents"
WorkingDir: A:/Python/aether-grounds
DisplayProgressbar: Compiling Scripts
ExitCode: 0 Duration: 0s289ms
Starting: C:\Program Files\Unity\Hub\Editor\6000.6.0f1\Editor\Data\Tools\BuildPipeline\bee_backend.exe --ipc --defer-dag-verification --dagfile="Library/Bee/1300b0aE.dag" --continue-on-failure --dagfilejson="Library\Bee\1300b0aE.dag.json" --profile="Library/Bee/backend2.traceevents" ScriptAssemblies
WorkingDir: A:/Python/aether-grounds
ExitCode: 0 Duration: 4s156ms
Finished compiling graph: 228 nodes, 1527 flattened edges (1459 ToBuild, 12 ToUse), maximum node priority 72
[ 86/225    0s] WriteText Library/Bee/artifacts/1300b0aE.dag/UnityEngine.TestRunner.rsp2
[ 94/225    0s] WriteText Library/Bee/artifacts/1300b0aE.dag/UnityEngine.TestRunner.UnityAdditionalFile.txt
[166/225    0s] WriteText Library/Bee/artifacts/1300b0aE.dag/UnityEngine.TestRunner.dll.mvfrm.rsp
[167/225    0s] WriteText Library/Bee/artifacts/1300b0aE.dag/UnityEditor.TestRunner.rsp2
[168/225    0s] WriteText Library/Bee/artifacts/1300b0aE.dag/UnityEditor.TestRunner.UnityAdditionalFile.txt
[169/225    0s] WriteText Library/Bee/artifacts/1300b0aE.dag/Unity.Rider.Editor.UnityAdditionalFile.txt
[170/225    0s] WriteText Library/Bee/artifacts/1300b0aE.dag/UnityEngine.TestRunner.rsp
[171/225    0s] WriteText Library/Bee/artifacts/1300b0aE.dag/Unity.Rider.Editor.rsp2
[172/225    0s] WriteText Library/Bee/artifacts/1300b0aE.dag/Unity.Rider.Editor.dll.mvfrm.rsp
[173/225    0s] WriteText Library/Bee/artifacts/1300b0aE.dag/Unity.VisualStudio.Editor.dll.mvfrm.rsp
[174/225    0s] WriteText Library/Bee/artifacts/1300b0aE.dag/Unity.VisualStudio.Editor.rsp2
[175/225    0s] WriteText Library/Bee/artifacts/1300b0aE.dag/Unity.VisualStudio.Editor.UnityAdditionalFile.txt
[176/225    0s] WriteText Library/Bee/artifacts/1300b0aE.dag/Unity.VisualStudio.Editor.rsp
[177/225    0s] WriteText Library/Bee/artifacts/1300b0aE.dag/Assembly-CSharp-Editor.dll.mvfrm.rsp
[178/225    0s] WriteResponseFile Library/Bee/artifacts/rsp/16395568721914979341.rsp
[179/225    0s] WriteResponseFile Library/Bee/artifacts/rsp/16105365442891625930.rsp
[180/225    0s] WriteResponseFile Library/Bee/artifacts/rsp/15979601967920272264.rsp
[181/225    0s] WriteText Library/Bee/artifacts/1300b0aE.dag/Assembly-CSharp.dll.mvfrm.rsp
[182/225    0s] WriteText Library/Bee/artifacts/1300b0aE.dag/UnityEditor.TestRunner.dll.mvfrm.rsp
[183/225    0s] WriteText Library/Bee/artifacts/1300b0aE.dag/Assembly-CSharp-Editor.UnityAdditionalFile.txt
[184/225    0s] WriteText Library/Bee/artifacts/1300b0aE.dag/Assembly-CSharp-Editor.rsp
[185/225    0s] WriteText Library/Bee/artifacts/1300b0aE.dag/Assembly-CSharp-Editor.rsp2
[186/225    0s] WriteText Library/Bee/artifacts/1300b0aE.dag/Unity.Rider.Editor.rsp
[187/225    0s] WriteText Library/Bee/artifacts/1300b0aE.dag/UnityEditor.TestRunner.rsp
[188/225    0s] WriteText Library/Bee/artifacts/1300b0aE.dag/Assembly-CSharp.rsp2
[189/225    0s] WriteText Library/Bee/artifacts/1300b0aE.dag/Assembly-CSharp.UnityAdditionalFile.txt
[190/225    0s] WriteResponseFile Library/Bee/artifacts/rsp/17849343244525841244.rsp
[191/225    0s] WriteText Library/Bee/artifacts/1300b0aE.dag/Assembly-CSharp.rsp
[192/225    0s] MovedFromExtractor-Combine Library/Bee/artifacts/1300b0aE.dag/UnityEngine.TestRunner.dll.mvfrm
[193/225    0s] ILPP-Configuration Library/ilpp-configuration.nevergeneratedoutput
[           0s] Csc Library/Bee/artifacts/1300b0aE.dag/UnityEngine.TestRunner.dll (+2 others) [CacheMiss f25be008577b5276bb906901034fcc4d00000000000000000000000000000006]
[194/225    0s] Csc Library/Bee/artifacts/1300b0aE.dag/UnityEngine.TestRunner.dll (+2 others)
[           0s] Csc Library/Bee/artifacts/1300b0aE.dag/UnityEngine.TestRunner.dll (+2 others) [CacheWrite f25be008577b5276bb906901034fcc4d00000000000000000000000000000006]
[195/225    0s] MovedFromExtractor Library/Bee/artifacts/mvdfrm/UnityEngine.TestRunner.ref.dll_7423F2FBC6CF80C4.mvfrm
[196/225    0s] ILPostProcess Library/Bee/artifacts/1300b0aE.dag/post-processed/UnityEngine.TestRunner.dll (+pdb)
Processing assembly Library/Bee/artifacts/1300b0aE.dag/UnityEngine.TestRunner.dll, with 157 defines and 286 references

processors: zzzUnity.Burst.CodeGen.BurstILPostProcessor

1 processor(s) skipped this assembly
[197/225    0s] CopyFiles Library/ScriptAssemblies/UnityEngine.TestRunner.pdb
[198/225    0s] MovedFromExtractor-Combine Library/Bee/artifacts/1300b0aE.dag/UnityEditor.TestRunner.dll.mvfrm
[199/225    0s] CopyFiles Library/ScriptAssemblies/UnityEngine.TestRunner.dll
[           0s] Csc Library/Bee/artifacts/1300b0aE.dag/UnityEditor.TestRunner.dll (+2 others) [CacheMiss 9cdb0e943107742fcb002db021e4176b00000000000000000000000000000006]
[200/225    0s] Csc Library/Bee/artifacts/1300b0aE.dag/UnityEditor.TestRunner.dll (+2 others)
[           0s] Csc Library/Bee/artifacts/1300b0aE.dag/UnityEditor.TestRunner.dll (+2 others) [CacheWrite 9cdb0e943107742fcb002db021e4176b00000000000000000000000000000006]
[201/225    0s] MovedFromExtractor Library/Bee/artifacts/mvdfrm/UnityEditor.TestRunner.ref.dll_A805A84D9B0C22D9.mvfrm
[202/225    0s] ILPostProcess Library/Bee/artifacts/1300b0aE.dag/post-processed/UnityEditor.TestRunner.dll (+pdb)
Processing assembly Library/Bee/artifacts/1300b0aE.dag/UnityEditor.TestRunner.dll, with 155 defines and 300 references

processors: zzzUnity.Burst.CodeGen.BurstILPostProcessor

1 processor(s) skipped this assembly
[203/225    0s] CopyFiles Library/ScriptAssemblies/UnityEditor.TestRunner.pdb
[204/225    0s] MovedFromExtractor-Combine Library/Bee/artifacts/1300b0aE.dag/Unity.VisualStudio.Editor.dll.mvfrm
[205/225    0s] MovedFromExtractor-Combine Library/Bee/artifacts/1300b0aE.dag/Unity.Rider.Editor.dll.mvfrm
[           0s] Csc Library/Bee/artifacts/1300b0aE.dag/Unity.VisualStudio.Editor.dll (+2 others) [CacheMiss 7d5e840a8d128bfa1b1972f063ebb78000000000000000000000000000000006]
[           0s] Csc Library/Bee/artifacts/1300b0aE.dag/Unity.Rider.Editor.dll (+2 others) [CacheMiss c7a41d719a5324bb515817026ca1a15900000000000000000000000000000006]
[206/225    0s] CopyFiles Library/ScriptAssemblies/UnityEditor.TestRunner.dll
[207/225    0s] Csc Library/Bee/artifacts/1300b0aE.dag/Unity.Rider.Editor.dll (+2 others)
[           0s] Csc Library/Bee/artifacts/1300b0aE.dag/Unity.Rider.Editor.dll (+2 others) [CacheWrite c7a41d719a5324bb515817026ca1a15900000000000000000000000000000006]
[208/225    0s] CopyFiles Library/ScriptAssemblies/Unity.Rider.Editor.pdb
[209/225    0s] Csc Library/Bee/artifacts/1300b0aE.dag/Unity.VisualStudio.Editor.dll (+2 others)
[           0s] Csc Library/Bee/artifacts/1300b0aE.dag/Unity.VisualStudio.Editor.dll (+2 others) [CacheWrite 7d5e840a8d128bfa1b1972f063ebb78000000000000000000000000000000006]
[210/225    0s] CopyFiles Library/ScriptAssemblies/Unity.VisualStudio.Editor.pdb
[211/225    0s] MovedFromExtractor Library/Bee/artifacts/mvdfrm/Unity.Rider.Editor.ref.dll_DA88E6A3E9EB6155.mvfrm
[212/225    0s] CopyFiles Library/ScriptAssemblies/Unity.VisualStudio.Editor.dll
[213/225    0s] CopyFiles Library/ScriptAssemblies/Unity.Rider.Editor.dll
[214/225    0s] MovedFromExtractor Library/Bee/artifacts/mvdfrm/Unity.VisualStudio.Editor.ref.dll_0FE027DDD6F41767.mvfrm
[215/225    0s] MovedFromExtractor-Combine Library/Bee/artifacts/1300b0aE.dag/Assembly-CSharp-Editor.dll.mvfrm
[216/225    0s] MovedFromExtractor-Combine Library/Bee/artifacts/1300b0aE.dag/Assembly-CSharp.dll.mvfrm
[217/225    0s] Csc Library/Bee/artifacts/1300b0aE.dag/Assembly-CSharp.dll (+2 others)
[218/225    0s] Csc Library/Bee/artifacts/1300b0aE.dag/Assembly-CSharp-Editor.dll (+2 others)
Assets\Editor\BuildGame.cs(16,72): warning CS0618: 'AndroidArchitecture.X86_64' is obsolete: 'X86_64 is no longer supported.'

Assets\Editor\BuildGame.cs(21,109): warning CS0618: 'PlayerSettings.SetIconsForTargetGroup(BuildTargetGroup, Texture2D[])' is obsolete: 'Use SetIcons(NamedBuildTarget, Texture2D[], IconKind) instead'

Assets\Editor\BuildGame.cs(45,169): warning CS0618: 'PlayerSettings.SetIconsForTargetGroup(BuildTargetGroup, Texture2D[])' is obsolete: 'Use SetIcons(NamedBuildTarget, Texture2D[], IconKind) instead'
[219/225    0s] ILPostProcess Library/Bee/artifacts/1300b0aE.dag/post-processed/Assembly-CSharp.dll (+pdb)
Processing assembly Library/Bee/artifacts/1300b0aE.dag/Assembly-CSharp.dll, with 156 defines and 288 references

processors: zzzUnity.Burst.CodeGen.BurstILPostProcessor

1 processor(s) skipped this assembly
[220/225    0s] ILPostProcess Library/Bee/artifacts/1300b0aE.dag/post-processed/Assembly-CSharp-Editor.dll (+pdb)
Processing assembly Library/Bee/artifacts/1300b0aE.dag/Assembly-CSharp-Editor.dll, with 154 defines and 305 references

processors: zzzUnity.Burst.CodeGen.BurstILPostProcessor

1 processor(s) skipped this assembly
[221/225    0s] CopyFiles Library/ScriptAssemblies/Assembly-CSharp.pdb
[222/225    0s] CopyFiles Library/ScriptAssemblies/Assembly-CSharp-Editor.pdb
[223/225    0s] CopyFiles Library/ScriptAssemblies/Assembly-CSharp-Editor.dll
[224/225    0s] CopyFiles Library/ScriptAssemblies/Assembly-CSharp.dll
*** Tundra build success (4.13 seconds), 61 items updated, 225 evaluated
Assets\Editor\BuildGame.cs(16,72): warning CS0618: 'AndroidArchitecture.X86_64' is obsolete: 'X86_64 is no longer supported.'
Assets\Editor\BuildGame.cs(21,109): warning CS0618: 'PlayerSettings.SetIconsForTargetGroup(BuildTargetGroup, Texture2D[])' is obsolete: 'Use SetIcons(NamedBuildTarget, Texture2D[], IconKind) instead'
Assets\Editor\BuildGame.cs(45,169): warning CS0618: 'PlayerSettings.SetIconsForTargetGroup(BuildTargetGroup, Texture2D[])' is obsolete: 'Use SetIcons(NamedBuildTarget, Texture2D[], IconKind) instead'
Total cache size 269584808
Total cache size after purge 268431120, took 00:00:00.3010614
AssetDatabase: script compilation time: 5.907477s
Begin MonoManager ReloadAssembly
Native extension for Android target not found
Native extension for WindowsStandalone target not found
Native extension for WebGL target not found
ScheduleIndexationOnStartup MainProcess:True IndexOnStartup:True
Scripting: successfully reloaded assembly
- Finished resetting the current domain, in  0.692 seconds
Domain Reload Profiling: 1508ms
	BeginReloadAssembly (342ms)
		DisableScriptedObjects (27ms)
		CreateAndSetChildDomain (71ms)
	RebuildCommonClasses (20ms)
	RebuildNativeTypeToScriptingClass (27ms)
	initialDomainReloadingComplete (65ms)
	LoadAllAssembliesAndSetupDomain (359ms)
		LoadAssemblies (328ms)
		TypeCache.Refresh (55ms)
			TypeCache.ScanAssembly (18ms)
		AnalyzeDomain (8ms)
			BuildScriptInfoCaches (6ms)
	FinalizeReload (694ms)
		SetupLoadedEditorAssemblies (0ms)
			InitializePlatformSupportModulesInManaged (11ms)
			BeforeProcessingInitializeOnLoad (141ms)
			ProcessInitializeOnLoadAttributes (116ms)
			ProcessInitializeOnLoadMethodAttributes (57ms)
			AfterProcessingInitializeOnLoad (10ms)
		AwakeInstancesAfterBackupRestoration (42ms)
Starting new worker id: 0 with log in A:/Python/aether-grounds/Logs/AssetImportWorkerHW0.log
Importing 'GUID: b1271a48fb435f74e8bdf71f7de823b0 - Path: Assets/Resources/Brand/AetherGroundsLogo.png' with importer (TextureImporter)
Imported 'GUID: b1271a48fb435f74e8bdf71f7de823b0' -> (Import Result ID: '637f713bad228a931cc9a3be4b4179f1') in 0.385 seconds [static and dynamic dependencies]. Details - ImportResultOutputID=304dfd5fe891315e215fbcf4bc40bb1e DependenciesID=38076a36693ed5e128921e9ceacb87ec StaticDependenciesID=2f6d50904559a0cea9a966fb2163afb7 
Importing 'GUID: 8429a3d926523f142a6974dbd844e99d - Path: Assets/Shaders/AetherShield.shader' with importer (ShaderImporter)
Launched and connected shader compiler UnityShaderCompiler.exe after 0.02 seconds
Imported 'GUID: 8429a3d926523f142a6974dbd844e99d' -> (Import Result ID: '6649d513baa8e0b983b168d7f3560240') in 0.059 seconds [static and dynamic dependencies]. Details - ImportResultOutputID=027632bc8b4bcb16eed1769921da4b3e DependenciesID=1a9e91e36d3c6fb744507c0efeb3c1bc StaticDependenciesID=f449494f366e2228c6a06422d37076d2 
Importing 'GUID: 87a733946f49f8542b89e65342e2cdcf - Path: Assets/Shaders/AetherSky.shader' with importer (ShaderImporter)
Imported 'GUID: 87a733946f49f8542b89e65342e2cdcf' -> (Import Result ID: 'd12024d254e84e516f5e8594a8d0896f') in 0.016 seconds [static and dynamic dependencies]. Details - ImportResultOutputID=8fbfdacc143d8b18af70c98187f6cdd7 DependenciesID=a86862b829534e1d66f4d6439ac01c74 StaticDependenciesID=8b5a76ed55087bd345312ecaa0d613c3 
Importing 'GUID: 5a13b3722d717e048b180fb9dbc260d5 - Path: Assets/Shaders/AetherPost.shader' with importer (ShaderImporter)
Imported 'GUID: 5a13b3722d717e048b180fb9dbc260d5' -> (Import Result ID: '375f567d730423ed7a3d62e840d02754') in 0.018 seconds [static and dynamic dependencies]. Details - ImportResultOutputID=d2180f85f02fbb12b4cbda608804c54d DependenciesID=4f9a0033973918a60055ff6ed18663ff StaticDependenciesID=058807b00626aa8a31747d1a90c9698e 
Importing 'GUID: 2ba1b8613d1cde144b5faa85aa31685f - Path: Assets/Shaders/AetherSurface.shader' with importer (ShaderImporter)
Imported 'GUID: 2ba1b8613d1cde144b5faa85aa31685f' -> (Import Result ID: '465405103b7639d36202e451b3b69582') in 0.459 seconds [static and dynamic dependencies]. Details - ImportResultOutputID=424ebf10900d98865b122cb538bab37c DependenciesID=eb9cb1ed8590e0041091724dc33ff2c0 StaticDependenciesID=dd4e062cc5284b064620e44fb25ba516 
Importing 'GUID: 8dedaacec8dc7fc469c5e9bf581cc434 - Path: Assets/Shaders/StructureText.shader' with importer (ShaderImporter)
Imported 'GUID: 8dedaacec8dc7fc469c5e9bf581cc434' -> (Import Result ID: 'a0da7e4c4dcccac857e03a473f2828dc') in 0.005 seconds [static and dynamic dependencies]. Details - ImportResultOutputID=7de539c85658b32d55f1aec71f2b1fb5 DependenciesID=97310f4efe046cea666b9344ec03e429 StaticDependenciesID=4bf9b567293a3ea61012222615d3cf70 
Importing 'GUID: 3eaaff0f5616a7e448be49a69829f94a - Path: Assets/Shaders/AetherWater.shader' with importer (ShaderImporter)
Imported 'GUID: 3eaaff0f5616a7e448be49a69829f94a' -> (Import Result ID: '1751cd49b5dc04319e572f2efc5b0d21') in 0.017 seconds [static and dynamic dependencies]. Details - ImportResultOutputID=b393cca8d77bf7c74e68f7827c5caf7d DependenciesID=58a216b0c9e579ab4a43562a42df6405 StaticDependenciesID=16d794259ddb47669e0cf943e4abce5e 
Importing 'GUID: ee7bfd167fe4387449fd9c4e9b0c2926 - Path: Assets/Shaders/AetherToon.shader' with importer (ShaderImporter)
WARNING: Shader Unsupported: 'Aether/LegacyToon' - All subshaders removed
WARNING: Shader Did you use #pragma only_renderers and omit this platform?
WARNING: Shader If subshaders removal was intentional, you may have forgotten turning Fallback off?
WARNING: Shader Unsupported: 'Aether/LegacyToon' - All subshaders removed
WARNING: Shader Did you use #pragma only_renderers and omit this platform?
WARNING: Shader If subshaders removal was intentional, you may have forgotten turning Fallback off?
Imported 'GUID: ee7bfd167fe4387449fd9c4e9b0c2926' -> (Import Result ID: 'b4b066ab0cd6b00e08692678b2f638a8') in 0.018 seconds [static and dynamic dependencies]. Details - ImportResultOutputID=f656d3f5d16d3cf81a8eff063c5d6790 DependenciesID=6ca89fa884543bf4177a3e160033abff StaticDependenciesID=5d0a5b5bcba06747d5f22ecc7ea69ada 
WARNING: Shader Unsupported: 'Aether/LegacyToon' - All subshaders removed
WARNING: Shader Did you use #pragma only_renderers and omit this platform?
WARNING: Shader If subshaders removal was intentional, you may have forgotten turning Fallback off?
Launched and connected shader compiler UnityShaderCompiler.exe after 0.03 seconds
Launched and connected shader compiler UnityShaderCompiler.exe after 0.02 seconds
Launched and connected shader compiler UnityShaderCompiler.exe after 0.02 seconds

Asset Pipeline Refresh (id=b747a7f8a3ec8a14c9c8a766b6d9b81f): Total: 9.351 seconds - Initiated by InitialRefreshV2(ForceSynchronousImport)
	(Values over 0.05ms)
	Summary:
		Imports: total=8 (actual=8, local cache=0, cache server=0)
		Asset DB Process Time: managed=4 ms, native=1852 ms
		Asset DB Callback time: managed=134 ms, native=555 ms
		Scripting: domain reloads=1, domain reload time=874 ms, compile time=5911 ms, other=18 ms
		Project Asset Count: scripts=181, non-scripts=462
		Asset File Changes: new=0, changed=3, moved=0, deleted=0
		Scan Filter Count: 0
	InvokePackagesCallback: 19.347ms
	ApplyChangesToAssetFolders: 0.720ms
	Scan: 49.915ms
	Collect global state as custom dependencies: 12.335ms
	OnSourceAssetsModified: 0.704ms
	CategorizeScriptCompilationAssets: 5.698ms
	ProcessAssetsWithTransientArtifactChanges: 10.101ms
	CategorizeAssets: 5.904ms
	CompileScripts: 5911.148ms
	ImportOutOfDateAssets: 1687.427ms (695.172ms without children)
		ImportManagerImport: 981.414ms (1.936ms without children)
			UpdateCategorizedAssets: 0.101ms
		UnloadImportedAssets: 0.151ms
		EnsureUptoDateAssetsAreRegisteredWithGuidPM: 0.093ms
		ImportSchedulerStart: 10.583ms
	PostProcessAllAssets: 670.178ms
		ShaderAssetModifiedCallback 534.657ms
		VCAutoAddAssetPostprocess 1.240ms
		PostProcessCallbackCreateDeferredMaterials 0.066ms
		ComputeShaderImportPostprocess 0.063ms
		MonoPostProcessAllAssets: 133.331ms
			AssetPostprocessor.OnPostprocessAllAssets 42.014ms
			StyleCatalogPostProcessor.OnPostprocessAllAssets 19.686ms
			WindowAssetPostprocessingWatcher.OnPostprocessAllAssets 19.071ms
			BuilderAssetPostprocessor.OnPostprocessAllAssets 16.064ms
			SyncVS.PostprocessSyncProject 6.025ms
			AssetChangedListener.OnPostprocessAllAssets 3.466ms
			TextAssetPostProcessor.OnPostprocessAllAssets 3.142ms
			RetainedModeAssetPostprocessor.OnPostprocessAllAssets 2.678ms
			EditModeScopePostprocessor.OnPostprocessAllAssets 1.801ms
			SpeedTree9Postprocessor.OnPostprocessAllAssets 1.337ms
			ArtifactBrowserPostProcessor.OnPostprocessAllAssets 0.952ms
			AudioMixerPostprocessor.OnPostprocessAllAssets 0.491ms
			AssetEvents.OnPostprocessAllAssets 0.490ms
			ReferencedClipsPostProcessor.OnPostprocessAllAssets 0.479ms
			AssetDatabaseCallbacks.OnPostprocessAllAssets 0.349ms
			TerrainToolbarOverlayPostProcessor.OnPostprocessAllAssets 0.348ms
			ConfigAssetsTracker.OnPostprocessAllAssets 0.325ms
			ScenarioDriftAssetsTracker.OnPostprocessAllAssets 0.320ms
			ThemePostprocessor.OnPostprocessAllAssets 0.270ms
			SpeedTreePostProcessor.OnPostprocessAllAssets 0.257ms
			RenderPipelineGlobalSettingsPostprocessor.OnPostprocessAllAssets 0.218ms
			AudioContainerPostProcessor.OnPostprocessAllAssets 0.120ms
	PostAssetChangesProfiler: 1.323ms
	UnloadStreamsBegin: 3.774ms
	PersistCurrentRevisions: 0.089ms
	Untracked: 942.854ms

Application.AssetDatabase Initial Refresh End
Launched and connected shader compiler UnityShaderCompiler.exe after 0.02 seconds
Launched and connected shader compiler UnityShaderCompiler.exe after 0.02 seconds
Launched and connected shader compiler UnityShaderCompiler.exe after 0.02 seconds
Launched and connected shader compiler UnityShaderCompiler.exe after 0.01 seconds
Launched and connected shader compiler UnityShaderCompiler.exe after 0.02 seconds
Launched and connected shader compiler UnityShaderCompiler.exe after 0.01 seconds
Launched and connected shader compiler UnityShaderCompiler.exe after 0.01 seconds
Launched and connected shader compiler UnityShaderCompiler.exe after 0.02 seconds
Launched and connected shader compiler UnityShaderCompiler.exe after 0.02 seconds
Launched and connected shader compiler UnityShaderCompiler.exe after 0.02 seconds
Launched and connected shader compiler UnityShaderCompiler.exe after 0.01 seconds
Launched and connected shader compiler UnityShaderCompiler.exe after 0.01 seconds
Scanning for USB devices : 19.813ms
Initializing Unity extensions:
[MODES] ModeService[none].Initialize
[MODES] ModeService[none].LoadModes
[MODES] Loading mode Default (0) for mode-current-id-Aether Grounds
Unloading 10 Unused Serialized files (Serialized files now loaded: 0)
Unloading 522 unused Assets / (0.6 MB). Loaded Objects now: 1265.
Memory consumption went from 236.6 MB to 236.0 MB.
Total: 6.574700 ms (FindLiveObjects: 0.176600 ms CreateObjectMapping: 0.022600 ms MarkObjects: 5.886800 ms  DeleteObjects: 0.373300 ms)

Opening scene 'Assets/Scenes/AetherGrounds.unity'
Unloading 0 Unused Serialized files (Serialized files now loaded: 0)
Loaded scene 'Assets/Scenes/AetherGrounds.unity'
	Deserialize:            2.417 ms
	Integration:            20.814 ms
	Integration of assets:  0.002 ms
	Thread Wait Time:       0.018 ms
	Total Operation Time:   23.252 ms
Unloading 2 unused Assets / (7.6 KB). Loaded Objects now: 1570.
Memory consumption went from 237.7 MB to 237.7 MB.
Total: 6.206300 ms (FindLiveObjects: 0.252600 ms CreateObjectMapping: 0.030600 ms MarkObjects: 5.775500 ms  DeleteObjects: 0.021500 ms)

Asset Pipeline Refresh (id=e3d23d1ff039c244d95cc44515700f3a): Total: 0.040 seconds - Initiated by RefreshV2(NoUpdateAssetOptions)
Importing 'GUID: 8429a3d926523f142a6974dbd844e99d - Path: Assets/Shaders/AetherShield.shader' with importer (ShaderImporter)
Imported 'GUID: 8429a3d926523f142a6974dbd844e99d' -> (Import Result ID: '9a6d0e38f4331dd89330850944b3f0af') in 0.011 seconds [static and dynamic dependencies]. Details - ImportResultOutputID=027632bc8b4bcb16eed1769921da4b3e DependenciesID=1a4e9f8464aebf734c0014153af388e3 StaticDependenciesID=f449494f366e2228c6a06422d37076d2 
Importing 'GUID: 87a733946f49f8542b89e65342e2cdcf - Path: Assets/Shaders/AetherSky.shader' with importer (ShaderImporter)
Imported 'GUID: 87a733946f49f8542b89e65342e2cdcf' -> (Import Result ID: '3d37f6d36c7ec9c2b8e371431c4344ca') in 0.006 seconds [static and dynamic dependencies]. Details - ImportResultOutputID=8fbfdacc143d8b18af70c98187f6cdd7 DependenciesID=d66131924a4d4a6b410664821d8b487d StaticDependenciesID=8b5a76ed55087bd345312ecaa0d613c3 
Importing 'GUID: 5a13b3722d717e048b180fb9dbc260d5 - Path: Assets/Shaders/AetherPost.shader' with importer (ShaderImporter)
Imported 'GUID: 5a13b3722d717e048b180fb9dbc260d5' -> (Import Result ID: '8d10d2eb9104fb7bf5c7cddd7b2e6a39') in 0.007 seconds [static and dynamic dependencies]. Details - ImportResultOutputID=d2180f85f02fbb12b4cbda608804c54d DependenciesID=0b0f3b79b03458270e2c8d30fdb1dca5 StaticDependenciesID=058807b00626aa8a31747d1a90c9698e 
Importing 'GUID: 2ba1b8613d1cde144b5faa85aa31685f - Path: Assets/Shaders/AetherSurface.shader' with importer (ShaderImporter)
Imported 'GUID: 2ba1b8613d1cde144b5faa85aa31685f' -> (Import Result ID: 'a359721b1cf00ff47309d36cfba07934') in 0.425 seconds [static and dynamic dependencies]. Details - ImportResultOutputID=424ebf10900d98865b122cb538bab37c DependenciesID=8f9bb222177a360abd954daa8e4b2931 StaticDependenciesID=dd4e062cc5284b064620e44fb25ba516 
Importing 'GUID: 8dedaacec8dc7fc469c5e9bf581cc434 - Path: Assets/Shaders/StructureText.shader' with importer (ShaderImporter)
Imported 'GUID: 8dedaacec8dc7fc469c5e9bf581cc434' -> (Import Result ID: '858f173787d01fdb02a5b1e56882fe18') in 0.010 seconds [static and dynamic dependencies]. Details - ImportResultOutputID=7de539c85658b32d55f1aec71f2b1fb5 DependenciesID=b072b6128b33edd91770a0855497c9fa StaticDependenciesID=4bf9b567293a3ea61012222615d3cf70 
Importing 'GUID: 3eaaff0f5616a7e448be49a69829f94a - Path: Assets/Shaders/AetherWater.shader' with importer (ShaderImporter)
Imported 'GUID: 3eaaff0f5616a7e448be49a69829f94a' -> (Import Result ID: '2d00644b4094a256a498df3ba5eb2f87') in 0.011 seconds [static and dynamic dependencies]. Details - ImportResultOutputID=b393cca8d77bf7c74e68f7827c5caf7d DependenciesID=d19bbf641aa85078194720987e5bb3ca StaticDependenciesID=16d794259ddb47669e0cf943e4abce5e 
Importing 'GUID: ee7bfd167fe4387449fd9c4e9b0c2926 - Path: Assets/Shaders/AetherToon.shader' with importer (ShaderImporter)
Worker ready: AssetImportWorkerHW0 0
WARNING: Shader Unsupported: 'Aether/LegacyToon' - All subshaders removed
WARNING: Shader Did you use #pragma only_renderers and omit this platform?
WARNING: Shader If subshaders removal was intentional, you may have forgotten turning Fallback off?
WARNING: Shader Unsupported: 'Aether/LegacyToon' - All subshaders removed
WARNING: Shader Did you use #pragma only_renderers and omit this platform?
WARNING: Shader If subshaders removal was intentional, you may have forgotten turning Fallback off?
Imported 'GUID: ee7bfd167fe4387449fd9c4e9b0c2926' -> (Import Result ID: '075b8b34322e31fe9246b19931509de3') in 0.022 seconds [static and dynamic dependencies]. Details - ImportResultOutputID=f656d3f5d16d3cf81a8eff063c5d6790 DependenciesID=36ea208777db7007166c493446a9ccc4 StaticDependenciesID=5d0a5b5bcba06747d5f22ecc7ea69ada 
WARNING: Shader Unsupported: 'Aether/LegacyToon' - All subshaders removed
WARNING: Shader Did you use #pragma only_renderers and omit this platform?
WARNING: Shader If subshaders removal was intentional, you may have forgotten turning Fallback off?

Asset Pipeline Refresh (id=389b29ab8ebde0940aa77b4343babf5d): Total: 0.543 seconds - Initiated by RefreshV2(NoUpdateAssetOptions)
	(Values over 0.05ms)
	Summary:
		Imports: total=7 (actual=7, local cache=0, cache server=0)
		Asset DB Process Time: managed=0 ms, native=519 ms
		Asset DB Callback time: managed=5 ms, native=18 ms
		Scripting: domain reloads=0, domain reload time=0 ms, compile time=0 ms, other=0 ms
		Project Asset Count: scripts=181, non-scripts=462
		Asset File Changes: new=0, changed=0, moved=0, deleted=0
		Scan Filter Count: 0
	ApplyChangesToAssetFolders: 0.140ms
	Collect global state as custom dependencies: 0.557ms
	CategorizeAssets: 1.899ms
	ImportOutOfDateAssets: 499.547ms (0.071ms without children)
		ImportManagerImport: 497.913ms (0.452ms without children)
			UpdateCategorizedAssets: 0.090ms
		UnloadImportedAssets: 1.258ms
		ReloadImportedAssets: 4.040ms
		EnsureUptoDateAssetsAreRegisteredWithGuidPM: 0.069ms
		ImportSchedulerStart: 0.190ms
	PostProcessAllAssets: 23.347ms
		ShaderAssetModifiedCallback 17.918ms
		MonoPostProcessAllAssets: 5.183ms
			AssetPostprocessor.OnPostprocessAllAssets 4.521ms
			SyncVS.PostprocessSyncProject 0.255ms
			AssetChangedListener.OnPostprocessAllAssets 0.122ms
	PostAssetChangesProfiler: 0.366ms
	GatherAllCurrentPrimaryImportResultRevisions: 0.069ms
	PersistCurrentRevisions: 0.088ms
	Untracked: 15.638ms

AcceleratorClientConnectionCallback - disconnected - :0
Importing 'GUID: 00000000000000004000000000000000 - Path: ProjectSettings/ProjectSettings.asset' with importer (LibraryAssetImporter)
Imported 'GUID: 00000000000000004000000000000000' -> (Import Result ID: 'b6845fea554247da005b23d2d58a7c3e') in 0.002 seconds [static dependencies only]. Details - ImportResultOutputID=054c890a8f4b6dddbea933bc5e4b7df4 DependenciesID=253ab4e238a505df470e3abbebad00a5 StaticDependenciesID=c842350c4a300b0e67a813016af564de 
Asset Pipeline Refresh (id=e8e07f3819ffaf847aeeb8ebf86c1a98): Total: 0.013 seconds - Initiated by StopAssetImportingV2(NoUpdateAssetOptions)
Target architecture x86_64 is no longer supported and has been removed.
UnityEngine.Debug:ExtractStackTraceNoAlloc (byte*,int,string)
UnityEngine.StackTraceUtility:ExtractStackTrace ()
UnityEngine.DebugLogHandler:Internal_Log (UnityEngine.LogType,UnityEngine.LogOption,string,UnityEngine.Object)
UnityEngine.DebugLogHandler:LogFormat (UnityEngine.LogType,UnityEngine.Object,string,object[])
UnityEngine.Logger:Log (UnityEngine.LogType,object)
UnityEngine.Debug:LogWarning (object)
UnityEditor.Android.PostProcessAndroidPlayer:SetupContextForPreBuild (UnityEditor.BuildOptions,UnityEditor.BuildTarget) (at /home/bokken/build/output/unity/unity/PlatformDependent/AndroidPlayer/Editor/Managed/PostProcessAndroidPlayer.cs:82)
UnityEditor.Android.PostProcessAndroidPlayer:PrepareForBuild (UnityEditor.BuildOptions,UnityEditor.BuildTarget) (at /home/bokken/build/output/unity/unity/PlatformDependent/AndroidPlayer/Editor/Managed/PostProcessAndroidPlayer.cs:49)
UnityEditor.Android.AndroidBuildPostprocessor:PrepareForBuild (UnityEditor.BuildPlayerOptions) (at /home/bokken/build/output/unity/unity/PlatformDependent/AndroidPlayer/Editor/Managed/AndroidBuildPostprocessor.cs:1130)
UnityEditor.PostprocessBuildPlayer:PrepareForBuild (intptr)
UnityEditor.BuildPipeline:BuildPlayerInternal (string[],string,string,UnityEditor.BuildTargetGroup,UnityEditor.BuildTarget,int,UnityEditor.BuildOptions,string[],string[],bool)
UnityEditor.BuildPipeline:BuildPlayer (UnityEditor.BuildPlayerOptions)
BuildGame:BuildAndroid () (at Assets/Editor/BuildGame.cs:24)

(Filename: /home/bokken/build/output/unity/unity/PlatformDependent/AndroidPlayer/Editor/Managed/PostProcessAndroidPlayer.cs Line: 82)

DisplayProgressbar: Checking prerequisites
Reporting tool paths:
 JDK: 'C:\Program Files\Unity\Hub\Editor\6000.6.0f1\Editor\Data\PlaybackEngines\AndroidPlayer\OpenJDK'
 Android SDK: 'C:\Program Files\Unity\Hub\Editor\6000.6.0f1\Editor\Data\PlaybackEngines\AndroidPlayer\SDK'
 Android NDK: 'C:\Program Files\Unity\Hub\Editor\6000.6.0f1\Editor\Data\PlaybackEngines\AndroidPlayer\NDK'
 Gradle: 'C:\Program Files\Unity\Hub\Editor\6000.6.0f1\Editor\Data\PlaybackEngines\AndroidPlayer\Tools\gradle' (Gradle Version: '9.1.0' Android Plugin Version: '9.0.0')
Android PostProcess task "Checking prerequisites" took 37.7421 ms
DisplayProgressbar: Detect Java Development Kit (JDK)
Android PostProcess task "Detect Java Development Kit (JDK)" took 15.7623 ms
DisplayProgressbar: Detecting Android SDK
AndroidSDKTools:

	root          : C:\Program Files\Unity\Hub\Editor\6000.6.0f1\Editor\Data\PlaybackEngines\AndroidPlayer\SDK
	cmdline-tools : C:\Program Files\Unity\Hub\Editor\6000.6.0f1\Editor\Data\PlaybackEngines\AndroidPlayer\SDK\cmdline-tools\16.0
	platform-tools: C:\Program Files\Unity\Hub\Editor\6000.6.0f1\Editor\Data\PlaybackEngines\AndroidPlayer\SDK\platform-tools
	build-tools   : C:\Program Files\Unity\Hub\Editor\6000.6.0f1\Editor\Data\PlaybackEngines\AndroidPlayer\SDK\build-tools\36.0.0

	adb           : C:\Program Files\Unity\Hub\Editor\6000.6.0f1\Editor\Data\PlaybackEngines\AndroidPlayer\SDK\platform-tools\adb.exe

Android PostProcess task "Detecting Android SDK" took 2981.9393 ms
DisplayProgressbar: Detect Android NDK
Android PostProcess task "Detect Android NDK" took 1.2418 ms
Android PostProcess task "Trying to find a suitable Android device" took 0.3742 ms
DisplayProgressbar: Check resources
Android PostProcess task "Check resources" took 0.1854 ms
DisplayProgressbar: Check Android Player Settings
Android PostProcess task "Check Android Player Settings" took 2.4907 ms
Starting: C:\Program Files\Unity\Hub\Editor\6000.6.0f1\Editor\Data\Tools\BuildPipeline\bee_backend.exe --ipc --defer-dag-verification --dagfile="Library/Bee/1300b0aESkipCompile.dag" --continue-on-failure --profile="Library/Bee/backend1.traceevents" ScriptAssembliesAndTypeDB
WorkingDir: A:/Python/aether-grounds
ExitCode: 4 Duration: 0s40ms
[             ] Require frontend run.  Library/Bee/1300b0aESkipCompile.dag couldn't be loaded
DisplayProgressbar: Compiling Scripts
Starting: C:\Program Files\Unity\Hub\Editor\6000.6.0f1\Editor\Data\DotNetSdk\dotnet.exe "C:\Program Files\Unity\Hub\Editor\6000.6.0f1\Editor\Data\Tools\BuildPipeline\ScriptCompilationBuildProgram.exe" "Library/Bee/1300b0aESkipCompile.dag.json" "Library/Bee/1300b0aESkipCompile-inputdata.json" "Library\Bee\buildprogram0.traceevents"
WorkingDir: A:/Python/aether-grounds
ExitCode: 0 Duration: 0s179ms
Starting: C:\Program Files\Unity\Hub\Editor\6000.6.0f1\Editor\Data\Tools\BuildPipeline\bee_backend.exe --ipc --defer-dag-verification --dagfile="Library/Bee/1300b0aESkipCompile.dag" --continue-on-failure --dagfilejson="Library\Bee\1300b0aESkipCompile.dag.json" --profile="Library/Bee/backend2.traceevents" ScriptAssembliesAndTypeDB
WorkingDir: A:/Python/aether-grounds
ExitCode: 0 Duration: 0s238ms
Finished compiling graph: 5 nodes, 6 flattened edges (6 ToBuild, 0 ToUse), maximum node priority 3
[2/3        0s] BuildPlayerDataGenerator Library/BuildPlayerData/Editor/TypeDb-All.json
*** Tundra build success (0.21 seconds), 1 items updated, 3 evaluated
Asset Pipeline Refresh (id=846de1be7ebe50a4cad2d9e4fc6427ee): Total: 0.006 seconds - Initiated by RefreshV2(NoUpdateAssetOptions)
[ScriptCompilation] Requested script compilation because: Recompiling scripts for player build.
BuildPlayer: start building target 13
Starting: C:\Program Files\Unity\Hub\Editor\6000.6.0f1\Editor\Data\Tools\BuildPipeline\bee_backend.exe --ipc --defer-dag-verification --dagfile="Library/Bee/1300b0aP.dag" --continue-on-failure --profile="Library/Bee/backend1.traceevents" ScriptAssembliesAndTypeDB
WorkingDir: A:/Python/aether-grounds
ExitCode: 4 Duration: 0s27ms
[             ] Require frontend run.  Library/Bee/1300b0aP.dag couldn't be loaded
Starting: C:\Program Files\Unity\Hub\Editor\6000.6.0f1\Editor\Data\DotNetSdk\dotnet.exe "C:\Program Files\Unity\Hub\Editor\6000.6.0f1\Editor\Data\Tools\BuildPipeline\ScriptCompilationBuildProgram.exe" "Library/Bee/1300b0aP.dag.json" "Library/Bee/1300b0aP-inputdata.json" "Library\Bee\buildprogram0.traceevents"
WorkingDir: A:/Python/aether-grounds
Total cache size 268431120
Total cache size after purge 268431120, took 00:00:00.3821943
ExitCode: 0 Duration: 0s264ms
Starting: C:\Program Files\Unity\Hub\Editor\6000.6.0f1\Editor\Data\Tools\BuildPipeline\bee_backend.exe --ipc --defer-dag-verification --dagfile="Library/Bee/1300b0aP.dag" --continue-on-failure --dagfilejson="Library\Bee\1300b0aP.dag.json" --profile="Library/Bee/backend2.traceevents" ScriptAssembliesAndTypeDB
WorkingDir: A:/Python/aether-grounds
ExitCode: 0 Duration: 3s344ms
Finished compiling graph: 97 nodes, 277 flattened edges (275 ToBuild, 2 ToUse), maximum node priority 16
[ 1/96      0s] MovedFromExtractor Library/Bee/artifacts/mvdfrm/UnityEngine.UnityWebRequestWWWModule.dll_FDA83F233513E1F5.mvfrm
[ 2/96      0s] MovedFromExtractor Library/Bee/artifacts/mvdfrm/UnityEngine.dll_FDA2B101D5BBB678.mvfrm
[ 3/96      0s] MovedFromExtractor Library/Bee/artifacts/mvdfrm/UnityEngine.UnityAnalyticsCommonModule.dll_695424937D1B9DAA.mvfrm
[ 4/96      0s] MovedFromExtractor Library/Bee/artifacts/mvdfrm/UnityEngine.VehiclesModule.dll_161E9CC0A4733685.mvfrm
[ 5/96      0s] MovedFromExtractor Library/Bee/artifacts/mvdfrm/UnityEngine.WindModule.dll_9AAB1137471B1BF6.mvfrm
[ 6/96      0s] MovedFromExtractor Library/Bee/artifacts/mvdfrm/UnityEngine.AIModule.dll_DF4100CEEE338876.mvfrm
[ 7/96      0s] MovedFromExtractor Library/Bee/artifacts/mvdfrm/UnityEngine.VideoModule.dll_7D4F18E7A49A0C81.mvfrm
[ 8/96      0s] MovedFromExtractor Library/Bee/artifacts/mvdfrm/UnityEngine.VFXModule.dll_70193FCB4CF3362E.mvfrm
[ 9/96      0s] MovedFromExtractor Library/Bee/artifacts/mvdfrm/UnityEngine.AccessibilityModule.dll_06D7403D7BA42CC4.mvfrm
[10/96      0s] MovedFromExtractor Library/Bee/artifacts/mvdfrm/UnityEngine.AndroidJNIModule.dll_B32E27D247508934.mvfrm
[11/96      0s] MovedFromExtractor Library/Bee/artifacts/mvdfrm/UnityEngine.ARModule.dll_98B3C5D24B50E73F.mvfrm
[12/96      0s] MovedFromExtractor Library/Bee/artifacts/mvdfrm/UnityEngine.UnityWebRequestTextureModule.dll_F9F0D33114F44439.mvfrm
[13/96      0s] MovedFromExtractor Library/Bee/artifacts/mvdfrm/UnityEngine.VectorGraphicsModule.dll_5D39CE1CDAE0AD1C.mvfrm
[14/96      0s] MovedFromExtractor Library/Bee/artifacts/mvdfrm/UnityEngine.AdaptivePerformanceModule.dll_3206243412567D10.mvfrm
[15/96      0s] MovedFromExtractor Library/Bee/artifacts/mvdfrm/UnityEngine.UnityWebRequestModule.dll_A09A95630906F6F6.mvfrm
[16/96      0s] MovedFromExtractor Library/Bee/artifacts/mvdfrm/UnityEngine.XRModule.dll_60458886756F60F8.mvfrm
[17/96      0s] MovedFromExtractor Library/Bee/artifacts/mvdfrm/UnityEngine.UnityConsentModule.dll_98DCBADC4CBDA913.mvfrm
[18/96      0s] MovedFromExtractor Library/Bee/artifacts/mvdfrm/UnityEngine.UnityWebRequestAudioModule.dll_4611BB2DE99DC9E4.mvfrm
[19/96      0s] MovedFromExtractor Library/Bee/artifacts/mvdfrm/UnityEngine.UnityWebRequestAssetBundleModule.dll_692F51FAC6F52EE0.mvfrm
[20/96      0s] MovedFromExtractor Library/Bee/artifacts/mvdfrm/UnityEngine.UmbraModule.dll_D31A40956F2E9C4F.mvfrm
[21/96      0s] MovedFromExtractor Library/Bee/artifacts/mvdfrm/UnityEngine.UnityConnectModule.dll_C73723B03FB312C3.mvfrm
[22/96      0s] MovedFromExtractor Library/Bee/artifacts/mvdfrm/UnityEngine.UnityCurlModule.dll_8280D4560FAE2C57.mvfrm
[23/96      0s] MovedFromExtractor Library/Bee/artifacts/mvdfrm/UnityEngine.UIModule.dll_DAB49EFC4A7A8E22.mvfrm
[24/96      0s] MovedFromExtractor Library/Bee/artifacts/mvdfrm/UnityEngine.TilemapModule.dll_5F1657C94DCDB924.mvfrm
[25/96      0s] MovedFromExtractor Library/Bee/artifacts/mvdfrm/UnityEngine.UnityAnalyticsModule.dll_E59208B1F50188CF.mvfrm
[26/96      0s] MovedFromExtractor Library/Bee/artifacts/mvdfrm/Unity.Scripting.dll_F6487214F28C7BFF.mvfrm
[27/96      0s] MovedFromExtractor Library/Bee/artifacts/mvdfrm/UnityEngine.U2DRuntimeModule.dll_02319BA5CDA46DBF.mvfrm
[28/96      0s] MovedFromExtractor Library/Bee/artifacts/mvdfrm/UnityEngine.TextRenderingModule.dll_AA15E909468339A5.mvfrm
[29/96      0s] MovedFromExtractor Library/Bee/artifacts/mvdfrm/UnityEngine.TimelineFoundationModule.dll_ED4342625022D1A2.mvfrm
[30/96      0s] MovedFromExtractor Library/Bee/artifacts/mvdfrm/UnityEngine.TerrainPhysicsModule.dll_C66D40BB621D3160.mvfrm
[31/96      0s] MovedFromExtractor Library/Bee/artifacts/mvdfrm/UnityEngine.TextCoreFontEngineModule.dll_EAFDC355B5D06C6B.mvfrm
[32/96      0s] MovedFromExtractor Library/Bee/artifacts/mvdfrm/UnityEngine.TetgenModule.dll_7CF595CCBDE1A31B.mvfrm
[33/96      0s] MovedFromExtractor Library/Bee/artifacts/mvdfrm/UnityEngine.SubstanceModule.dll_E0A434BE3A74EFB6.mvfrm
[34/96      0s] MovedFromExtractor Library/Bee/artifacts/mvdfrm/UnityEngine.UIElementsModule.dll_3593AC47007533A9.mvfrm
[35/96      0s] MovedFromExtractor Library/Bee/artifacts/mvdfrm/UnityEngine.TLSModule.dll_EF3AA75C7685CCC1.mvfrm
[36/96      0s] MovedFromExtractor Library/Bee/artifacts/mvdfrm/UnityEngine.SubsystemsModule.dll_31554ADEFD48F7B2.mvfrm
[37/96      0s] MovedFromExtractor Library/Bee/artifacts/mvdfrm/UnityEngine.TerrainModule.dll_C019F0483610D81B.mvfrm
[38/96      0s] MovedFromExtractor Library/Bee/artifacts/mvdfrm/UnityEngine.TextCoreTextEngineModule.dll_32E5F9C745542589.mvfrm
[39/96      0s] MovedFromExtractor Library/Bee/artifacts/mvdfrm/UnityEngine.ShaderVariantAnalyticsModule.dll_BAAAF0E1C0C07FB4.mvfrm
[40/96      0s] MovedFromExtractor Library/Bee/artifacts/mvdfrm/UnityEngine.StreamingModule.dll_03F92074EF21F1A8.mvfrm
[41/96      0s] MovedFromExtractor Library/Bee/artifacts/mvdfrm/UnityEngine.SpriteMaskModule.dll_C6A7E47D2F010F9F.mvfrm
[42/96      0s] MovedFromExtractor Library/Bee/artifacts/mvdfrm/UnityEngine.SpriteShapeModule.dll_708941B46C025AE2.mvfrm
[43/96      0s] MovedFromExtractor Library/Bee/artifacts/mvdfrm/UnityEngine.ScreenCaptureModule.dll_80D676FE8F4BB9B0.mvfrm
[44/96      0s] MovedFromExtractor Library/Bee/artifacts/mvdfrm/UnityEngine.ScriptingModule.dll_66858BEB1F21E91D.mvfrm
[45/96      0s] MovedFromExtractor Library/Bee/artifacts/mvdfrm/UnityEngine.RuntimeInitializeOnLoadManagerInitializerModule.dll_3CBBE99C3B3320C8.mvfrm
[46/96      0s] MovedFromExtractor Library/Bee/artifacts/mvdfrm/UnityEngine.RenderAs2DModule.dll_4BEE73B15FD72898.mvfrm
[47/96      0s] MovedFromExtractor Library/Bee/artifacts/mvdfrm/UnityEngine.PhysicsModule.dll_A5D374D960528F2D.mvfrm
[48/96      0s] MovedFromExtractor Library/Bee/artifacts/mvdfrm/UnityEngine.PerformanceReportingModule.dll_CE15674F6332FF4C.mvfrm
[49/96      0s] MovedFromExtractor Library/Bee/artifacts/mvdfrm/UnityEngine.PropertiesModule.dll_0AB6B12B807CDE61.mvfrm
[50/96      0s] MovedFromExtractor Library/Bee/artifacts/mvdfrm/UnityEngine.PhysicsBackendPhysXModule.dll_0C1A0BC0F512BFCF.mvfrm
[51/96      0s] MovedFromExtractor Library/Bee/artifacts/mvdfrm/UnityEngine.MultiplayerModule.dll_D6D030E66F27B050.mvfrm
[52/96      0s] MovedFromExtractor Library/Bee/artifacts/mvdfrm/UnityEngine.Physics2DModule.dll_9C0A2315409731FF.mvfrm
[53/96      0s] MovedFromExtractor Library/Bee/artifacts/mvdfrm/UnityEngine.PhysicsCore2DModule.dll_F49B17E8DA4921AE.mvfrm
[54/96      0s] MovedFromExtractor Library/Bee/artifacts/mvdfrm/UnityEngine.LocalizationModule.dll_97C0DF098E2ED7D7.mvfrm
[55/96      0s] MovedFromExtractor Library/Bee/artifacts/mvdfrm/UnityEngine.ParticleSystemModule.dll_C5F297E848DA36D3.mvfrm
[56/96      0s] MovedFromExtractor Library/Bee/artifacts/mvdfrm/UnityEngine.MarshallingModule.dll_FF90B2EE9A88502A.mvfrm
[57/96      0s] MovedFromExtractor Library/Bee/artifacts/mvdfrm/UnityEngine.ManagedKernelModule.dll_298D78C26AD95BD2.mvfrm
[58/96      0s] MovedFromExtractor Library/Bee/artifacts/mvdfrm/UnityEngine.InsightsModule.dll_38226BD1B4C6B669.mvfrm
[59/96      0s] MovedFromExtractor Library/Bee/artifacts/mvdfrm/UnityEngine.JSONSerializeModule.dll_66EEC9797ADF8D4E.mvfrm
[60/96      0s] MovedFromExtractor Library/Bee/artifacts/mvdfrm/UnityEngine.InputModule.dll_BEBB5C2D58401580.mvfrm
[61/96      0s] MovedFromExtractor Library/Bee/artifacts/mvdfrm/UnityEngine.HotReloadModule.dll_D0ACF12A7ACD55EC.mvfrm
[62/96      0s] MovedFromExtractor Library/Bee/artifacts/mvdfrm/UnityEngine.IdentifiersModule.dll_2FB19C4F78D8F0F0.mvfrm
[63/96      0s] MovedFromExtractor Library/Bee/artifacts/mvdfrm/UnityEngine.MathematicsModule.dll_7C3CC2332AD81A0C.mvfrm
[64/96      0s] MovedFromExtractor Library/Bee/artifacts/mvdfrm/UnityEngine.InputLegacyModule.dll_E86D2F784E51D8C9.mvfrm
[65/96      0s] MovedFromExtractor Library/Bee/artifacts/mvdfrm/UnityEngine.ImageConversionModule.dll_8EFB8DB8FE125C77.mvfrm
[66/96      0s] MovedFromExtractor Library/Bee/artifacts/mvdfrm/UnityEngine.GridModule.dll_01CD51FCCE393384.mvfrm
[67/96      0s] MovedFromExtractor Library/Bee/artifacts/mvdfrm/UnityEngine.InputForUIModule.dll_E02DCC066DB216E1.mvfrm
[68/96      0s] WriteText Library/Bee/artifacts/1300b0aP.dag/Assembly-CSharp.dll.mvfrm.rsp
[69/96      0s] WriteText Library/Bee/artifacts/1300b0aP.dag/Assembly-CSharp.rsp2
[70/96      0s] WriteText Library/Bee/artifacts/1300b0aP.dag/Assembly-CSharp.UnityAdditionalFile.txt
[71/96      0s] WriteText Library/Bee/artifacts/1300b0aP.dag/Assembly-CSharp.rsp
[72/96      0s] MovedFromExtractor Library/Bee/artifacts/mvdfrm/UnityEngine.GraphicsStateCollectionSerializerModule.dll_44337F79E0BA43EC.mvfrm
[73/96      0s] WriteResponseFile Library/Bee/artifacts/rsp/15201509376401771623.rsp
[74/96      0s] MovedFromExtractor Library/Bee/artifacts/mvdfrm/UnityEngine.GIModule.dll_777D49DC89E27090.mvfrm
[75/96      0s] MovedFromExtractor Library/Bee/artifacts/mvdfrm/UnityEngine.IMGUIModule.dll_90A533E3A83984BD.mvfrm
[76/96      0s] MovedFromExtractor Library/Bee/artifacts/mvdfrm/UnityEngine.DirectorModule.dll_9E5BA3412A4966EA.mvfrm
[77/96      0s] MovedFromExtractor Library/Bee/artifacts/mvdfrm/UnityEngine.HierarchyCoreModule.dll_7DF1DD17EA5185BA.mvfrm
[78/96      0s] MovedFromExtractor Library/Bee/artifacts/mvdfrm/UnityEngine.GameCenterModule.dll_DD7B71ED0D917A25.mvfrm
[79/96      0s] MovedFromExtractor Library/Bee/artifacts/mvdfrm/UnityEngine.DSPGraphModule.dll_A3AD04AA9CAA380B.mvfrm
[80/96      0s] MovedFromExtractor Library/Bee/artifacts/mvdfrm/UnityEngine.CrashReportingModule.dll_72E04E9BDAC8AB45.mvfrm
[81/96      0s] ILPP-Configuration Library/ilpp-configuration.nevergeneratedoutput
[82/96      0s] MovedFromExtractor Library/Bee/artifacts/mvdfrm/UnityEngine.AssetBundleModule.dll_57281459B66022D8.mvfrm
[83/96      0s] MovedFromExtractor Library/Bee/artifacts/mvdfrm/UnityEngine.ClothModule.dll_BF2DF177BC24CFC0.mvfrm
[84/96      0s] MovedFromExtractor Library/Bee/artifacts/mvdfrm/UnityEngine.ContentLoadModule.dll_F03E6D9A84E2CAC5.mvfrm
[85/96      0s] MovedFromExtractor Library/Bee/artifacts/mvdfrm/UnityEngine.AudioModule.dll_5845947CE207F0DC.mvfrm
[86/96      0s] MovedFromExtractor Library/Bee/artifacts/mvdfrm/UnityEngine.CoreModule.dll_245C360EB5E49D8D.mvfrm
[87/96      0s] MovedFromExtractor Library/Bee/artifacts/mvdfrm/UnityEngine.BurstModule.dll_C13D85D5095E08C6.mvfrm
[88/96      0s] MovedFromExtractor Library/Bee/artifacts/mvdfrm/UnityEngine.AnimationModule.dll_4F6433249F9A3A6A.mvfrm
[89/96      0s] MovedFromExtractor-Combine Library/Bee/artifacts/1300b0aP.dag/Assembly-CSharp.dll.mvfrm
[90/96      0s] Csc Library/Bee/artifacts/1300b0aP.dag/Assembly-CSharp.dll (+2 others)
[91/96      0s] ILPostProcess Library/Bee/artifacts/1300b0aP.dag/post-processed/Assembly-CSharp.dll (+pdb)
Processing assembly Library/Bee/artifacts/1300b0aP.dag/Assembly-CSharp.dll, with 143 defines and 215 references

processors: zzzUnity.Burst.CodeGen.BurstILPostProcessor

1 processor(s) skipped this assembly
[92/96      0s] CopyFiles Library/Bee/PlayerScriptAssemblies/Assembly-CSharp.pdb
[93/96      0s] CopyFiles Library/Bee/PlayerScriptAssemblies/Assembly-CSharp.dll
[95/96      0s] BuildPlayerDataGenerator Library/BuildPlayerData/Player/RuntimeInitializeOnLoads.json (+1 other)
*** Tundra build success (3.32 seconds), 94 items updated, 96 evaluated
Total cache size 268431120
Total cache size after purge 268431120, took 00:00:00.3002267


Mono dependencies included in the build
Dependency assembly - System.Xml.XDocument.dll
Dependency assembly - System.Xml.XmlDocument.dll
Dependency assembly - System.Globalization.dll
Dependency assembly - System.Web.DynamicData.dll
Dependency assembly - System.Web.ApplicationServices.dll
Dependency assembly - Mono.Data.Tds.dll
Dependency assembly - System.ComponentModel.Primitives.dll
Dependency assembly - System.Management.dll
Dependency assembly - System.Net.HttpListener.dll
Dependency assembly - System.Reflection.TypeExtensions.dll
Dependency assembly - System.Runtime.dll
Dependency assembly - System.Diagnostics.Tools.dll
Dependency assembly - System.Security.Cryptography.Hashing.Algorithms.dll
Dependency assembly - System.IO.FileSystem.AccessControl.dll
Dependency assembly - Mono.Data.Sqlite.dll
Dependency assembly - System.Diagnostics.TextWriterTraceListener.dll
Dependency assembly - Microsoft.Extensions.Logging.Abstractions.dll
Dependency assembly - System.Xml.Xsl.Primitives.dll
Dependency assembly - System.Diagnostics.Contracts.dll
Dependency assembly - System.ServiceModel.Security.dll
Dependency assembly - System.Net.NameResolution.dll
Dependency assembly - System.Xml.Serialization.dll
Dependency assembly - System.Threading.Overlapped.dll
Dependency assembly - System.ComponentModel.EventBasedAsync.dll
Dependency assembly - System.ServiceModel.Primitives.dll
Dependency assembly - System.Web.dll
Dependency assembly - System.Diagnostics.Debug.dll
Dependency assembly - System.Data.Common.dll
Dependency assembly - Microsoft.Win32.Primitives.dll
Dependency assembly - System.Globalization.Extensions.dll
Dependency assembly - System.ServiceModel.Duplex.dll
Dependency assembly - System.Text.Encoding.CodePages.dll
Dependency assembly - System.Runtime.Caching.dll
Dependency assembly - System.Diagnostics.StackTrace.dll
Dependency assembly - System.Runtime.Serialization.Xml.dll
Dependency assembly - Assembly-CSharp.dll
Dependency assembly - System.Collections.dll
Dependency assembly - System.Threading.ThreadPool.dll
Dependency assembly - System.Windows.Forms.DataVisualization.dll
Dependency assembly - System.Runtime.Remoting.dll
Dependency assembly - System.ServiceModel.Discovery.dll
Dependency assembly - System.ComponentModel.dll
Dependency assembly - System.Numerics.dll
Dependency assembly - System.IO.FileSystem.Primitives.dll
Dependency assembly - System.Text.RegularExpressions.dll
Dependency assembly - System.Diagnostics.TraceEvent.dll
Dependency assembly - System.Web.Extensions.Design.dll
Dependency assembly - System.Resources.ResourceManager.dll
Dependency assembly - System.Net.WebSockets.dll
Dependency assembly - System.Runtime.Loader.dll
Dependency assembly - System.Security.Principal.Windows.dll
Dependency assembly - System.Resources.Writer.dll
Dependency assembly - System.Runtime.InteropServices.dll
Dependency assembly - System.Collections.Specialized.dll
Dependency assembly - System.Net.Mail.dll
Dependency assembly - System.ServiceModel.Web.dll
Dependency assembly - System.Xml.XPath.dll
Dependency assembly - System.Runtime.CompilerServices.VisualC.dll
Dependency assembly - System.Security.Cryptography.X509Certificates.dll
Dependency assembly - System.Security.Cryptography.Csp.dll
Dependency assembly - System.Data.OracleClient.dll
Dependency assembly - System.Data.dll
Dependency assembly - System.Drawing.Design.dll
Dependency assembly - System.Security.Cryptography.ProtectedData.dll
Dependency assembly - System.Data.SqlClient.dll
Dependency assembly - System.Reflection.Extensions.dll
Dependency assembly - Mono.Security.dll
Dependency assembly - System.Collections.NonGeneric.dll
Dependency assembly - System.Text.Encoding.dll
Dependency assembly - System.DirectoryServices.Protocols.dll
Dependency assembly - System.ServiceModel.Http.dll
Dependency assembly - System.Threading.AccessControl.dll
Dependency assembly - System.IO.IsolatedStorage.dll
Dependency assembly - System.ComponentModel.Annotations.dll
Dependency assembly - System.Security.Cryptography.Primitives.dll
Dependency assembly - System.IdentityModel.dll
Dependency assembly - System.Net.AuthenticationManager.dll
Dependency assembly - System.Security.Cryptography.Encryption.Aes.dll
Dependency assembly - System.Resources.Reader.dll
Dependency assembly - System.Threading.Thread.dll
Dependency assembly - System.Runtime.Extensions.dll
Dependency assembly - System.Net.WebSockets.Client.dll
Dependency assembly - System.Runtime.Handles.dll
Dependency assembly - System.Json.dll
Dependency assembly - I18N.dll
Dependency assembly - Microsoft.CSharp.dll
Dependency assembly - System.Web.Services.dll
Dependency assembly - System.Xml.XPath.XDocument.dll
Dependency assembly - System.Threading.Tasks.dll
Dependency assembly - System.IO.Compression.dll
Dependency assembly - System.Runtime.Serialization.dll
Dependency assembly - System.Text.Json.dll
Dependency assembly - System.Linq.Expressions.dll
Dependency assembly - System.Security.SecureString.dll
Dependency assembly - Microsoft.Win32.Registry.dll
Dependency assembly - System.Text.Encodings.Web.dll
Dependency assembly - System.Security.Cryptography.Encryption.dll
Dependency assembly - System.ComponentModel.TypeConverter.dll
Dependency assembly - System.Security.dll
Dependency assembly - System.Configuration.Install.dll
Dependency assembly - System.Linq.Queryable.dll
Dependency assembly - System.Collections.Immutable.dll
Dependency assembly - System.Reflection.Emit.Lightweight.dll
Dependency assembly - System.Memory.dll
Dependency assembly - System.Text.Encoding.Extensions.dll
Dependency assembly - System.Diagnostics.FileVersionInfo.dll
Dependency assembly - Microsoft.Extensions.DependencyInjection.Abstractions.dll
Dependency assembly - System.Net.WebHeaderCollection.dll
Dependency assembly - System.Security.Cryptography.Pkcs.dll
Dependency assembly - System.IO.Compression.ZipFile.dll
Dependency assembly - System.Drawing.dll
Dependency assembly - System.Diagnostics.TraceSource.dll
Dependency assembly - I18N.Rare.dll
Dependency assembly - System.IO.FileSystem.dll
Dependency assembly - System.ServiceModel.dll
Dependency assembly - System.ServiceModel.Internals.dll
Dependency assembly - System.ServiceModel.NetTcp.dll
Dependency assembly - System.Runtime.CompilerServices.Unsafe.dll
Dependency assembly - System.Messaging.dll
Dependency assembly - System.IO.FileSystem.Watcher.dll
Dependency assembly - System.Net.Requests.dll
Dependency assembly - System.Reflection.DispatchProxy.dll
Dependency assembly - System.Xaml.dll
Dependency assembly - System.Collections.Concurrent.dll
Dependency assembly - System.Security.Principal.dll
Dependency assembly - System.Reflection.Emit.ILGeneration.dll
Dependency assembly - System.Runtime.Serialization.Formatters.Soap.dll
Dependency assembly - System.IO.Pipes.dll
Dependency assembly - System.Xml.ReaderWriter.dll
Dependency assembly - System.Reflection.Metadata.dll
Dependency assembly - System.Data.Linq.dll
Dependency assembly - System.Linq.dll
Dependency assembly - System.Net.Sockets.dll
Dependency assembly - System.Runtime.InteropServices.WindowsRuntime.dll
Dependency assembly - System.Net.Security.dll
Dependency assembly - Microsoft.Bcl.AsyncInterfaces.dll
Dependency assembly - mscorlib.dll
Dependency assembly - System.ObjectModel.dll
Dependency assembly - System.Reflection.Context.dll
Dependency assembly - System.Windows.Forms.dll
Dependency assembly - System.AppContext.dll
Dependency assembly - System.ComponentModel.Composition.dll
Dependency assembly - System.Reflection.Emit.dll
Dependency assembly - System.Security.Cryptography.Encryption.ECDsa.dll
Dependency assembly - System.Security.Cryptography.Algorithms.dll
Dependency assembly - System.Xml.dll
Dependency assembly - System.Data.Entity.dll
Dependency assembly - System.Net.NetworkInformation.dll
Dependency assembly - System.Net.Ping.dll
Dependency assembly - System.Web.RegularExpressions.dll
Dependency assembly - System.Console.dll
Dependency assembly - System.Net.ServicePoint.dll
Dependency assembly - I18N.MidEast.dll
Dependency assembly - System.IO.MemoryMappedFiles.dll
Dependency assembly - System.Security.Cryptography.RandomNumberGenerator.dll
Dependency assembly - System.ComponentModel.DataAnnotations.dll
Dependency assembly - System.Buffers.dll
Dependency assembly - System.EnterpriseServices.dll
Dependency assembly - System.Runtime.DurableInstancing.dll
Dependency assembly - System.ServiceModel.Activation.dll
Dependency assembly - System.Transactions.dll
Dependency assembly - System.ServiceProcess.ServiceController.dll
Dependency assembly - System.Net.dll
Dependency assembly - System.Xml.Linq.dll
Dependency assembly - System.IO.dll
Dependency assembly - System.Net.Cache.dll
Dependency assembly - System.Diagnostics.Process.dll
Dependency assembly - System.Reflection.dll
Dependency assembly - System.Security.Cryptography.OpenSsl.dll
Dependency assembly - System.Security.Cryptography.Hashing.dll
Dependency assembly - System.ValueTuple.dll
Dependency assembly - I18N.West.dll
Dependency assembly - System.Runtime.Numerics.dll
Dependency assembly - System.Threading.Timer.dll
Dependency assembly - System.Runtime.InteropServices.RuntimeInformation.dll
Dependency assembly - Accessibility.dll
Dependency assembly - System.ServiceModel.Routing.dll
Dependency assembly - System.Runtime.Serialization.Formatters.dll
Dependency assembly - System.ServiceProcess.dll
Dependency assembly - System.Web.Extensions.dll
Dependency assembly - System.Security.Cryptography.RSA.dll
Dependency assembly - System.Xml.XmlSerializer.dll
Dependency assembly - System.Security.Cryptography.DeriveBytes.dll
Dependency assembly - System.Globalization.Calendars.dll
Dependency assembly - Microsoft.Win32.Registry.AccessControl.dll
Dependency assembly - System.IdentityModel.Selectors.dll
Dependency assembly - System.IO.UnmanagedMemoryStream.dll
Dependency assembly - System.Security.AccessControl.dll
Dependency assembly - System.Reflection.Primitives.dll
Dependency assembly - System.Threading.dll
Dependency assembly - System.Resources.ReaderWriter.dll
Dependency assembly - System.Runtime.Serialization.Primitives.dll
Dependency assembly - System.IO.Hashing.dll
Dependency assembly - System.Threading.Tasks.Parallel.dll
Dependency assembly - System.Xml.XPath.XmlDocument.dll
Dependency assembly - System.Net.Primitives.dll
Dependency assembly - System.Net.Http.dll
Dependency assembly - System.Diagnostics.DiagnosticSource.dll
Dependency assembly - netstandard.dll
Dependency assembly - System.Threading.Tasks.Extensions.dll
Dependency assembly - System.Data.Services.dll
Dependency assembly - I18N.Other.dll
Dependency assembly - System.Security.Claims.dll
Dependency assembly - System.Diagnostics.Tracing.dll
Dependency assembly - System.dll
Dependency assembly - System.Security.Cryptography.Encoding.dll
Dependency assembly - System.DirectoryServices.dll
Dependency assembly - System.Windows.dll
Dependency assembly - System.Numerics.Vectors.dll
Dependency assembly - System.Configuration.dll
Dependency assembly - System.Data.DataSetExtensions.dll
Dependency assembly - System.Security.Cryptography.Cng.dll
Dependency assembly - System.IO.Compression.FileSystem.dll
Dependency assembly - System.Net.Utilities.dll
Dependency assembly - I18N.CJK.dll
Dependency assembly - System.Runtime.Serialization.Json.dll
Dependency assembly - System.IO.FileSystem.DriveInfo.dll
Dependency assembly - System.Design.dll
Dependency assembly - System.Security.Cryptography.Encryption.ECDiffieHellman.dll
Dependency assembly - System.Net.Http.WebRequest.dll
Dependency assembly - System.Core.dll
Dependency assembly - System.Data.Services.Client.dll
Dependency assembly - System.Linq.Parallel.dll
Dependency assembly - System.Dynamic.Runtime.dll
Dependency assembly - System.Drawing.Primitives.dll

DisplayProgressbar: Fetching assembly references
Opening scene 'Assets/Scenes/AetherGrounds.unity'
Unloading 1 Unused Serialized files (Serialized files now loaded: 0)
Loaded scene 'Assets/Scenes/AetherGrounds.unity'
	Deserialize:            0.641 ms
	Integration:            7.861 ms
	Integration of assets:  0.003 ms
	Thread Wait Time:       12.595 ms
	Total Operation Time:   21.100 ms
Unloading 28 unused Assets / (0.8 MB). Loaded Objects now: 1586.
Memory consumption went from 264.8 MB to 264.1 MB.
Total: 6.895300 ms (FindLiveObjects: 0.204100 ms CreateObjectMapping: 0.020900 ms MarkObjects: 6.163300 ms  DeleteObjects: 0.395500 ms)

Unloading 74 Unused Serialized files (Serialized files now loaded: 0)
Unloading 255 unused Assets / (1.1 MB). Loaded Objects now: 1288.
Memory consumption went from 262.0 MB to 261.0 MB.
Total: 7.770100 ms (FindLiveObjects: 0.177800 ms CreateObjectMapping: 0.027900 ms MarkObjects: 6.068700 ms  DeleteObjects: 1.361900 ms)

Unloading 0 Unused Serialized files (Serialized files now loaded: 0)
Unloading 0 unused Assets / (Unknown). Loaded Objects now: 1288.
Memory consumption went from 250.1 MB to 250.1 MB.
Total: 6.258100 ms (FindLiveObjects: 0.166400 ms CreateObjectMapping: 0.020800 ms MarkObjects: 5.950900 ms  DeleteObjects: 0.005300 ms)

Unloading 1 Unused Serialized files (Serialized files now loaded: 0)
Unloading 176 unused Assets / (149.4 MB). Loaded Objects now: 1288.
Memory consumption went from 400.5 MB to 251.1 MB.
Total: 22.295400 ms (FindLiveObjects: 0.179900 ms CreateObjectMapping: 0.045600 ms MarkObjects: 9.660300 ms  DeleteObjects: 12.275200 ms)

Compiling shader "Aether/Toon"
  Pass "FORWARD" (vp)
    Target graphics API: gles3
    Full variant space:         664
    After settings filtering:   664
    After built-in stripping:   24
    After scriptable stripping: 24
    Processed in 0.02 seconds
  Pass "FORWARD" (vp)
    Target graphics API: gles3
    Full variant space:         188
    After settings filtering:   188
    After built-in stripping:   39
    After scriptable stripping: 39
    Processed in 0.02 seconds
  Pass "DEFERRED" (vp)
    Target graphics API: gles3
    Full variant space:         76
    After settings filtering:   76
    After built-in stripping:   12
    After scriptable stripping: 12
    Processed in 0.00 seconds
  Pass "ShadowCaster" (vp)
    Target graphics API: gles3
    Full variant space:         4
    After settings filtering:   4
    After built-in stripping:   6
    After scriptable stripping: 6
    Processed in 0.00 seconds
  Pass FORWARD (vp, gles3) finished in 0.37 seconds. Local cache hits 0 (0.00s CPU time), remote cache hits 0 (0.00s CPU time), compiled 24 variants (4.85s CPU time), skipped 0 variants.
    Prepared data for serialisation in 0.00s
  Pass FORWARD (vp, gles3) finished in 0.61 seconds. Local cache hits 0 (0.00s CPU time), remote cache hits 0 (0.00s CPU time), compiled 39 variants (6.55s CPU time), skipped 0 variants.
    Prepared data for serialisation in 0.00s
  Pass DEFERRED (vp, gles3) finished in 0.72 seconds. Local cache hits 0 (0.00s CPU time), remote cache hits 0 (0.00s CPU time), compiled 12 variants (1.74s CPU time), skipped 0 variants.
    Prepared data for serialisation in 0.00s
  Pass ShadowCaster (vp, gles3) finished in 0.16 seconds. Local cache hits 0 (0.00s CPU time), remote cache hits 0 (0.00s CPU time), compiled 6 variants (0.49s CPU time), skipped 0 variants.
    Prepared data for serialisation in 0.00s
Serialized binary data for shader Aether/Toon in 0.00s
    gles3 (total internal programs: 81, unique: 48)
Compiling shader "Aether/Water"
  Pass "" (vp)
    Target graphics API: gles3
    Full variant space:         4
    After settings filtering:   4
    After built-in stripping:   3
    After scriptable stripping: 3
    Processed in 0.00 seconds
  Pass  (vp, gles3) finished in 0.08 seconds. Local cache hits 0 (0.00s CPU time), remote cache hits 0 (0.00s CPU time), compiled 3 variants (0.21s CPU time), skipped 0 variants.
    Prepared data for serialisation in 0.00s
Serialized binary data for shader Aether/Water in 0.00s
    gles3 (total internal programs: 3, unique: 1)
Compiling shader "Hidden/Aether/Post"
  Pass "" (vp)
    Target graphics API: gles3
    Full variant space:         1
    After settings filtering:   1
    After built-in stripping:   3
    After scriptable stripping: 3
    Processed in 0.00 seconds
  Pass "" (vp)
    Target graphics API: gles3
    Full variant space:         1
    After settings filtering:   1
    After built-in stripping:   3
    After scriptable stripping: 3
    Processed in 0.00 seconds
  Pass "" (vp)
    Target graphics API: gles3
    Full variant space:         1
    After settings filtering:   1
    After built-in stripping:   3
    After scriptable stripping: 3
    Processed in 0.00 seconds
  Pass  (vp, gles3) finished in 0.04 seconds. Local cache hits 0 (0.00s CPU time), remote cache hits 0 (0.00s CPU time), compiled 3 variants (0.12s CPU time), skipped 0 variants.
    Prepared data for serialisation in 0.00s
  Pass  (vp, gles3) finished in 0.04 seconds. Local cache hits 0 (0.00s CPU time), remote cache hits 0 (0.00s CPU time), compiled 3 variants (0.11s CPU time), skipped 0 variants.
    Prepared data for serialisation in 0.00s
  Pass  (vp, gles3) finished in 0.04 seconds. Local cache hits 0 (0.00s CPU time), remote cache hits 0 (0.00s CPU time), compiled 3 variants (0.10s CPU time), skipped 0 variants.
    Prepared data for serialisation in 0.00s
Serialized binary data for shader Hidden/Aether/Post in 0.00s
    gles3 (total internal programs: 9, unique: 3)
Compiling shader "Aether/Shield"
  Pass "" (vp)
    Target graphics API: gles3
    Full variant space:         1
    After settings filtering:   1
    After built-in stripping:   3
    After scriptable stripping: 3
    Processed in 0.00 seconds
  Pass  (vp, gles3) finished in 0.04 seconds. Local cache hits 0 (0.00s CPU time), remote cache hits 0 (0.00s CPU time), compiled 3 variants (0.10s CPU time), skipped 0 variants.
    Prepared data for serialisation in 0.00s
Serialized binary data for shader Aether/Shield in 0.00s
    gles3 (total internal programs: 3, unique: 1)
Compiling shader "Aether/Sky"
  Pass "" (vp)
    Target graphics API: gles3
    Full variant space:         1
    After settings filtering:   1
    After built-in stripping:   3
    After scriptable stripping: 3
    Processed in 0.00 seconds
  Pass  (vp, gles3) finished in 0.05 seconds. Local cache hits 0 (0.00s CPU time), remote cache hits 0 (0.00s CPU time), compiled 3 variants (0.12s CPU time), skipped 0 variants.
    Prepared data for serialisation in 0.00s
Serialized binary data for shader Aether/Sky in 0.00s
    gles3 (total internal programs: 3, unique: 1)
Compiling shader "Aether/StructureText"
  Pass "" (vp)
    Target graphics API: gles3
    Full variant space:         1
    After settings filtering:   1
    After built-in stripping:   3
    After scriptable stripping: 3
    Processed in 0.00 seconds
  Pass  (vp, gles3) finished in 0.03 seconds. Local cache hits 0 (0.00s CPU time), remote cache hits 0 (0.00s CPU time), compiled 3 variants (0.09s CPU time), skipped 0 variants.
    Prepared data for serialisation in 0.00s
Serialized binary data for shader Aether/StructureText in 0.00s
    gles3 (total internal programs: 3, unique: 1)
Compiling shader "Aether/LegacyToon"
  Pass "" (vp)
    Target graphics API: gles3
    Full variant space:         332
    After settings filtering:   332
    After built-in stripping:   24
    After scriptable stripping: 24
    Processed in 0.00 seconds
  Pass "" (vp)
    Target graphics API: gles3
    Full variant space:         1
    After settings filtering:   1
    After built-in stripping:   3
    After scriptable stripping: 3
    Processed in 0.00 seconds
  Pass  (vp, gles3) finished in 0.18 seconds. Local cache hits 0 (0.00s CPU time), remote cache hits 0 (0.00s CPU time), compiled 24 variants (1.99s CPU time), skipped 0 variants.
    Prepared data for serialisation in 0.00s
  Pass  (vp, gles3) finished in 0.18 seconds. Local cache hits 0 (0.00s CPU time), remote cache hits 0 (0.00s CPU time), compiled 3 variants (0.17s CPU time), skipped 0 variants.
    Prepared data for serialisation in 0.00s
Serialized binary data for shader Aether/LegacyToon in 0.00s
    gles3 (total internal programs: 27, unique: 9)
Compiling shader "Skybox/Procedural"
  Pass "" (vp)
    Target graphics API: gles3
    Full variant space:         3
    After settings filtering:   3
    After built-in stripping:   9
    After scriptable stripping: 9
    Processed in 0.00 seconds
  Pass  (vp, gles3) finished in 0.13 seconds. Local cache hits 0 (0.00s CPU time), remote cache hits 0 (0.00s CPU time), compiled 9 variants (1.10s CPU time), skipped 0 variants.
    Prepared data for serialisation in 0.00s
Serialized binary data for shader Skybox/Procedural in 0.00s
    gles3 (total internal programs: 9, unique: 3)
Compiling shader "Legacy Shaders/VertexLit"
  Pass "" (vp)
    Target graphics API: gles3
    Full variant space:         12
    After settings filtering:   12
    After built-in stripping:   9
    After scriptable stripping: 9
    Processed in 0.00 seconds
  Pass "" (vp)
    Target graphics API: gles3
    Full variant space:         4
    After settings filtering:   4
    After built-in stripping:   3
    After scriptable stripping: 3
    Processed in 0.00 seconds
  Pass "ShadowCaster" (vp)
    Target graphics API: gles3
    Full variant space:         4
    After settings filtering:   4
    After built-in stripping:   6
    After scriptable stripping: 6
    Processed in 0.00 seconds
  Pass  (vp, gles3) finished in 0.19 seconds. Local cache hits 0 (0.00s CPU time), remote cache hits 0 (0.00s CPU time), compiled 9 variants (1.30s CPU time), skipped 0 variants.
    Prepared data for serialisation in 0.00s
  Pass  (vp, gles3) finished in 0.19 seconds. Local cache hits 0 (0.00s CPU time), remote cache hits 0 (0.00s CPU time), compiled 3 variants (0.16s CPU time), skipped 0 variants.
    Prepared data for serialisation in 0.00s
  Pass ShadowCaster (vp, gles3) finished in 0.19 seconds. Local cache hits 0 (0.00s CPU time), remote cache hits 0 (0.00s CPU time), compiled 6 variants (0.31s CPU time), skipped 0 variants.
    Prepared data for serialisation in 0.00s
Serialized binary data for shader Legacy Shaders/VertexLit in 0.00s
    gles3 (total internal programs: 18, unique: 6)
Compiling shader "Legacy Shaders/Diffuse"
  Pass "FORWARD" (vp)
    Target graphics API: gles3
    Full variant space:         664
    After settings filtering:   664
    After built-in stripping:   24
    After scriptable stripping: 24
    Processed in 0.00 seconds
  Pass "FORWARD" (vp)
    Target graphics API: gles3
    Full variant space:         20
    After settings filtering:   20
    After built-in stripping:   15
    After scriptable stripping: 15
    Processed in 0.00 seconds
  Pass "DEFERRED" (vp)
    Target graphics API: gles3
    Full variant space:         76
    After settings filtering:   76
    After built-in stripping:   12
    After scriptable stripping: 12
    Processed in 0.00 seconds
  Pass FORWARD (vp, gles3) finished in 0.24 seconds. Local cache hits 0 (0.00s CPU time), remote cache hits 0 (0.00s CPU time), compiled 24 variants (2.29s CPU time), skipped 0 variants.
    Prepared data for serialisation in 0.00s
  Pass FORWARD (vp, gles3) finished in 0.28 seconds. Local cache hits 0 (0.00s CPU time), remote cache hits 0 (0.00s CPU time), compiled 15 variants (1.13s CPU time), skipped 0 variants.
    Prepared data for serialisation in 0.00s
  Pass DEFERRED (vp, gles3) finished in 0.21 seconds. Local cache hits 0 (0.00s CPU time), remote cache hits 0 (0.00s CPU time), compiled 12 variants (1.04s CPU time), skipped 0 variants.
    Prepared data for serialisation in 0.00s
Serialized binary data for shader Legacy Shaders/Diffuse in 0.00s
    gles3 (total internal programs: 51, unique: 17)
Compiling shader "Hidden/Internal-StencilWrite"
  Pass "" (vp)
    Target graphics API: gles3
    Full variant space:         1
    After settings filtering:   1
    After built-in stripping:   3
    After scriptable stripping: 3
    Processed in 0.00 seconds
  Pass  (vp, gles3) finished in 0.03 seconds. Local cache hits 0 (0.00s CPU time), remote cache hits 0 (0.00s CPU time), compiled 3 variants (0.08s CPU time), skipped 0 variants.
    Prepared data for serialisation in 0.00s
Serialized binary data for shader Hidden/Internal-StencilWrite in 0.00s
    gles3 (total internal programs: 3, unique: 1)
Compiling shader "Standard"
  Pass "FORWARD" (vp)
    Target graphics API: gles3
    Full variant space:         664
    After settings filtering:   664
    After built-in stripping:   24
    After scriptable stripping: 24
    Processed in 0.00 seconds
  Pass "FORWARD_DELTA" (vp)
    Target graphics API: gles3
    Full variant space:         188
    After settings filtering:   188
    After built-in stripping:   39
    After scriptable stripping: 39
    Processed in 0.00 seconds
  Pass "ShadowCaster" (vp)
    Target graphics API: gles3
    Full variant space:         4
    After settings filtering:   4
    After built-in stripping:   6
    After scriptable stripping: 6
    Processed in 0.00 seconds
  Pass "DEFERRED" (vp)
    Target graphics API: gles3
    Full variant space:         76
    After settings filtering:   76
    After built-in stripping:   12
    After scriptable stripping: 12
    Processed in 0.00 seconds
  Pass "FORWARD" (vp)
    Target graphics API: gles3
    Full variant space:         208
    After settings filtering:   208
    After built-in stripping:   24
    After scriptable stripping: 24
    Processed in 0.01 seconds
  Pass "FORWARD_DELTA" (vp)
    Target graphics API: gles3
    Full variant space:         140
    After settings filtering:   140
    After built-in stripping:   30
    After scriptable stripping: 30
    Processed in 0.05 seconds
  Pass "ShadowCaster" (vp)
    Target graphics API: gles3
    Full variant space:         2
    After settings filtering:   2
    After built-in stripping:   6
    After scriptable stripping: 6
    Processed in 0.00 seconds
  Pass FORWARD (vp, gles3) finished in 0.34 seconds. Local cache hits 0 (0.00s CPU time), remote cache hits 0 (0.00s CPU time), compiled 24 variants (3.50s CPU time), skipped 0 variants.
    Prepared data for serialisation in 0.00s
  Pass FORWARD_DELTA (vp, gles3) finished in 0.66 seconds. Local cache hits 0 (0.00s CPU time), remote cache hits 0 (0.00s CPU time), compiled 39 variants (6.23s CPU time), skipped 0 variants.
    Prepared data for serialisation in 0.00s
  Pass ShadowCaster (vp, gles3) finished in 0.86 seconds. Local cache hits 0 (0.00s CPU time), remote cache hits 0 (0.00s CPU time), compiled 6 variants (0.26s CPU time), skipped 0 variants.
    Prepared data for serialisation in 0.00s
  Pass DEFERRED (vp, gles3) finished in 0.41 seconds. Local cache hits 0 (0.00s CPU time), remote cache hits 0 (0.00s CPU time), compiled 12 variants (1.70s CPU time), skipped 0 variants.
    Prepared data for serialisation in 0.00s
  Pass FORWARD (vp, gles3) finished in 1.02 seconds. Local cache hits 0 (0.00s CPU time), remote cache hits 0 (0.00s CPU time), compiled 24 variants (3.47s CPU time), skipped 0 variants.
    Prepared data for serialisation in 0.00s
  Pass FORWARD_DELTA (vp, gles3) finished in 0.35 seconds. Local cache hits 0 (0.00s CPU time), remote cache hits 0 (0.00s CPU time), compiled 30 variants (3.47s CPU time), skipped 0 variants.
    Prepared data for serialisation in 0.00s
  Pass ShadowCaster (vp, gles3) finished in 0.87 seconds. Local cache hits 0 (0.00s CPU time), remote cache hits 0 (0.00s CPU time), compiled 6 variants (0.35s CPU time), skipped 0 variants.
    Prepared data for serialisation in 0.00s
Serialized binary data for shader Standard in 0.00s
    gles3 (total internal programs: 141, unique: 60)
Compiling shader "Hidden/Internal-DepthNormalsTexture"
  Pass "" (vp)
    Target graphics API: gles3
    Full variant space:         1
    After settings filtering:   1
    After built-in stripping:   3
    After scriptable stripping: 3
    Processed in 0.00 seconds
  Pass "" (vp)
    Target graphics API: gles3
    Full variant space:         1
    After settings filtering:   1
    After built-in stripping:   3
    After scriptable stripping: 3
    Processed in 0.00 seconds
  Pass "" (vp)
    Target graphics API: gles3
    Full variant space:         1
    After settings filtering:   1
    After built-in stripping:   3
    After scriptable stripping: 3
    Processed in 0.00 seconds
  Pass "" (vp)
    Target graphics API: gles3
    Full variant space:         1
    After settings filtering:   1
    After built-in stripping:   3
    After scriptable stripping: 3
    Processed in 0.00 seconds
  Pass "" (vp)
    Target graphics API: gles3
    Full variant space:         1
    After settings filtering:   1
    After built-in stripping:   3
    After scriptable stripping: 3
    Processed in 0.00 seconds
  Pass "" (vp)
    Target graphics API: gles3
    Full variant space:         1
    After settings filtering:   1
    After built-in stripping:   3
    After scriptable stripping: 3
    Processed in 0.00 seconds
  Pass "" (vp)
    Target graphics API: gles3
    Full variant space:         1
    After settings filtering:   1
    After built-in stripping:   3
    After scriptable stripping: 3
    Processed in 0.00 seconds
  Pass "" (vp)
    Target graphics API: gles3
    Full variant space:         1
    After settings filtering:   1
    After built-in stripping:   3
    After scriptable stripping: 3
    Processed in 0.00 seconds
  Pass "" (vp)
    Target graphics API: gles3
    Full variant space:         1
    After settings filtering:   1
    After built-in stripping:   3
    After scriptable stripping: 3
    Processed in 0.00 seconds
  Pass "" (vp)
    Target graphics API: gles3
    Full variant space:         1
    After settings filtering:   1
    After built-in stripping:   3
    After scriptable stripping: 3
    Processed in 0.00 seconds
  Pass  (vp, gles3) finished in 0.10 seconds. Local cache hits 0 (0.00s CPU time), remote cache hits 0 (0.00s CPU time), compiled 3 variants (0.15s CPU time), skipped 0 variants.
    Prepared data for serialisation in 0.00s
  Pass  (vp, gles3) finished in 0.10 seconds. Local cache hits 0 (0.00s CPU time), remote cache hits 0 (0.00s CPU time), compiled 3 variants (0.16s CPU time), skipped 0 variants.
    Prepared data for serialisation in 0.00s
  Pass  (vp, gles3) finished in 0.16 seconds. Local cache hits 0 (0.00s CPU time), remote cache hits 0 (0.00s CPU time), compiled 3 variants (0.34s CPU time), skipped 0 variants.
    Prepared data for serialisation in 0.00s
  Pass  (vp, gles3) finished in 0.16 seconds. Local cache hits 0 (0.00s CPU time), remote cache hits 0 (0.00s CPU time), compiled 3 variants (0.39s CPU time), skipped 0 variants.
    Prepared data for serialisation in 0.00s
  Pass  (vp, gles3) finished in 0.12 seconds. Local cache hits 0 (0.00s CPU time), remote cache hits 0 (0.00s CPU time), compiled 3 variants (0.19s CPU time), skipped 0 variants.
    Prepared data for serialisation in 0.00s
  Pass  (vp, gles3) finished in 0.18 seconds. Local cache hits 0 (0.00s CPU time), remote cache hits 0 (0.00s CPU time), compiled 3 variants (0.31s CPU time), skipped 0 variants.
    Prepared data for serialisation in 0.00s
  Pass  (vp, gles3) finished in 0.11 seconds. Local cache hits 0 (0.00s CPU time), remote cache hits 0 (0.00s CPU time), compiled 3 variants (0.22s CPU time), skipped 0 variants.
    Prepared data for serialisation in 0.00s
  Pass  (vp, gles3) finished in 0.13 seconds. Local cache hits 0 (0.00s CPU time), remote cache hits 0 (0.00s CPU time), compiled 3 variants (0.22s CPU time), skipped 0 variants.
    Prepared data for serialisation in 0.00s
  Pass  (vp, gles3) finished in 0.12 seconds. Local cache hits 0 (0.00s CPU time), remote cache hits 0 (0.00s CPU time), compiled 3 variants (0.29s CPU time), skipped 0 variants.
    Prepared data for serialisation in 0.00s
  Pass  (vp, gles3) finished in 0.12 seconds. Local cache hits 0 (0.00s CPU time), remote cache hits 0 (0.00s CPU time), compiled 3 variants (0.29s CPU time), skipped 0 variants.
    Prepared data for serialisation in 0.00s
Serialized binary data for shader Hidden/Internal-DepthNormalsTexture in 0.00s
    gles3 (total internal programs: 30, unique: 10)
Compiling shader "Hidden/Internal-ScreenSpaceShadows"
  Pass "" (vp)
    Target graphics API: gles3
    Full variant space:         4
    After settings filtering:   4
    After built-in stripping:   12
    After scriptable stripping: 12
    Processed in 0.00 seconds
  Pass "" (vp)
    Target graphics API: gles3
    Full variant space:         4
    After settings filtering:   4
    After built-in stripping:   12
    After scriptable stripping: 12
    Processed in 0.00 seconds
  Pass "" (vp)
    Target graphics API: gles3
    Full variant space:         4
    After settings filtering:   4
    After built-in stripping:   12
    After scriptable stripping: 12
    Processed in 0.00 seconds
  Pass "" (vp)
    Target graphics API: gles3
    Full variant space:         4
    After settings filtering:   4
    After built-in stripping:   12
    After scriptable stripping: 12
    Processed in 0.00 seconds
  Pass  (vp, gles3) finished in 0.22 seconds. Local cache hits 0 (0.00s CPU time), remote cache hits 0 (0.00s CPU time), compiled 12 variants (1.40s CPU time), skipped 0 variants.
    Prepared data for serialisation in 0.00s
  Pass  (vp, gles3) finished in 0.39 seconds. Local cache hits 0 (0.00s CPU time), remote cache hits 0 (0.00s CPU time), compiled 12 variants (1.42s CPU time), skipped 0 variants.
    Prepared data for serialisation in 0.00s
  Pass  (vp, gles3) finished in 0.38 seconds. Local cache hits 0 (0.00s CPU time), remote cache hits 0 (0.00s CPU time), compiled 12 variants (1.69s CPU time), skipped 0 variants.
    Prepared data for serialisation in 0.00s
  Pass  (vp, gles3) finished in 0.23 seconds. Local cache hits 0 (0.00s CPU time), remote cache hits 0 (0.00s CPU time), compiled 12 variants (1.74s CPU time), skipped 0 variants.
    Prepared data for serialisation in 0.00s
Serialized binary data for shader Hidden/Internal-ScreenSpaceShadows in 0.00s
    gles3 (total internal programs: 48, unique: 16)
Compiling shader "Hidden/Internal-CombineDepthNormals"
  Pass "" (vp)
    Target graphics API: gles3
    Full variant space:         1
    After settings filtering:   1
    After built-in stripping:   3
    After scriptable stripping: 3
    Processed in 0.00 seconds
  Pass  (vp, gles3) finished in 0.04 seconds. Local cache hits 0 (0.00s CPU time), remote cache hits 0 (0.00s CPU time), compiled 3 variants (0.12s CPU time), skipped 0 variants.
    Prepared data for serialisation in 0.00s
Serialized binary data for shader Hidden/Internal-CombineDepthNormals in 0.00s
    gles3 (total internal programs: 3, unique: 1)
Compiling shader "Hidden/BlitCopy"
  Pass "" (vp)
    Target graphics API: gles3
    Full variant space:         1
    After settings filtering:   1
    After built-in stripping:   3
    After scriptable stripping: 3
    Processed in 0.00 seconds
  Pass  (vp, gles3) finished in 0.04 seconds. Local cache hits 0 (0.00s CPU time), remote cache hits 0 (0.00s CPU time), compiled 3 variants (0.10s CPU time), skipped 0 variants.
    Prepared data for serialisation in 0.00s
Serialized binary data for shader Hidden/BlitCopy in 0.00s
    gles3 (total internal programs: 3, unique: 1)
Compiling shader "Hidden/BlitCopyDepth"
  Pass "" (vp)
    Target graphics API: gles3
    Full variant space:         1
    After settings filtering:   1
    After built-in stripping:   3
    After scriptable stripping: 3
    Processed in 0.00 seconds
  Pass  (vp, gles3) finished in 0.03 seconds. Local cache hits 0 (0.00s CPU time), remote cache hits 0 (0.00s CPU time), compiled 3 variants (0.09s CPU time), skipped 0 variants.
    Prepared data for serialisation in 0.00s
Serialized binary data for shader Hidden/BlitCopyDepth in 0.00s
    gles3 (total internal programs: 3, unique: 1)
Compiling shader "Hidden/ConvertTexture"
  Pass "" (vp)
    Target graphics API: gles3
    Full variant space:         1
    After settings filtering:   1
    After built-in stripping:   3
    After scriptable stripping: 3
    Processed in 0.00 seconds
  Pass  (vp, gles3) finished in 0.04 seconds. Local cache hits 0 (0.00s CPU time), remote cache hits 0 (0.00s CPU time), compiled 3 variants (0.11s CPU time), skipped 0 variants.
    Prepared data for serialisation in 0.00s
Serialized binary data for shader Hidden/ConvertTexture in 0.00s
    gles3 (total internal programs: 3, unique: 1)
Compiling shader "Hidden/Internal-DeferredShading"
  Pass "" (vp)
    Target graphics API: gles3
    Full variant space:         94
    After settings filtering:   94
    After built-in stripping:   78
    After scriptable stripping: 78
    Processed in 0.00 seconds
  Pass "" (vp)
    Target graphics API: gles3
    Full variant space:         1
    After settings filtering:   1
    After built-in stripping:   3
    After scriptable stripping: 3
    Processed in 0.00 seconds
  Pass  (vp, gles3) finished in 0.68 seconds. Local cache hits 0 (0.00s CPU time), remote cache hits 0 (0.00s CPU time), compiled 78 variants (10.19s CPU time), skipped 0 variants.
    Prepared data for serialisation in 0.00s
  Pass  (vp, gles3) finished in 0.68 seconds. Local cache hits 0 (0.00s CPU time), remote cache hits 0 (0.00s CPU time), compiled 3 variants (0.12s CPU time), skipped 0 variants.
    Prepared data for serialisation in 0.00s
Serialized binary data for shader Hidden/Internal-DeferredShading in 0.00s
    gles3 (total internal programs: 81, unique: 53)
Compiling shader "Hidden/Internal-DeferredReflections"
  Pass "" (vp)
    Target graphics API: gles3
    Full variant space:         1
    After settings filtering:   1
    After built-in stripping:   3
    After scriptable stripping: 3
    Processed in 0.00 seconds
  Pass "" (vp)
    Target graphics API: gles3
    Full variant space:         2
    After settings filtering:   2
    After built-in stripping:   6
    After scriptable stripping: 6
    Processed in 0.00 seconds
  Pass  (vp, gles3) finished in 0.09 seconds. Local cache hits 0 (0.00s CPU time), remote cache hits 0 (0.00s CPU time), compiled 3 variants (0.25s CPU time), skipped 0 variants.
    Prepared data for serialisation in 0.00s
  Pass  (vp, gles3) finished in 0.09 seconds. Local cache hits 0 (0.00s CPU time), remote cache hits 0 (0.00s CPU time), compiled 6 variants (0.20s CPU time), skipped 0 variants.
    Prepared data for serialisation in 0.00s
Serialized binary data for shader Hidden/Internal-DeferredReflections in 0.00s
    gles3 (total internal programs: 9, unique: 4)
Compiling shader "Hidden/Internal-MotionVectors"
  Pass "" (vp)
    Target graphics API: gles3
    Full variant space:         1
    After settings filtering:   1
    After built-in stripping:   3
    After scriptable stripping: 3
    Processed in 0.00 seconds
  Pass "" (vp)
    Target graphics API: gles3
    Full variant space:         1
    After settings filtering:   1
    After built-in stripping:   3
    After scriptable stripping: 3
    Processed in 0.00 seconds
  Pass "" (vp)
    Target graphics API: gles3
    Full variant space:         1
    After settings filtering:   1
    After built-in stripping:   3
    After scriptable stripping: 3
    Processed in 0.00 seconds
  Pass  (vp, gles3) finished in 0.06 seconds. Local cache hits 0 (0.00s CPU time), remote cache hits 0 (0.00s CPU time), compiled 3 variants (0.16s CPU time), skipped 0 variants.
    Prepared data for serialisation in 0.00s
  Pass  (vp, gles3) finished in 0.06 seconds. Local cache hits 0 (0.00s CPU time), remote cache hits 0 (0.00s CPU time), compiled 3 variants (0.14s CPU time), skipped 0 variants.
    Prepared data for serialisation in 0.00s
  Pass  (vp, gles3) finished in 0.06 seconds. Local cache hits 0 (0.00s CPU time), remote cache hits 0 (0.00s CPU time), compiled 3 variants (0.15s CPU time), skipped 0 variants.
    Prepared data for serialisation in 0.00s
Serialized binary data for shader Hidden/Internal-MotionVectors in 0.00s
    gles3 (total internal programs: 9, unique: 3)
Compiling shader "Hidden/Internal-Flare"
  Pass "" (vp)
    Target graphics API: gles3
    Full variant space:         1
    After settings filtering:   1
    After built-in stripping:   3
    After scriptable stripping: 3
    Processed in 0.00 seconds
  Pass  (vp, gles3) finished in 0.03 seconds. Local cache hits 0 (0.00s CPU time), remote cache hits 0 (0.00s CPU time), compiled 3 variants (0.09s CPU time), skipped 0 variants.
    Prepared data for serialisation in 0.00s
Serialized binary data for shader Hidden/Internal-Flare in 0.00s
    gles3 (total internal programs: 3, unique: 1)
Compiling shader "Hidden/Internal-Halo"
  Pass "" (vp)
    Target graphics API: gles3
    Full variant space:         4
    After settings filtering:   4
    After built-in stripping:   3
    After scriptable stripping: 3
    Processed in 0.00 seconds
  Pass  (vp, gles3) finished in 0.03 seconds. Local cache hits 0 (0.00s CPU time), remote cache hits 0 (0.00s CPU time), compiled 3 variants (0.08s CPU time), skipped 0 variants.
    Prepared data for serialisation in 0.00s
Serialized binary data for shader Hidden/Internal-Halo in 0.00s
    gles3 (total internal programs: 3, unique: 1)
Compiling shader "Hidden/BlitCopyWithDepth"
  Pass "" (vp)
    Target graphics API: gles3
    Full variant space:         1
    After settings filtering:   1
    After built-in stripping:   3
    After scriptable stripping: 3
    Processed in 0.00 seconds
  Pass  (vp, gles3) finished in 0.03 seconds. Local cache hits 0 (0.00s CPU time), remote cache hits 0 (0.00s CPU time), compiled 3 variants (0.09s CPU time), skipped 0 variants.
    Prepared data for serialisation in 0.00s
Serialized binary data for shader Hidden/BlitCopyWithDepth in 0.00s
    gles3 (total internal programs: 3, unique: 1)
Compiling shader "Hidden/BlitToDepth"
  Pass "" (vp)
    Target graphics API: gles3
    Full variant space:         1
    After settings filtering:   1
    After built-in stripping:   3
    After scriptable stripping: 3
    Processed in 0.00 seconds
  Pass  (vp, gles3) finished in 0.03 seconds. Local cache hits 0 (0.00s CPU time), remote cache hits 0 (0.00s CPU time), compiled 3 variants (0.09s CPU time), skipped 0 variants.
    Prepared data for serialisation in 0.00s
Serialized binary data for shader Hidden/BlitToDepth in 0.00s
    gles3 (total internal programs: 3, unique: 1)
Compiling shader "Hidden/BlitToDepth_MSAA"
  Pass "" (vp)
    Target graphics API: gles3
    Full variant space:         1
    After settings filtering:   1
    After built-in stripping:   3
    After scriptable stripping: 3
    Processed in 0.00 seconds
  Pass  (vp, gles3) finished in 0.03 seconds. Local cache hits 0 (0.00s CPU time), remote cache hits 0 (0.00s CPU time), compiled 3 variants (0.09s CPU time), skipped 0 variants.
    Prepared data for serialisation in 0.00s
Serialized binary data for shader Hidden/BlitToDepth_MSAA in 0.00s
    gles3 (total internal programs: 3, unique: 1)
Compiling shader "Hidden/BlitCopyHDRTonemap"
  Pass "" (vp)
    Target graphics API: gles3
    Full variant space:         1
    After settings filtering:   1
    After built-in stripping:   3
    After scriptable stripping: 3
    Processed in 0.00 seconds
  Pass  (vp, gles3) finished in 0.05 seconds. Local cache hits 0 (0.00s CPU time), remote cache hits 0 (0.00s CPU time), compiled 3 variants (0.16s CPU time), skipped 0 variants.
    Prepared data for serialisation in 0.00s
Serialized binary data for shader Hidden/BlitCopyHDRTonemap in 0.00s
    gles3 (total internal programs: 3, unique: 1)
Compiling shader "Hidden/Internal-DebugPattern"
  Pass "Target Color and DepthStencil" (vp)
    Target graphics API: gles3
    Full variant space:         1
    After settings filtering:   1
    After built-in stripping:   3
    After scriptable stripping: 3
    Processed in 0.00 seconds
  Pass "Target only Color" (vp)
    Target graphics API: gles3
    Full variant space:         1
    After settings filtering:   1
    After built-in stripping:   3
    After scriptable stripping: 3
    Processed in 0.00 seconds
  Pass "Target only DepthStencil" (vp)
    Target graphics API: gles3
    Full variant space:         1
    After settings filtering:   1
    After built-in stripping:   3
    After scriptable stripping: 3
    Processed in 0.00 seconds
  Pass Target Color and DepthStencil (vp, gles3) finished in 0.04 seconds. Local cache hits 0 (0.00s CPU time), remote cache hits 0 (0.00s CPU time), compiled 3 variants (0.10s CPU time), skipped 0 variants.
    Prepared data for serialisation in 0.00s
  Pass Target only Color (vp, gles3) finished in 0.05 seconds. Local cache hits 0 (0.00s CPU time), remote cache hits 0 (0.00s CPU time), compiled 3 variants (0.11s CPU time), skipped 0 variants.
    Prepared data for serialisation in 0.00s
  Pass Target only DepthStencil (vp, gles3) finished in 0.05 seconds. Local cache hits 0 (0.00s CPU time), remote cache hits 0 (0.00s CPU time), compiled 3 variants (0.10s CPU time), skipped 0 variants.
    Prepared data for serialisation in 0.00s
Serialized binary data for shader Hidden/Internal-DebugPattern in 0.00s
    gles3 (total internal programs: 9, unique: 3)
Compiling shader "Particles/Standard Unlit"
  Pass "ShadowCaster" (vp)
    Target graphics API: gles3
    Full variant space:         6
    After settings filtering:   6
    After built-in stripping:   12
    After scriptable stripping: 12
    Processed in 0.00 seconds
  Pass "" (vp)
    Target graphics API: gles3
    Full variant space:         24
    After settings filtering:   24
    After built-in stripping:   12
    After scriptable stripping: 12
    Processed in 0.00 seconds
  Pass ShadowCaster (vp, gles3) finished in 0.08 seconds. Local cache hits 0 (0.00s CPU time), remote cache hits 0 (0.00s CPU time), compiled 12 variants (0.64s CPU time), skipped 0 variants.
    Prepared data for serialisation in 0.00s
  Pass  (vp, gles3) finished in 0.14 seconds. Local cache hits 0 (0.00s CPU time), remote cache hits 0 (0.00s CPU time), compiled 12 variants (0.92s CPU time), skipped 0 variants.
    Prepared data for serialisation in 0.00s
Serialized binary data for shader Particles/Standard Unlit in 0.00s
    gles3 (total internal programs: 24, unique: 8)
Compiling shader "Hidden/Internal-GUITextureClip"
  Pass "" (vp)
    Target graphics API: gles3
    Full variant space:         1
    After settings filtering:   1
    After built-in stripping:   3
    After scriptable stripping: 3
    Processed in 0.00 seconds
  Pass "" (vp)
    Target graphics API: gles3
    Full variant space:         1
    After settings filtering:   1
    After built-in stripping:   3
    After scriptable stripping: 3
    Processed in 0.00 seconds
  Pass  (vp, gles3) finished in 0.05 seconds. Local cache hits 0 (0.00s CPU time), remote cache hits 0 (0.00s CPU time), compiled 3 variants (0.13s CPU time), skipped 0 variants.
    Prepared data for serialisation in 0.00s
  Pass  (vp, gles3) finished in 0.05 seconds. Local cache hits 0 (0.00s CPU time), remote cache hits 0 (0.00s CPU time), compiled 3 variants (0.14s CPU time), skipped 0 variants.
    Prepared data for serialisation in 0.00s
Serialized binary data for shader Hidden/Internal-GUITextureClip in 0.00s
    gles3 (total internal programs: 6, unique: 1)
Compiling shader "Hidden/Internal-GUITextureClipText"
  Pass "" (vp)
    Target graphics API: gles3
    Full variant space:         1
    After settings filtering:   1
    After built-in stripping:   3
    After scriptable stripping: 3
    Processed in 0.00 seconds
  Pass "" (vp)
    Target graphics API: gles3
    Full variant space:         1
    After settings filtering:   1
    After built-in stripping:   3
    After scriptable stripping: 3
    Processed in 0.00 seconds
  Pass  (vp, gles3) finished in 0.04 seconds. Local cache hits 0 (0.00s CPU time), remote cache hits 0 (0.00s CPU time), compiled 3 variants (0.11s CPU time), skipped 0 variants.
    Prepared data for serialisation in 0.00s
  Pass  (vp, gles3) finished in 0.04 seconds. Local cache hits 0 (0.00s CPU time), remote cache hits 0 (0.00s CPU time), compiled 3 variants (0.11s CPU time), skipped 0 variants.
    Prepared data for serialisation in 0.00s
Serialized binary data for shader Hidden/Internal-GUITextureClipText in 0.00s
    gles3 (total internal programs: 6, unique: 1)
Compiling shader "Hidden/Internal-GUITexture"
  Pass "" (vp)
    Target graphics API: gles3
    Full variant space:         1
    After settings filtering:   1
    After built-in stripping:   3
    After scriptable stripping: 3
    Processed in 0.00 seconds
  Pass "" (vp)
    Target graphics API: gles3
    Full variant space:         1
    After settings filtering:   1
    After built-in stripping:   3
    After scriptable stripping: 3
    Processed in 0.00 seconds
  Pass  (vp, gles3) finished in 0.03 seconds. Local cache hits 0 (0.00s CPU time), remote cache hits 0 (0.00s CPU time), compiled 3 variants (0.10s CPU time), skipped 0 variants.
    Prepared data for serialisation in 0.00s
  Pass  (vp, gles3) finished in 0.03 seconds. Local cache hits 0 (0.00s CPU time), remote cache hits 0 (0.00s CPU time), compiled 3 variants (0.10s CPU time), skipped 0 variants.
    Prepared data for serialisation in 0.00s
Serialized binary data for shader Hidden/Internal-GUITexture in 0.00s
    gles3 (total internal programs: 6, unique: 1)
Compiling shader "Hidden/Internal-GUITextureBlit"
  Pass "" (vp)
    Target graphics API: gles3
    Full variant space:         1
    After settings filtering:   1
    After built-in stripping:   3
    After scriptable stripping: 3
    Processed in 0.00 seconds
  Pass "" (vp)
    Target graphics API: gles3
    Full variant space:         1
    After settings filtering:   1
    After built-in stripping:   3
    After scriptable stripping: 3
    Processed in 0.00 seconds
  Pass  (vp, gles3) finished in 0.05 seconds. Local cache hits 0 (0.00s CPU time), remote cache hits 0 (0.00s CPU time), compiled 3 variants (0.14s CPU time), skipped 0 variants.
    Prepared data for serialisation in 0.00s
  Pass  (vp, gles3) finished in 0.05 seconds. Local cache hits 0 (0.00s CPU time), remote cache hits 0 (0.00s CPU time), compiled 3 variants (0.13s CPU time), skipped 0 variants.
    Prepared data for serialisation in 0.00s
Serialized binary data for shader Hidden/Internal-GUITextureBlit in 0.00s
    gles3 (total internal programs: 6, unique: 1)
Compiling shader "Hidden/Internal-GUIRoundedRect"
  Pass "" (vp)
    Target graphics API: gles3
    Full variant space:         1
    After settings filtering:   1
    After built-in stripping:   3
    After scriptable stripping: 3
    Processed in 0.00 seconds
  Pass "" (vp)
    Target graphics API: gles3
    Full variant space:         1
    After settings filtering:   1
    After built-in stripping:   3
    After scriptable stripping: 3
    Processed in 0.00 seconds
  Pass  (vp, gles3) finished in 0.07 seconds. Local cache hits 0 (0.00s CPU time), remote cache hits 0 (0.00s CPU time), compiled 3 variants (0.20s CPU time), skipped 0 variants.
    Prepared data for serialisation in 0.00s
  Pass  (vp, gles3) finished in 0.07 seconds. Local cache hits 0 (0.00s CPU time), remote cache hits 0 (0.00s CPU time), compiled 3 variants (0.19s CPU time), skipped 0 variants.
    Prepared data for serialisation in 0.00s
Serialized binary data for shader Hidden/Internal-GUIRoundedRect in 0.00s
    gles3 (total internal programs: 6, unique: 1)
Compiling shader "Hidden/Internal-GUIRoundedRectWithColorPerBorder"
  Pass "" (vp)
    Target graphics API: gles3
    Full variant space:         1
    After settings filtering:   1
    After built-in stripping:   3
    After scriptable stripping: 3
    Processed in 0.00 seconds
  Pass "" (vp)
    Target graphics API: gles3
    Full variant space:         1
    After settings filtering:   1
    After built-in stripping:   3
    After scriptable stripping: 3
    Processed in 0.00 seconds
  Pass  (vp, gles3) finished in 0.09 seconds. Local cache hits 0 (0.00s CPU time), remote cache hits 0 (0.00s CPU time), compiled 3 variants (0.26s CPU time), skipped 0 variants.
    Prepared data for serialisation in 0.00s
  Pass  (vp, gles3) finished in 0.09 seconds. Local cache hits 0 (0.00s CPU time), remote cache hits 0 (0.00s CPU time), compiled 3 variants (0.26s CPU time), skipped 0 variants.
    Prepared data for serialisation in 0.00s
Serialized binary data for shader Hidden/Internal-GUIRoundedRectWithColorPerBorder in 0.00s
    gles3 (total internal programs: 6, unique: 1)
Compiling shader "Hidden/Internal-UIRDefault"
  Pass "" (vp)
    Target graphics API: gles3
    Full variant space:         40
    After settings filtering:   40
    After built-in stripping:   120
    After scriptable stripping: 120
    Processed in 0.01 seconds
  Pass  (vp, gles3) finished in 2.31 seconds. Local cache hits 0 (0.00s CPU time), remote cache hits 0 (0.00s CPU time), compiled 120 variants (33.89s CPU time), skipped 0 variants.
    Prepared data for serialisation in 0.00s
Serialized binary data for shader Hidden/Internal-UIRDefault in 0.00s
    gles3 (total internal programs: 120, unique: 40)
Compiling shader "Hidden/Internal-UIRAtlasBlitCopy"
  Pass "" (vp)
    Target graphics API: gles3
    Full variant space:         1
    After settings filtering:   1
    After built-in stripping:   3
    After scriptable stripping: 3
    Processed in 0.00 seconds
  Pass  (vp, gles3) finished in 0.04 seconds. Local cache hits 0 (0.00s CPU time), remote cache hits 0 (0.00s CPU time), compiled 3 variants (0.12s CPU time), skipped 0 variants.
    Prepared data for serialisation in 0.00s
Serialized binary data for shader Hidden/Internal-UIRAtlasBlitCopy in 0.00s
    gles3 (total internal programs: 3, unique: 1)
Compiling shader "Sprites/Default"
  Pass "" (vp)
    Target graphics API: gles3
    Full variant space:         8
    After settings filtering:   8
    After built-in stripping:   12
    After scriptable stripping: 12
    Processed in 0.00 seconds
  Pass  (vp, gles3) finished in 0.04 seconds. Local cache hits 0 (0.00s CPU time), remote cache hits 0 (0.00s CPU time), compiled 12 variants (0.47s CPU time), skipped 0 variants.
    Prepared data for serialisation in 0.00s
Serialized binary data for shader Sprites/Default in 0.00s
    gles3 (total internal programs: 12, unique: 4)
Compiling shader "Sprites/Mask"
  Pass "" (vp)
    Target graphics API: gles3
    Full variant space:         4
    After settings filtering:   4
    After built-in stripping:   12
    After scriptable stripping: 12
    Processed in 0.00 seconds
  Pass  (vp, gles3) finished in 0.05 seconds. Local cache hits 0 (0.00s CPU time), remote cache hits 0 (0.00s CPU time), compiled 12 variants (0.51s CPU time), skipped 0 variants.
    Prepared data for serialisation in 0.00s
Serialized binary data for shader Sprites/Mask in 0.00s
    gles3 (total internal programs: 12, unique: 4)
Compiling shader "UI/Default"
  Pass "Default" (vp)
    Target graphics API: gles3
    Full variant space:         4
    After settings filtering:   4
    After built-in stripping:   12
    After scriptable stripping: 12
    Processed in 0.00 seconds
  Pass "XRMotionVectors" (vp)
    Target graphics API: gles3
    Full variant space:         4
    After settings filtering:   4
    After built-in stripping:   12
    After scriptable stripping: 12
    Processed in 0.00 seconds
  Pass Default (vp, gles3) finished in 0.12 seconds. Local cache hits 0 (0.00s CPU time), remote cache hits 0 (0.00s CPU time), compiled 12 variants (0.91s CPU time), skipped 0 variants.
    Prepared data for serialisation in 0.00s
  Pass XRMotionVectors (vp, gles3) finished in 0.18 seconds. Local cache hits 0 (0.00s CPU time), remote cache hits 0 (0.00s CPU time), compiled 12 variants (1.09s CPU time), skipped 0 variants.
    Prepared data for serialisation in 0.00s
Serialized binary data for shader UI/Default in 0.00s
    gles3 (total internal programs: 24, unique: 8)
Compiling shader "UI/DefaultETC1"
  Pass "Default" (vp)
    Target graphics API: gles3
    Full variant space:         4
    After settings filtering:   4
    After built-in stripping:   12
    After scriptable stripping: 12
    Processed in 0.00 seconds
  Pass "XRMotionVectors" (vp)
    Target graphics API: gles3
    Full variant space:         4
    After settings filtering:   4
    After built-in stripping:   12
    After scriptable stripping: 12
    Processed in 0.00 seconds
  Pass Default (vp, gles3) finished in 0.10 seconds. Local cache hits 0 (0.00s CPU time), remote cache hits 0 (0.00s CPU time), compiled 12 variants (0.83s CPU time), skipped 0 variants.
    Prepared data for serialisation in 0.00s
  Pass XRMotionVectors (vp, gles3) finished in 0.19 seconds. Local cache hits 0 (0.00s CPU time), remote cache hits 0 (0.00s CPU time), compiled 12 variants (1.12s CPU time), skipped 0 variants.
    Prepared data for serialisation in 0.00s
Serialized binary data for shader UI/DefaultETC1 in 0.00s
    gles3 (total internal programs: 24, unique: 8)
Compiling shader "Hidden/CubeBlur"
  Pass "" (vp)
    Target graphics API: gles3
    Full variant space:         1
    After settings filtering:   1
    After built-in stripping:   3
    After scriptable stripping: 3
    Processed in 0.00 seconds
  Pass "" (vp)
    Target graphics API: gles3
    Full variant space:         1
    After settings filtering:   1
    After built-in stripping:   3
    After scriptable stripping: 3
    Processed in 0.00 seconds
  Pass  (vp, gles3) finished in 0.11 seconds. Local cache hits 0 (0.00s CPU time), remote cache hits 0 (0.00s CPU time), compiled 3 variants (0.33s CPU time), skipped 0 variants.
    Prepared data for serialisation in 0.00s
  Pass  (vp, gles3) finished in 0.11 seconds. Local cache hits 0 (0.00s CPU time), remote cache hits 0 (0.00s CPU time), compiled 3 variants (0.12s CPU time), skipped 0 variants.
    Prepared data for serialisation in 0.00s
Serialized binary data for shader Hidden/CubeBlur in 0.00s
    gles3 (total internal programs: 6, unique: 2)
Compiling shader "Hidden/CubeCopy"
  Pass "" (vp)
    Target graphics API: gles3
    Full variant space:         1
    After settings filtering:   1
    After built-in stripping:   3
    After scriptable stripping: 3
    Processed in 0.00 seconds
  Pass "" (vp)
    Target graphics API: gles3
    Full variant space:         1
    After settings filtering:   1
    After built-in stripping:   3
    After scriptable stripping: 3
    Processed in 0.00 seconds
  Pass  (vp, gles3) finished in 0.03 seconds. Local cache hits 0 (0.00s CPU time), remote cache hits 0 (0.00s CPU time), compiled 3 variants (0.10s CPU time), skipped 0 variants.
    Prepared data for serialisation in 0.00s
  Pass  (vp, gles3) finished in 0.04 seconds. Local cache hits 0 (0.00s CPU time), remote cache hits 0 (0.00s CPU time), compiled 3 variants (0.10s CPU time), skipped 0 variants.
    Prepared data for serialisation in 0.00s
Serialized binary data for shader Hidden/CubeCopy in 0.00s
    gles3 (total internal programs: 6, unique: 1)
Compiling shader "Hidden/CubeBlend"
  Pass "" (vp)
    Target graphics API: gles3
    Full variant space:         1
    After settings filtering:   1
    After built-in stripping:   3
    After scriptable stripping: 3
    Processed in 0.00 seconds
  Pass "" (vp)
    Target graphics API: gles3
    Full variant space:         1
    After settings filtering:   1
    After built-in stripping:   3
    After scriptable stripping: 3
    Processed in 0.00 seconds
  Pass  (vp, gles3) finished in 0.04 seconds. Local cache hits 0 (0.00s CPU time), remote cache hits 0 (0.00s CPU time), compiled 3 variants (0.12s CPU time), skipped 0 variants.
    Prepared data for serialisation in 0.00s
  Pass  (vp, gles3) finished in 0.04 seconds. Local cache hits 0 (0.00s CPU time), remote cache hits 0 (0.00s CPU time), compiled 3 variants (0.11s CPU time), skipped 0 variants.
    Prepared data for serialisation in 0.00s
Serialized binary data for shader Hidden/CubeBlend in 0.00s
    gles3 (total internal programs: 6, unique: 1)
Compiling shader "Hidden/VR/BlitTexArraySlice"
  Pass "" (vp)
    Target graphics API: gles3
    Full variant space:         1
    After settings filtering:   1
    After built-in stripping:   3
    After scriptable stripping: 3
    Processed in 0.00 seconds
  Pass  (vp, gles3) finished in 0.04 seconds. Local cache hits 0 (0.00s CPU time), remote cache hits 0 (0.00s CPU time), compiled 3 variants (0.10s CPU time), skipped 0 variants.
    Prepared data for serialisation in 0.00s
Serialized binary data for shader Hidden/VR/BlitTexArraySlice in 0.00s
    gles3 (total internal programs: 3, unique: 1)
Compiling shader "Hidden/Internal-ODSWorldTexture"
  Pass "" (vp)
    Target graphics API: gles3
    Full variant space:         1
    After settings filtering:   1
    After built-in stripping:   3
    After scriptable stripping: 3
    Processed in 0.00 seconds
  Pass "" (vp)
    Target graphics API: gles3
    Full variant space:         1
    After settings filtering:   1
    After built-in stripping:   3
    After scriptable stripping: 3
    Processed in 0.00 seconds
  Pass "" (vp)
    Target graphics API: gles3
    Full variant space:         1
    After settings filtering:   1
    After built-in stripping:   3
    After scriptable stripping: 3
    Processed in 0.00 seconds
  Pass "" (vp)
    Target graphics API: gles3
    Full variant space:         1
    After settings filtering:   1
    After built-in stripping:   3
    After scriptable stripping: 3
    Processed in 0.00 seconds
  Pass "" (vp)
    Target graphics API: gles3
    Full variant space:         1
    After settings filtering:   1
    After built-in stripping:   3
    After scriptable stripping: 3
    Processed in 0.00 seconds
  Pass "" (vp)
    Target graphics API: gles3
    Full variant space:         1
    After settings filtering:   1
    After built-in stripping:   3
    After scriptable stripping: 3
    Processed in 0.00 seconds
  Pass "" (vp)
    Target graphics API: gles3
    Full variant space:         1
    After settings filtering:   1
    After built-in stripping:   3
    After scriptable stripping: 3
    Processed in 0.00 seconds
  Pass "" (vp)
    Target graphics API: gles3
    Full variant space:         1
    After settings filtering:   1
    After built-in stripping:   3
    After scriptable stripping: 3
    Processed in 0.00 seconds
  Pass "" (vp)
    Target graphics API: gles3
    Full variant space:         1
    After settings filtering:   1
    After built-in stripping:   3
    After scriptable stripping: 3
    Processed in 0.00 seconds
  Pass "" (vp)
    Target graphics API: gles3
    Full variant space:         1
    After settings filtering:   1
    After built-in stripping:   3
    After scriptable stripping: 3
    Processed in 0.00 seconds
  Pass  (vp, gles3) finished in 0.10 seconds. Local cache hits 0 (0.00s CPU time), remote cache hits 0 (0.00s CPU time), compiled 3 variants (0.15s CPU time), skipped 0 variants.
    Prepared data for serialisation in 0.00s
  Pass  (vp, gles3) finished in 0.10 seconds. Local cache hits 0 (0.00s CPU time), remote cache hits 0 (0.00s CPU time), compiled 3 variants (0.13s CPU time), skipped 0 variants.
    Prepared data for serialisation in 0.00s
  Pass  (vp, gles3) finished in 0.10 seconds. Local cache hits 0 (0.00s CPU time), remote cache hits 0 (0.00s CPU time), compiled 3 variants (0.25s CPU time), skipped 0 variants.
    Prepared data for serialisation in 0.00s
  Pass  (vp, gles3) finished in 0.15 seconds. Local cache hits 0 (0.00s CPU time), remote cache hits 0 (0.00s CPU time), compiled 3 variants (0.45s CPU time), skipped 0 variants.
    Prepared data for serialisation in 0.00s
  Pass  (vp, gles3) finished in 0.18 seconds. Local cache hits 0 (0.00s CPU time), remote cache hits 0 (0.00s CPU time), compiled 3 variants (0.22s CPU time), skipped 0 variants.
    Prepared data for serialisation in 0.00s
  Pass  (vp, gles3) finished in 0.14 seconds. Local cache hits 0 (0.00s CPU time), remote cache hits 0 (0.00s CPU time), compiled 3 variants (0.20s CPU time), skipped 0 variants.
    Prepared data for serialisation in 0.00s
  Pass  (vp, gles3) finished in 0.15 seconds. Local cache hits 0 (0.00s CPU time), remote cache hits 0 (0.00s CPU time), compiled 3 variants (0.21s CPU time), skipped 0 variants.
    Prepared data for serialisation in 0.00s
  Pass  (vp, gles3) finished in 0.10 seconds. Local cache hits 0 (0.00s CPU time), remote cache hits 0 (0.00s CPU time), compiled 3 variants (0.17s CPU time), skipped 0 variants.
    Prepared data for serialisation in 0.00s
  Pass  (vp, gles3) finished in 0.11 seconds. Local cache hits 0 (0.00s CPU time), remote cache hits 0 (0.00s CPU time), compiled 3 variants (0.26s CPU time), skipped 0 variants.
    Prepared data for serialisation in 0.00s
  Pass  (vp, gles3) finished in 0.08 seconds. Local cache hits 0 (0.00s CPU time), remote cache hits 0 (0.00s CPU time), compiled 3 variants (0.22s CPU time), skipped 0 variants.
    Prepared data for serialisation in 0.00s
Serialized binary data for shader Hidden/Internal-ODSWorldTexture in 0.00s
    gles3 (total internal programs: 30, unique: 9)
Compiling shader "Hidden/Internal-CubemapToEquirect"
  Pass "" (vp)
    Target graphics API: gles3
    Full variant space:         1
    After settings filtering:   1
    After built-in stripping:   3
    After scriptable stripping: 3
    Processed in 0.00 seconds
  Pass  (vp, gles3) finished in 0.03 seconds. Local cache hits 0 (0.00s CPU time), remote cache hits 0 (0.00s CPU time), compiled 3 variants (0.09s CPU time), skipped 0 variants.
    Prepared data for serialisation in 0.00s
Serialized binary data for shader Hidden/Internal-CubemapToEquirect in 0.00s
    gles3 (total internal programs: 3, unique: 1)
Compiling shader "Hidden/VR/BlitFromTex2DToTexArraySlice"
  Pass "" (vp)
    Target graphics API: gles3
    Full variant space:         1
    After settings filtering:   1
    After built-in stripping:   3
    After scriptable stripping: 3
    Processed in 0.00 seconds
  Pass "" (vp)
    Target graphics API: gles3
    Full variant space:         1
    After settings filtering:   1
    After built-in stripping:   3
    After scriptable stripping: 3
    Processed in 0.00 seconds
  Pass  (vp, gles3) finished in 0.04 seconds. Local cache hits 0 (0.00s CPU time), remote cache hits 0 (0.00s CPU time), compiled 3 variants (0.10s CPU time), skipped 0 variants.
    Prepared data for serialisation in 0.00s
  Pass  (vp, gles3) finished in 0.04 seconds. Local cache hits 0 (0.00s CPU time), remote cache hits 0 (0.00s CPU time), compiled 3 variants (0.13s CPU time), skipped 0 variants.
    Prepared data for serialisation in 0.00s
Serialized binary data for shader Hidden/VR/BlitFromTex2DToTexArraySlice in 0.00s
    gles3 (total internal programs: 6, unique: 2)
Compiling shader "Hidden/VideoComposite"
  Pass "Default" (vp)
    Target graphics API: gles3
    Full variant space:         1
    After settings filtering:   1
    After built-in stripping:   3
    After scriptable stripping: 3
    Processed in 0.00 seconds
  Pass Default (vp, gles3) finished in 0.04 seconds. Local cache hits 0 (0.00s CPU time), remote cache hits 0 (0.00s CPU time), compiled 3 variants (0.10s CPU time), skipped 0 variants.
    Prepared data for serialisation in 0.00s
Serialized binary data for shader Hidden/VideoComposite in 0.00s
    gles3 (total internal programs: 3, unique: 1)
Compiling shader "Hidden/VideoDecode"
  Pass "YCbCr_To_RGB1" (vp)
    Target graphics API: gles3
    Full variant space:         2
    After settings filtering:   2
    After built-in stripping:   6
    After scriptable stripping: 6
    Processed in 0.00 seconds
  Pass "YCbCrA_To_RGBAFull" (vp)
    Target graphics API: gles3
    Full variant space:         2
    After settings filtering:   2
    After built-in stripping:   6
    After scriptable stripping: 6
    Processed in 0.00 seconds
  Pass "YCbCrA_To_RGBA" (vp)
    Target graphics API: gles3
    Full variant space:         2
    After settings filtering:   2
    After built-in stripping:   6
    After scriptable stripping: 6
    Processed in 0.00 seconds
  Pass "Flip_RGBA_To_RGBA" (vp)
    Target graphics API: gles3
    Full variant space:         2
    After settings filtering:   2
    After built-in stripping:   6
    After scriptable stripping: 6
    Processed in 0.00 seconds
  Pass "Flip_RGBASplit_To_RGBA" (vp)
    Target graphics API: gles3
    Full variant space:         2
    After settings filtering:   2
    After built-in stripping:   6
    After scriptable stripping: 6
    Processed in 0.00 seconds
  Pass "Flip_NV12_To_RGB1" (vp)
    Target graphics API: gles3
    Full variant space:         2
    After settings filtering:   2
    After built-in stripping:   6
    After scriptable stripping: 6
    Processed in 0.00 seconds
  Pass "Flip_NV12_To_RGBA" (vp)
    Target graphics API: gles3
    Full variant space:         2
    After settings filtering:   2
    After built-in stripping:   6
    After scriptable stripping: 6
    Processed in 0.00 seconds
  Pass "Flip_P010_To_RGB1" (vp)
    Target graphics API: gles3
    Full variant space:         1
    After settings filtering:   1
    After built-in stripping:   3
    After scriptable stripping: 3
    Processed in 0.00 seconds
  Pass YCbCr_To_RGB1 (vp, gles3) finished in 0.08 seconds. Local cache hits 0 (0.00s CPU time), remote cache hits 0 (0.00s CPU time), compiled 6 variants (0.30s CPU time), skipped 0 variants.
    Prepared data for serialisation in 0.00s
  Pass YCbCrA_To_RGBAFull (vp, gles3) finished in 0.08 seconds. Local cache hits 0 (0.00s CPU time), remote cache hits 0 (0.00s CPU time), compiled 6 variants (0.27s CPU time), skipped 0 variants.
    Prepared data for serialisation in 0.00s
  Pass YCbCrA_To_RGBA (vp, gles3) finished in 0.11 seconds. Local cache hits 0 (0.00s CPU time), remote cache hits 0 (0.00s CPU time), compiled 6 variants (0.28s CPU time), skipped 0 variants.
    Prepared data for serialisation in 0.00s
  Pass Flip_RGBA_To_RGBA (vp, gles3) finished in 0.13 seconds. Local cache hits 0 (0.00s CPU time), remote cache hits 0 (0.00s CPU time), compiled 6 variants (0.26s CPU time), skipped 0 variants.
    Prepared data for serialisation in 0.00s
  Pass Flip_RGBASplit_To_RGBA (vp, gles3) finished in 0.07 seconds. Local cache hits 0 (0.00s CPU time), remote cache hits 0 (0.00s CPU time), compiled 6 variants (0.28s CPU time), skipped 0 variants.
    Prepared data for serialisation in 0.00s
  Pass Flip_NV12_To_RGB1 (vp, gles3) finished in 0.09 seconds. Local cache hits 0 (0.00s CPU time), remote cache hits 0 (0.00s CPU time), compiled 6 variants (0.33s CPU time), skipped 0 variants.
    Prepared data for serialisation in 0.00s
  Pass Flip_NV12_To_RGBA (vp, gles3) finished in 0.07 seconds. Local cache hits 0 (0.00s CPU time), remote cache hits 0 (0.00s CPU time), compiled 6 variants (0.30s CPU time), skipped 0 variants.
    Prepared data for serialisation in 0.00s
  Pass Flip_P010_To_RGB1 (vp, gles3) finished in 0.08 seconds. Local cache hits 0 (0.00s CPU time), remote cache hits 0 (0.00s CPU time), compiled 3 variants (0.16s CPU time), skipped 0 variants.
    Prepared data for serialisation in 0.00s
Serialized binary data for shader Hidden/VideoDecode in 0.00s
    gles3 (total internal programs: 45, unique: 15)
Compiling shader "Hidden/VideoDecodeAndroid"
  Pass "RGBAExternal_To_RGBA" (vp)
    Target graphics API: gles3
    Full variant space:         2
    After settings filtering:   2
    After built-in stripping:   6
    After scriptable stripping: 6
    Processed in 0.00 seconds
  Pass "RGBASplitExternal_To_RGBA" (vp)
    Target graphics API: gles3
    Full variant space:         2
    After settings filtering:   2
    After built-in stripping:   6
    After scriptable stripping: 6
    Processed in 0.00 seconds
  Pass RGBAExternal_To_RGBA (vp, gles3) finished in 0.02 seconds. Local cache hits 0 (0.00s CPU time), remote cache hits 0 (0.00s CPU time), compiled 6 variants (0.03s CPU time), skipped 0 variants.
    Prepared data for serialisation in 0.00s
  Pass RGBASplitExternal_To_RGBA (vp, gles3) finished in 0.02 seconds. Local cache hits 0 (0.00s CPU time), remote cache hits 0 (0.00s CPU time), compiled 6 variants (0.07s CPU time), skipped 0 variants.
    Prepared data for serialisation in 0.00s
Serialized binary data for shader Hidden/VideoDecodeAndroid in 0.00s
    gles3 (total internal programs: 12, unique: 12)
Compiling shader "Hidden/TextCore/Distance Field SSD"
  Pass "" (vp)
    Target graphics API: gles3
    Full variant space:         1
    After settings filtering:   1
    After built-in stripping:   3
    After scriptable stripping: 3
    Processed in 0.00 seconds
  Pass  (vp, gles3) finished in 0.05 seconds. Local cache hits 0 (0.00s CPU time), remote cache hits 0 (0.00s CPU time), compiled 3 variants (0.15s CPU time), skipped 0 variants.
    Prepared data for serialisation in 0.00s
Serialized binary data for shader Hidden/TextCore/Distance Field SSD in 0.00s
    gles3 (total internal programs: 3, unique: 1)
Compiling shader "Hidden/Physics2D/SDF_CircleGeometry"
  Pass "" (vp)
    Target graphics API: gles3
    Full variant space:         2
    After settings filtering:   2
    After built-in stripping:   3
    After scriptable stripping: 3
    Processed in 0.00 seconds
  Pass  (vp, gles3) finished in 0.06 seconds. Local cache hits 0 (0.00s CPU time), remote cache hits 0 (0.00s CPU time), compiled 3 variants (0.17s CPU time), skipped 0 variants.
    Prepared data for serialisation in 0.00s
Serialized binary data for shader Hidden/Physics2D/SDF_CircleGeometry in 0.00s
    gles3 (total internal programs: 3, unique: 1)
Compiling shader "Hidden/Physics2D/SDF_CapsuleGeometry"
  Pass "" (vp)
    Target graphics API: gles3
    Full variant space:         2
    After settings filtering:   2
    After built-in stripping:   3
    After scriptable stripping: 3
    Processed in 0.00 seconds
  Pass  (vp, gles3) finished in 0.07 seconds. Local cache hits 0 (0.00s CPU time), remote cache hits 0 (0.00s CPU time), compiled 3 variants (0.20s CPU time), skipped 0 variants.
    Prepared data for serialisation in 0.00s
Serialized binary data for shader Hidden/Physics2D/SDF_CapsuleGeometry in 0.00s
    gles3 (total internal programs: 3, unique: 1)
Compiling shader "Hidden/Physics2D/SDF_PolygonGeometry"
  Pass "" (vp)
    Target graphics API: gles3
    Full variant space:         2
    After settings filtering:   2
    After built-in stripping:   3
    After scriptable stripping: 3
    Processed in 0.00 seconds
  Pass  (vp, gles3) finished in 0.19 seconds. Local cache hits 0 (0.00s CPU time), remote cache hits 0 (0.00s CPU time), compiled 3 variants (0.57s CPU time), skipped 0 variants.
    Prepared data for serialisation in 0.00s
Serialized binary data for shader Hidden/Physics2D/SDF_PolygonGeometry in 0.00s
    gles3 (total internal programs: 3, unique: 1)
Compiling shader "Hidden/Physics2D/SDF_Line"
  Pass "" (vp)
    Target graphics API: gles3
    Full variant space:         2
    After settings filtering:   2
    After built-in stripping:   3
    After scriptable stripping: 3
    Processed in 0.00 seconds
  Pass  (vp, gles3) finished in 0.06 seconds. Local cache hits 0 (0.00s CPU time), remote cache hits 0 (0.00s CPU time), compiled 3 variants (0.17s CPU time), skipped 0 variants.
    Prepared data for serialisation in 0.00s
Serialized binary data for shader Hidden/Physics2D/SDF_Line in 0.00s
    gles3 (total internal programs: 3, unique: 1)
Compiling shader "Hidden/Physics2D/SDF_Point"
  Pass "" (vp)
    Target graphics API: gles3
    Full variant space:         2
    After settings filtering:   2
    After built-in stripping:   3
    After scriptable stripping: 3
    Processed in 0.00 seconds
  Pass  (vp, gles3) finished in 0.07 seconds. Local cache hits 0 (0.00s CPU time), remote cache hits 0 (0.00s CPU time), compiled 3 variants (0.20s CPU time), skipped 0 variants.
    Prepared data for serialisation in 0.00s
Serialized binary data for shader Hidden/Physics2D/SDF_Point in 0.00s
    gles3 (total internal programs: 3, unique: 1)
Compiling shader "Aether/LegacyToon"
  Pass "" (vp)
    Target graphics API: gles3
    Full variant space:         332
    After settings filtering:   332
    After built-in stripping:   24
    After scriptable stripping: 24
    Processed in 0.00 seconds
  Pass "" (vp)
    Target graphics API: gles3
    Full variant space:         1
    After settings filtering:   1
    After built-in stripping:   3
    After scriptable stripping: 3
    Processed in 0.00 seconds
  Pass  (vp, gles3) finished in 0.00 seconds. Local cache hits 24 (0.00s CPU time), remote cache hits 0 (0.00s CPU time), compiled 0 variants (0.00s CPU time), skipped 0 variants.
    Prepared data for serialisation in 0.00s
  Pass  (vp, gles3) finished in 0.00 seconds. Local cache hits 3 (0.00s CPU time), remote cache hits 0 (0.00s CPU time), compiled 0 variants (0.00s CPU time), skipped 0 variants.
    Prepared data for serialisation in 0.00s
Serialized binary data for shader Aether/LegacyToon in 0.00s
    gles3 (total internal programs: 27, unique: 9)
Compiling shader "Aether/Sky"
  Pass "" (vp)
    Target graphics API: gles3
    Full variant space:         1
    After settings filtering:   1
    After built-in stripping:   3
    After scriptable stripping: 3
    Processed in 0.00 seconds
  Pass  (vp, gles3) finished in 0.00 seconds. Local cache hits 3 (0.00s CPU time), remote cache hits 0 (0.00s CPU time), compiled 0 variants (0.00s CPU time), skipped 0 variants.
    Prepared data for serialisation in 0.00s
Serialized binary data for shader Aether/Sky in 0.00s
    gles3 (total internal programs: 3, unique: 1)
Compiling shader "Aether/Shield"
  Pass "" (vp)
    Target graphics API: gles3
    Full variant space:         1
    After settings filtering:   1
    After built-in stripping:   3
    After scriptable stripping: 3
    Processed in 0.00 seconds
  Pass  (vp, gles3) finished in 0.00 seconds. Local cache hits 3 (0.00s CPU time), remote cache hits 0 (0.00s CPU time), compiled 0 variants (0.00s CPU time), skipped 0 variants.
    Prepared data for serialisation in 0.00s
Serialized binary data for shader Aether/Shield in 0.00s
    gles3 (total internal programs: 3, unique: 1)
Compiling shader "Hidden/Aether/Post"
  Pass "" (vp)
    Target graphics API: gles3
    Full variant space:         1
    After settings filtering:   1
    After built-in stripping:   3
    After scriptable stripping: 3
    Processed in 0.00 seconds
  Pass "" (vp)
    Target graphics API: gles3
    Full variant space:         1
    After settings filtering:   1
    After built-in stripping:   3
    After scriptable stripping: 3
    Processed in 0.00 seconds
  Pass "" (vp)
    Target graphics API: gles3
    Full variant space:         1
    After settings filtering:   1
    After built-in stripping:   3
    After scriptable stripping: 3
    Processed in 0.00 seconds
  Pass  (vp, gles3) finished in 0.00 seconds. Local cache hits 3 (0.00s CPU time), remote cache hits 0 (0.00s CPU time), compiled 0 variants (0.00s CPU time), skipped 0 variants.
    Prepared data for serialisation in 0.00s
  Pass  (vp, gles3) finished in 0.00 seconds. Local cache hits 3 (0.00s CPU time), remote cache hits 0 (0.00s CPU time), compiled 0 variants (0.00s CPU time), skipped 0 variants.
    Prepared data for serialisation in 0.00s
  Pass  (vp, gles3) finished in 0.00 seconds. Local cache hits 3 (0.00s CPU time), remote cache hits 0 (0.00s CPU time), compiled 0 variants (0.00s CPU time), skipped 0 variants.
    Prepared data for serialisation in 0.00s
Serialized binary data for shader Hidden/Aether/Post in 0.00s
    gles3 (total internal programs: 9, unique: 3)
Compiling shader "Aether/Toon"
  Pass "FORWARD" (vp)
    Target graphics API: gles3
    Full variant space:         664
    After settings filtering:   664
    After built-in stripping:   24
    After scriptable stripping: 24
    Processed in 0.00 seconds
  Pass "FORWARD" (vp)
    Target graphics API: gles3
    Full variant space:         188
    After settings filtering:   188
    After built-in stripping:   39
    After scriptable stripping: 39
    Processed in 0.00 seconds
  Pass "DEFERRED" (vp)
    Target graphics API: gles3
    Full variant space:         76
    After settings filtering:   76
    After built-in stripping:   12
    After scriptable stripping: 12
    Processed in 0.00 seconds
  Pass "ShadowCaster" (vp)
    Target graphics API: gles3
    Full variant space:         4
    After settings filtering:   4
    After built-in stripping:   6
    After scriptable stripping: 6
    Processed in 0.00 seconds
  Pass FORWARD (vp, gles3) finished in 0.00 seconds. Local cache hits 24 (0.00s CPU time), remote cache hits 0 (0.00s CPU time), compiled 0 variants (0.00s CPU time), skipped 0 variants.
    Prepared data for serialisation in 0.00s
  Pass FORWARD (vp, gles3) finished in 0.00 seconds. Local cache hits 39 (0.02s CPU time), remote cache hits 0 (0.00s CPU time), compiled 0 variants (0.00s CPU time), skipped 0 variants.
    Prepared data for serialisation in 0.00s
  Pass DEFERRED (vp, gles3) finished in 0.00 seconds. Local cache hits 12 (0.00s CPU time), remote cache hits 0 (0.00s CPU time), compiled 0 variants (0.00s CPU time), skipped 0 variants.
    Prepared data for serialisation in 0.00s
  Pass ShadowCaster (vp, gles3) finished in 0.00 seconds. Local cache hits 6 (0.00s CPU time), remote cache hits 0 (0.00s CPU time), compiled 0 variants (0.00s CPU time), skipped 0 variants.
    Prepared data for serialisation in 0.00s
Serialized binary data for shader Aether/Toon in 0.00s
    gles3 (total internal programs: 81, unique: 48)
Compiling shader "Aether/Water"
  Pass "" (vp)
    Target graphics API: gles3
    Full variant space:         4
    After settings filtering:   4
    After built-in stripping:   3
    After scriptable stripping: 3
    Processed in 0.00 seconds
  Pass  (vp, gles3) finished in 0.00 seconds. Local cache hits 3 (0.00s CPU time), remote cache hits 0 (0.00s CPU time), compiled 0 variants (0.00s CPU time), skipped 0 variants.
    Prepared data for serialisation in 0.00s
Serialized binary data for shader Aether/Water in 0.00s
    gles3 (total internal programs: 3, unique: 1)
Compiling shader "Aether/StructureText"
  Pass "" (vp)
    Target graphics API: gles3
    Full variant space:         1
    After settings filtering:   1
    After built-in stripping:   3
    After scriptable stripping: 3
    Processed in 0.00 seconds
  Pass  (vp, gles3) finished in 0.00 seconds. Local cache hits 3 (0.00s CPU time), remote cache hits 0 (0.00s CPU time), compiled 0 variants (0.00s CPU time), skipped 0 variants.
    Prepared data for serialisation in 0.00s
Serialized binary data for shader Aether/StructureText in 0.00s
    gles3 (total internal programs: 3, unique: 1)

***Player size statistics***
Level 0 'Assets/Scenes/AetherGrounds.unity' uses 3.7 MB compressed / 15.7 MB uncompressed.
Total compressed size 3.7 MB. Total uncompressed size 15.7 MB.
SpriteAtlasDatabase::Cleanup
DisplayProgressbar: Initializing
Android PostProcess task "Initializing" took 1.6153 ms
DisplayProgressbar: Check gradle project collisions
Android PostProcess task "Check gradle project collisions" took 0.2824 ms
DisplayProgressbar: Preparing banner
Android PostProcess task "Preparing banner" took 0.3716 ms
    Call "UnityEditor.Android.AndroidHardwareProfilesManager.Setup" from assembly 'UnityEditor.Android.Extensions'
Starting: C:\Program Files\Unity\Hub\Editor\6000.6.0f1\Editor\Data\Tools\BuildPipeline\bee_backend.exe --ipc --dagfile="Library/Bee/Playerf7fb454a.dag" --profile="Library/Bee/backend1.traceevents" Player
WorkingDir: A:/Python/aether-grounds
Starting: C:\Program Files\Unity\Hub\Editor\6000.6.0f1\Editor\Data\DotNetSdk\dotnet.exe "C:\Program Files\Unity\Hub\Editor\6000.6.0f1\Editor\Data\PlaybackEngines\AndroidPlayer\AndroidPlayerBuildProgram.exe" "C:/Program Files/Unity/Hub/Editor/6000.6.0f1/Editor/Data/PlaybackEngines/AndroidPlayer/Bee;C:/Program Files/Unity/Hub/Editor/6000.6.0f1/Editor/Data/Tools/BuildPipeline" "Library/Bee/Playerf7fb454a.dag.json" "Library/Bee/Playerf7fb454a-inputdata.json" "Library\Bee\buildprogram0.traceevents"
WorkingDir: A:/Python/aether-grounds
ExitCode: 4 Duration: 0s34ms
DisplayProgressbar: Incremental Player Build
ExitCode: 0 Duration: 1s191ms
Starting: C:\Program Files\Unity\Hub\Editor\6000.6.0f1\Editor\Data\Tools\BuildPipeline\bee_backend.exe --ipc --dagfile="Library/Bee/Playerf7fb454a.dag" --dagfilejson="Library\Bee\Playerf7fb454a.dag.json" --profile="Library/Bee/backend2.traceevents" Player
WorkingDir: A:/Python/aether-grounds
Starting: C:\Program Files\Unity\Hub\Editor\6000.6.0f1\Editor\Data\DotNetSdk\dotnet.exe "C:\Program Files\Unity\Hub\Editor\6000.6.0f1\Editor\Data\PlaybackEngines\AndroidPlayer\AndroidPlayerBuildProgram.exe" "C:/Program Files/Unity/Hub/Editor/6000.6.0f1/Editor/Data/PlaybackEngines/AndroidPlayer/Bee;C:/Program Files/Unity/Hub/Editor/6000.6.0f1/Editor/Data/Tools/BuildPipeline" "Library/Bee/Playerf7fb454a.dag.json" "Library/Bee/Playerf7fb454a-inputdata.json" "Library\Bee\buildprogram1.traceevents"
WorkingDir: A:/Python/aether-grounds
ExitCode: 4 Duration: 29s
ExitCode: 0 Duration: 0s631ms
Starting: C:\Program Files\Unity\Hub\Editor\6000.6.0f1\Editor\Data\Tools\BuildPipeline\bee_backend.exe --ipc --dagfile="Library/Bee/Playerf7fb454a.dag" --dagfilejson="Library\Bee\Playerf7fb454a.dag.json" --profile="Library/Bee/backend3.traceevents" Player
WorkingDir: A:/Python/aether-grounds
Starting: C:\Program Files\Unity\Hub\Editor\6000.6.0f1\Editor\Data\DotNetSdk\dotnet.exe "C:\Program Files\Unity\Hub\Editor\6000.6.0f1\Editor\Data\PlaybackEngines\AndroidPlayer\AndroidPlayerBuildProgram.exe" "C:/Program Files/Unity/Hub/Editor/6000.6.0f1/Editor/Data/PlaybackEngines/AndroidPlayer/Bee;C:/Program Files/Unity/Hub/Editor/6000.6.0f1/Editor/Data/Tools/BuildPipeline" "Library/Bee/Playerf7fb454a.dag.json" "Library/Bee/Playerf7fb454a-inputdata.json" "Library\Bee\buildprogram2.traceevents"
WorkingDir: A:/Python/aether-grounds
ExitCode: 4 Duration: 4s85ms
ExitCode: 0 Duration: 0s674ms
Starting: C:\Program Files\Unity\Hub\Editor\6000.6.0f1\Editor\Data\Tools\BuildPipeline\bee_backend.exe --ipc --dagfile="Library/Bee/Playerf7fb454a.dag" --dagfilejson="Library\Bee\Playerf7fb454a.dag.json" --profile="Library/Bee/backend4.traceevents" Player
WorkingDir: A:/Python/aether-grounds
    Call "UnityEditor.Android.AndroidHardwareProfilesManager.OnModifyAndroidProjectFiles" from assembly 'UnityEditor.Android.Extensions'
Starting: C:\Program Files\Unity\Hub\Editor\6000.6.0f1\Editor\Data\DotNetSdk\dotnet.exe "C:\Program Files\Unity\Hub\Editor\6000.6.0f1\Editor\Data\PlaybackEngines\AndroidPlayer\AndroidPlayerBuildProgram.exe" "C:/Program Files/Unity/Hub/Editor/6000.6.0f1/Editor/Data/PlaybackEngines/AndroidPlayer/Bee;C:/Program Files/Unity/Hub/Editor/6000.6.0f1/Editor/Data/Tools/BuildPipeline" "Library/Bee/Playerf7fb454a.dag.json" "Library/Bee/Playerf7fb454a-inputdata.json" "Library\Bee\buildprogram3.traceevents"
WorkingDir: A:/Python/aether-grounds
ExitCode: 4 Duration: 40s
ExitCode: 0 Duration: 0s738ms
Starting: C:\Program Files\Unity\Hub\Editor\6000.6.0f1\Editor\Data\Tools\BuildPipeline\bee_backend.exe --ipc --dagfile="Library/Bee/Playerf7fb454a.dag" --dagfilejson="Library\Bee\Playerf7fb454a.dag.json" --profile="Library/Bee/backend5.traceevents" Player
WorkingDir: A:/Python/aether-grounds
ExitCode: 0 Duration: 0s165ms
DisplayProgressbar: Calling IPostGenerateGradleAndroidProject callbacks
Calling IPostGenerateGradleAndroidProject callbacks on 'A:\Python\aether-grounds\Library\Bee\Android\Prj\IL2CPP\Gradle\unityLibrary':
Android PostProcess task "Calling IPostGenerateGradleAndroidProject callbacks" took 1.6496 ms
DisplayProgressbar: Validate Gradle Project
Android PostProcess task "Validate Gradle Project" took 0.8222 ms
Android PostProcess task "Unity Services Symbol Upload" took 0.3891 ms
DisplayProgressbar: Building Gradle project
Total cache size 310682693
Total cache size after purge 267267053, took 00:00:00.5251015
Starting: C:\Program Files\Unity\Hub\Editor\6000.6.0f1\Editor\Data\PlaybackEngines\AndroidPlayer\OpenJDK\bin\java.exe -classpath "C:\Program Files\Unity\Hub\Editor\6000.6.0f1\Editor\Data\PlaybackEngines\AndroidPlayer\Tools\gradle\lib\gradle-launcher-9.1.0.jar" org.gradle.launcher.GradleMain "-Dorg.gradle.jvmargs=-Xmx4096m" "assembleRelease" 
WorkingDir: A:/Python/aether-grounds/Library/Bee/Android/Prj/IL2CPP/Gradle\launcher
Build log was saved at 'A:\Python\aether-grounds\Library\Bee\Android\Prj\IL2CPP\Gradle\launcher\build\outputs\logs\unity-assembleRelease-build.log'
Android PostProcess task "Building Gradle project" took 77954.1711 ms
DisplayProgressbar: Building Gradle Symbols
Android PostProcess task "Building Gradle Symbols" took 0.3274 ms
DisplayProgressbar: Processing Mapping File
Android PostProcess task "Processing Mapping File" took 0.4044 ms
DisplayProgressbar: Moving output package(s)
Copy 'A:/Python/aether-grounds/Library/Bee/Android/Prj/IL2CPP/Gradle\launcher\build\outputs\apk\release\launcher-release.apk' -> 
 'A:/Python/aether-grounds/Build/Android/Aether-Grounds.apk'
Android PostProcess task "Moving output package(s)" took 12.3201 ms
Android PostProcess task "Checking Symbols size" took 1.0316 ms

-------------------------------------------------------------------------------
Build Report
Uncompressed usage by category (Percentages based on user generated assets only):
Textures               4.5 mb	 29.8% 
Meshes                 0.0 kb	 0.0% 
Animations             0.0 kb	 0.0% 
Sounds                 0.0 kb	 0.0% 
Shaders                84.4 kb	 0.5% 
Other Assets           10.5 mb	 69.6% 
Levels                 0.0 kb	 0.0% 
File headers           4.5 kb	 0.0% 
Total User Assets      15.1 mb	 100.0% 
Complete build size    159.1 mb
Used Assets and files from the Resources folder, sorted by uncompressed size:
 2.7 mb	 1.7% Built-in Texture2D: Splash Screen Unity Logo
 1.3 mb	 0.8% Assets/Resources/Brand/AetherGroundsLogo.png
 816.7 kb	 0.5% Assets/Resources/Models/K_building-j.json
 653.0 kb	 0.4% Assets/Resources/Models/K_building-n.json
 520.3 kb	 0.3% Resources/unity_builtin_extra
 504.8 kb	 0.3% Assets/Resources/Models/K_building-m.json
 503.8 kb	 0.3% Assets/Resources/Models/K_building-l.json
 491.7 kb	 0.3% Assets/Resources/Models/K_building-k.json
 337.6 kb	 0.2% Assets/Resources/Models/K_building-i.json
 337.6 kb	 0.2% Assets/Resources/Models/K_building-skyscraper-d.json
 301.0 kb	 0.2% Assets/Resources/Models/Vanta.json
 300.8 kb	 0.2% Assets/Resources/Models/K_building-g.json
 295.7 kb	 0.2% Assets/Resources/Models/K_building-skyscraper-c.json
 293.8 kb	 0.2% Assets/Resources/Models/Nomad.json
 291.3 kb	 0.2% Assets/Resources/Models/Miso.json
 272.7 kb	 0.2% Assets/Resources/Models/K_building-h.json
 267.1 kb	 0.2% Assets/Resources/Models/K_building-f.json
 248.0 kb	 0.2% Assets/Resources/Models/K_building-skyscraper-b.json
 239.6 kb	 0.1% Assets/Resources/Models/K_building-e.json
 222.6 kb	 0.1% Assets/Resources/Models/K_building-type-c.json
 202.7 kb	 0.1% Assets/Resources/Malasugue.json
 198.5 kb	 0.1% Assets/Resources/Models/K_building-skyscraper-a.json
 196.1 kb	 0.1% Assets/Resources/Models/K_building-a.json
 195.2 kb	 0.1% Assets/Resources/Models/K_building-c.json
 191.6 kb	 0.1% Assets/Resources/Models/K_building-type-a.json
 190.4 kb	 0.1% Assets/Resources/Models/Spectre.json
 183.6 kb	 0.1% Assets/Resources/Models/Atlas.json
 180.4 kb	 0.1% Assets/Resources/Models/K_building-skyscraper-e.json
 177.9 kb	 0.1% Assets/Resources/Models/Relay.json
 177.3 kb	 0.1% Assets/Resources/Models/K_hatchback-sports.json
 173.0 kb	 0.1% Assets/Resources/Models/K_van.json
 172.8 kb	 0.1% Assets/Resources/Models/K_building-b.json
 172.3 kb	 0.1% Assets/Resources/Models/Manta.json
 172.2 kb	 0.1% Assets/Resources/Models/K_truck.json
 168.9 kb	 0.1% Assets/Resources/Models/Pip.json
 167.7 kb	 0.1% Assets/Resources/Models/Cinder.json
 167.3 kb	 0.1% Assets/Resources/Models/K_sedan.json
 166.3 kb	 0.1% Assets/Resources/Models/Comet.json
 164.6 kb	 0.1% Assets/Resources/Models/K_taxi.json
 157.0 kb	 0.1% Assets/Resources/Models/K_building-d.json
 148.6 kb	 0.1% Assets/Resources/Models/K_watermelon.json
 52.9 kb	 0.0% Assets/Resources/Models/K_barrel.json
 51.1 kb	 0.0% Assets/Resources/Models/K_fish.json
 43.1 kb	 0.0% Assets/Resources/Models/K_pot.json
 41.3 kb	 0.0% Assets/Resources/Models/K_pineapple.json
 39.9 kb	 0.0% Assets/Shaders/AetherSurface.shader
 39.0 kb	 0.0% Assets/Resources/Models/K_planter.json
 34.9 kb	 0.0% Assets/Resources/Models/K_tree_palmDetailedShort.json
 34.5 kb	 0.0% Assets/Resources/Models/K_tree_palmDetailedTall.json
 27.9 kb	 0.0% Assets/Resources/Models/K_apple.json
 26.0 kb	 0.0% Assets/Resources/Models/K_corn.json
 24.4 kb	 0.0% Assets/Resources/Models/K_bread.json
 24.1 kb	 0.0% Assets/Resources/Models/K_fence-low.json
 23.8 kb	 0.0% Assets/Resources/Models/K_plate.json
 22.4 kb	 0.0% Assets/Resources/Models/K_banana.json
 22.3 kb	 0.0% Assets/Resources/Models/K_orange.json
 21.6 kb	 0.0% Assets/Resources/Models/K_soda-bottle.json
 19.0 kb	 0.0% Assets/Resources/Models/K_tree_oak.json
 18.3 kb	 0.0% Assets/Resources/Models/TrackStation.json
 17.2 kb	 0.0% Assets/Resources/Models/K_tree_palmBend.json
 16.9 kb	 0.0% Assets/Resources/Models/K_bowl.json
 14.3 kb	 0.0% Assets/Resources/Models/K_skewer.json
 14.2 kb	 0.0% Assets/Resources/Models/K_coconut.json
 14.1 kb	 0.0% Assets/Resources/Models/K_fence.json
 12.8 kb	 0.0% Assets/Resources/Models/RaceArch.json
 11.0 kb	 0.0% Assets/Shaders/AetherToon.shader
 9.5 kb	 0.0% Assets/Resources/Models/AlienTree.json
 8.9 kb	 0.0% Assets/Resources/Models/K_bag.json
 8.8 kb	 0.0% Assets/Shaders/AetherPost.shader
 8.0 kb	 0.0% Assets/Resources/Models/K_rock_largeA.json
 7.2 kb	 0.0% Assets/Resources/Models/K_tree-small.json
 7.0 kb	 0.0% Assets/Resources/Models/K_rock_largeC.json
 5.4 kb	 0.0% Assets/Shaders/AetherWater.shader
 4.3 kb	 0.0% Assets/Shaders/AetherSky.shader
 3.8 kb	 0.0% Assets/Shaders/AetherShield.shader
 3.7 kb	 0.0% Assets/Shaders/StructureText.shader
 2.4 kb	 0.0% Assets/Resources/Models/CrystalCluster.json
 2.2 kb	 0.0% Assets/Resources/Models/RoadModule.json
 1.6 kb	 0.0% Assets/Resources/Models/K_rock_smallC.json
 1.6 kb	 0.0% Assets/Resources/Models/K_rock_smallA.json
 0.7 kb	 0.0% Assets/Scenes/AetherGrounds.unity
 0.6 kb	 0.0% Assets/Resources/Models/Rock.json
 0.4 kb	 0.0% Built-in Sprite: 
 0.1 kb	 0.0% Assets/Scripts/TownTrafficSystem.cs
 0.1 kb	 0.0% Assets/Scripts/TricycleTraffic.cs
 0.1 kb	 0.0% Assets/Scripts/StructureSign.cs
 0.1 kb	 0.0% Assets/Scripts/RoadGuideLights.cs
 0.1 kb	 0.0% Assets/Scripts/PhysicsSmokeTest.cs
 0.1 kb	 0.0% Assets/Scripts/PhilippineCity.cs
 0.1 kb	 0.0% Assets/Scripts/NeighborhoodTest.cs
 0.1 kb	 0.0% Assets/Scripts/MalasugueTown.cs
 0.1 kb	 0.0% Assets/Scripts/TrackWorld.cs
 0.1 kb	 0.0% Assets/Scripts/TrackFeatures.cs
 0.1 kb	 0.0% Assets/Scripts/RaceEffects.cs
 0.1 kb	 0.0% Assets/Scripts/Presentation.cs
 0.1 kb	 0.0% Assets/Scripts/PlatformUI.cs
 0.1 kb	 0.0% Assets/Scripts/PlatformTest.cs
 0.1 kb	 0.0% Assets/Scripts/OverhaulTest.cs
 0.1 kb	 0.0% Assets/Scripts/ModelLibrary.cs
 0.1 kb	 0.0% Assets/Scripts/CityPhysics.cs
 0.1 kb	 0.0% Assets/Scripts/Vehicle.cs
 0.1 kb	 0.0% Assets/Scripts/CityTest.cs
 0.1 kb	 0.0% Assets/Scripts/CityLife.cs
 0.1 kb	 0.0% Assets/Scripts/CarParts.cs
 0.1 kb	 0.0% Assets/Scripts/Game.cs
-------------------------------------------------------------------------------
Unloading 76 Unused Serialized files (Serialized files now loaded: 0)
Unloading 81 unused Assets / (2.8 MB). Loaded Objects now: 1319.
Memory consumption went from 274.3 MB to 271.6 MB.
Total: 10.867100 ms (FindLiveObjects: 0.177900 ms CreateObjectMapping: 0.024300 ms MarkObjects: 10.418100 ms  DeleteObjects: 0.123500 ms)

DisplayProgressNotification: Build Successful
Build Finished, Result: Success.
Unloading 0 Unused Serialized files (Serialized files now loaded: 0)
Loaded scene 'Temp/__Backupscenes/0.backup'
	Deserialize:            1.522 ms
	Integration:            16.641 ms
	Integration of assets:  0.002 ms
	Thread Wait Time:       0.009 ms
	Total Operation Time:   18.173 ms
Unloading 1 unused Assets / (21.0 KB). Loaded Objects now: 1616.
Memory consumption went from 263.2 MB to 263.2 MB.
Total: 8.154700 ms (FindLiveObjects: 0.206600 ms CreateObjectMapping: 0.021800 ms MarkObjects: 7.770200 ms  DeleteObjects: 0.028100 ms)

[Licensing::Client] Successfully resolved entitlement details
[Licensing::Client] Successfully resolved entitlement details
##utp:{"success":true,"type":"PlayerBuildInfo","version":2,"phase":"Immediate","time":1788974953371,"processId":31100,"steps":[{"description":"Call PrepareForBuild callbacks","duration":1},{"description":"Call internal build started callbacks","duration":0},{"description":"Preprocess Player","duration":23},{"description":"Save scenes before build","duration":0},{"description":"Prepare For Build","duration":3061},{"description":"ProducePlayerScriptAssemblies","duration":4354},{"description":"Verify Build setup","duration":108},{"description":"Prepare assets for target platform","duration":0},{"description":"Prepare splash screen","duration":1369},{"description":"Build scripts DLLs","duration":35},{"description":"Building scenes","duration":65},{"description":"Build GlobalGameManagers file","duration":140},{"description":"Writing asset files","duration":1568},{"description":"Building Resources/unity_builtin_extra","duration":8398},{"description":"Creating compressed player package","duration":65},{"description":"Write data build dirty tracking information","duration":11},{"description":"Postprocess built player","duration":155118},{"description":"Call Post-Process callbacks","duration":35}],"duration":174351}
Batchmode quit successfully invoked - shutting down!
Starting: C:\Program Files\Unity\Hub\Editor\6000.6.0f1\Editor\Data\PlaybackEngines\AndroidPlayer\OpenJDK\bin\java.exe -classpath "C:\Program Files\Unity\Hub\Editor\6000.6.0f1\Editor\Data\PlaybackEngines\AndroidPlayer\Tools\gradle\lib\gradle-launcher-9.1.0.jar" org.gradle.launcher.GradleMain "-Dorg.gradle.jvmargs=-Xmx4096m" "--stop" 
WorkingDir: 
Build log was saved at 'A:\Python\aether-grounds\build\outputs\logs\unity---stop-build.log'
Killing ADB server in 0.0650022 seconds.
AcceleratorClientConnectionCallback - disconnected - :0
Importing 'GUID: 00000000000000004000000000000000 - Path: ProjectSettings/ProjectSettings.asset' with importer (LibraryAssetImporter)
Imported 'GUID: 00000000000000004000000000000000' -> (Import Result ID: 'f6767678041d8908f6c8705b1c152686') in 0.002 seconds [static dependencies only]. Details - ImportResultOutputID=054c890a8f4b6dddbea933bc5e4b7df4 DependenciesID=fd477a74d4917ec7d975ffde1b82cb0d StaticDependenciesID=0f9cdf8b68c56fa808f76d82250ef91b 
Asset Pipeline Refresh (id=415acc6bd21e6584b907be6380f1bcb7): Total: 0.014 seconds - Initiated by StopAssetImportingV2(NoUpdateAssetOptions)
[Physics::Module] Cleanup current backend.
[Physics::Module] Id: 0xf2b8ea05
Input System module state changed to: ShutdownInProgress.
Input Polling Thread exited.
Input System module state changed to: Shutdown.
[Licensing::IpcConnector] LicenseClient-Azrin Azrael-notifications channel disconnected successfully.
[Licensing::IpcConnector] LicenseClient-Azrin Azrael channel disconnected successfully.
Lingering sessions upon destruction of worker manager
Unity Data Store service was successfully shut down
UDS shutting down local client system
AcceleratorClientConnectionCallback - disconnected - :0
Cleanup mono
CodeReloadManager destroyed
Exiting batchmode successfully now!
[ExitDontLaunchBugReporter] Exiting without the bug reporter. Application will exit with return code 0
