VBCSCompilerPreWarmer: pre-warm launched (dotnet PID 26788)
VBCSCompiler prewarm took 6.93 ms
[Licensing::Module] Trying to connect to existing licensing client channel...
Built from '6000.6/respin/6000.6.0f1-fa21a270ab12' branch; Version is '6000.6.0f1 (f7f8ed4d1e24) revision 16251117'; Using compiler version '194234433'; Build Type 'Release'
[Licensing::IpcConnector] Channel LicenseClient-Azrin Azrael doesn't exist
OS: 'Windows 10  (10.0.19045) 64bit Professional' Language: 'en' Physical Memory: 32690 MB
BatchMode: 1, IsHumanControllingUs: 0, StartBugReporterOnCrash: 0, Is64bit: 1
System  architecture: x64
Process architecture: x64
Date: 2026-09-09T16:46:46Z
[Licensing::Module] Successfully launched the LicensingClient (PId: 27740)

COMMAND LINE ARGUMENTS:
C:\Program Files\Unity\Hub\Editor\6000.6.0f1\Editor\Unity.exe
-projectPath
A:/Python/aether-grounds
-executeMethod
BuildGame.Build
-batchmode
-quit
-logFile
A:/Python/aether-grounds/Evidence/malasugue-build.log
Successfully changed project path to: A:/Python/aether-grounds
A:/Python/aether-grounds
[UnityMemory] Configuration Parameters - Can be set up in boot.config
    "memorysetup-temp-allocator-size-gi-baking-worker=262144"
    "memorysetup-temp-allocator-size-gi-baking-worker=262144"
    "memorysetup-temp-allocator-size-gi-baking-worker=262144"
    "memorysetup-temp-allocator-size-gi-baking-worker=262144"
    "memorysetup-temp-allocator-size-gi-baking-worker=262144"
    "memorysetup-temp-allocator-size-nav-mesh-worker=65536"
    "memorysetup-temp-allocator-size-audio-worker=65536"
    "memorysetup-temp-allocator-size-cloud-worker=32768"
    "memorysetup-temp-allocator-size-gfx=262144"
    "memorysetup-remapper-allocator-initial-capacity=32768"
    "memorysetup-temp-allocator-size-preload-manager=33554432"
    "memorysetup-allocator-temp-initial-block-size-main=262144"
    "memorysetup-allocator-temp-initial-block-size-worker=262144"
    "memorysetup-temp-allocator-size-job-worker=262144"
    "memorysetup-temp-allocator-size-background-worker=32768"
    "memorysetup-bucket-allocator-granularity=16"
    "memorysetup-bucket-allocator-bucket-count=8"
    "memorysetup-bucket-allocator-block-size=33554432"
    "memorysetup-bucket-allocator-block-count=8"
    "memorysetup-main-allocator-block-size=16777216"
    "memorysetup-thread-allocator-block-size=16777216"
    "memorysetup-main-allocator-mimalloc-enabled=1"
    "memorysetup-gfx-main-allocator-block-size=16777216"
    "memorysetup-gfx-thread-allocator-block-size=16777216"
    "memorysetup-cache-allocator-block-size=4194304"
    "memorysetup-typetree-allocator-block-size=2097152"
    "memorysetup-profiler-bucket-allocator-granularity=16"
    "memorysetup-profiler-bucket-allocator-bucket-count=8"
    "memorysetup-profiler-bucket-allocator-block-size=33554432"
    "memorysetup-profiler-bucket-allocator-block-count=8"
    "memorysetup-profiler-allocator-block-size=16777216"
    "memorysetup-profiler-editor-allocator-block-size=1048576"
    "memorysetup-temp-allocator-size-main=16777216"
    "memorysetup-job-temp-allocator-block-size=2097152"
    "memorysetup-job-temp-allocator-block-size-background=1048576"
    "memorysetup-job-temp-allocator-reduction-small-platforms=262144"
Logging is directed to a specific file, skipping project log.
Player connection [6340]  Target information:

Player connection [6340]  * "[IP] 192.168.254.116 [Port] 55504 [Flags] 2 [Guid] 433453988 [EditorId] 433453988 [Version] 1048832 [Id] WindowsEditor(7,DESKTOP-9MS8H02) [Debug] 1 [PackageName] WindowsEditor [ProjectName] Editor" 

Player connection [6340] Host joined multi-casting on [225.0.0.222:54997]...
Player connection [6340] Host joined alternative multi-casting on [225.0.0.222:34997]...
Input System module state changed to: Initialized.
[Physics::Module] Initialized fallback backend.
[Physics::Module] Id: 0xdecafbad
[Licensing::IpcConnector] Successfully connected to: "LicenseClient-Azrin Azrael" at "2026-09-09T16:46:46.4364185Z"
[Licensing::Client] Code 10 while verifying Licensing Client signature (process Id: 27740, path: "C:/Program Files/Unity/Hub/Editor/6000.6.0f1/Editor/Data/Resources/Licensing/Client/Unity.Licensing.Client.exe")
[Licensing::Module] LicensingClient has failed validation; ignoring
[Licensing::Client] Handshaking with LicensingClient:
  Version:                 1.18.3+d7ffd15
  Session Id:              8c55aad7d1354741861ccbbb00755e9c
  Correlation Id:          0e07d3e872468cd4f6283f8626cc2f57
  External correlation Id: 6877052892604850980
  Machine Id:              WwTD/V+HEZEkZZHKBHxVx+mMSis=
[Licensing::Module] Successfully connected to LicensingClient on channel: "LicenseClient-Azrin Azrael" (connect: 0.38s, validation: 0.12s, handshake: 0.05s)
[Licensing::IpcConnector] Successfully connected to: "LicenseClient-Azrin Azrael-notifications" at "2026-09-09T16:46:46.6030571Z"
[Licensing::Module] Connected to LicensingClient (PId: 27740, launch time: 0.01, total connection time: 0.54s)
[Licensing::Module] Error: Access token is unavailable; failed to update
[Licensing::Client] Successfully resolved entitlement details
[Licensing::Module] License group:
  Id: 18968495829972-UnityPersXXXX
  Product: Unity Personal
  Type: Assigned
  Expiration: Unlimited
[Licensing::Client] Successfully updated license, isAsync: True, time: 0.01
[Licensing::Client] Successfully resolved entitlement details
[Licensing::Module] Licensing Background thread has ended after 0.60s
[Package Manager] Connected to IPC stream "Upm-17504" after 0.4 seconds.
[Licensing::Client] Successfully resolved entitlement details
Library Redirect Path: Library/
Launching Unity Data Store - C:/Program Files/Unity/Hub/Editor/6000.6.0f1/Editor/Data/Tools/Unity.DataStore.exe 
Unity Data Store artifact dir = Library/DataStore, working dir = A:/Python/aether-grounds[Physics::Module] Selected backend.
[Physics::Module] Name: PhysX
[Physics::Module] Id: 0xf2b8ea05
[Physics::Module] SDK Version: 4.1.2
[Physics::Module] Integration Version: 1.0.0
[Physics::Module] Threading Mode: Multi-Threaded
Unity Data Store running and initialised
Initialize engine version: 6000.6.0f1 (f7f8ed4d1e24)
[EntityIdStore] init: VM path (explicit commit), pageSize=4096, blockCount=1048576, entitiesPerBlock=256, slots reserved=4294967296 bytes
[Subsystems] Discovering subsystems at path C:/Program Files/Unity/Hub/Editor/6000.6.0f1/Editor/Data/Resources/UnitySubsystems
[Subsystems] Discovering subsystems at path A:/Python/aether-grounds/Assets
GfxDevice: creating device client; kGfxThreadingModeNonThreaded
d3d12: failed to query info queue interface (0x80004002).
Direct3D:
    Version:         Direct3D 12 [level 12.2]
    Renderer:        NVIDIA GeForce RTX 4060 (ID=0x2882)
    Vendor:          NVIDIA
    VRAM:            7957 MB
    App VRAM Budget: 7189 MB
    Driver:          32.0.15.9636
Initialize mono
Mono path[0] = 'C:/Program Files/Unity/Hub/Editor/6000.6.0f1/Editor/Data/Managed'
Mono path[1] = 'C:/Program Files/Unity/Hub/Editor/6000.6.0f1/Editor/Data/BCLExtensions/runtime/netstandard2.1'
Mono path[2] = 'C:/Program Files/Unity/Hub/Editor/6000.6.0f1/Editor/Data/MonoBleedingEdge/lib/mono/unityjit-win32'
Mono config path = 'C:/Program Files/Unity/Hub/Editor/6000.6.0f1/Editor/Data/MonoBleedingEdge/etc'
Using monoOptions --debugger-agent=transport=dt_socket,embedding=1,server=y,suspend=n,address=127.0.0.1:56504
CodeReloadManager initialized
ImportWorker Server TCP listen port: 0
AcceleratorClientConnectionCallback - disconnected - :0
Begin MonoManager ReloadAssembly
Registering precompiled unity dll's ...
Register platform support module: C:/Program Files/Unity/Hub/Editor/6000.6.0f1/Editor/Data/PlaybackEngines/WebGLSupport/UnityEditor.WebGL.Extensions.dll
Register platform support module: C:/Program Files/Unity/Hub/Editor/6000.6.0f1/Editor/Data/PlaybackEngines/WindowsStandaloneSupport/UnityEditor.WindowsStandalone.Extensions.dll
Registered in 0.001908 seconds.
Native extension for WindowsStandalone target not found
Native extension for WebGL target not found
Package Manager log level set to [2]
ScheduleIndexationOnStartup MainProcess:False IndexOnStartup:True
Scripting: successfully reloaded assembly
- Finished resetting the current domain, in  0.761 seconds
Domain Reload Profiling: 1369ms
	BeginReloadAssembly (171ms)
		CreateAndSetChildDomain (18ms)
	RebuildCommonClasses (5ms)
	RebuildNativeTypeToScriptingClass (22ms)
	initialDomainReloadingComplete (72ms)
	LoadAllAssembliesAndSetupDomain (337ms)
		LoadAssemblies (150ms)
		TypeCache.Refresh (227ms)
			TypeCache.ScanAssembly (211ms)
		AnalyzeDomain (1ms)
	FinalizeReload (762ms)
		SetupLoadedEditorAssemblies (0ms)
			InitializePlatformSupportModulesInManaged (3ms)
			BeforeProcessingInitializeOnLoad (119ms)
			ProcessInitializeOnLoadAttributes (143ms)
			ProcessInitializeOnLoadMethodAttributes (258ms)
[Licensing::Client] Successfully resolved entitlement details
Application.AssetDatabase Initial Refresh Start
[Package Manager] Restoring resolved packages state from cache
[Licensing::Client] Successfully resolved entitlement details
[Package Manager] Registered 42 packages:
  Packages from [https://packages.unity.com]:
    com.unity.ide.rider@3.0.38 (location: A:\Python\aether-grounds\Library\PackageCache\com.unity.ide.rider@1f60b3138684)
    com.unity.ide.visualstudio@2.0.26 (location: A:\Python\aether-grounds\Library\PackageCache\com.unity.ide.visualstudio@a99d56dec63f)
  Built-in packages:
    com.unity.modules.accessibility@1.0.0 (location: A:\Python\aether-grounds\Library\PackageCache\com.unity.modules.accessibility)
    com.unity.modules.adaptiveperformance@1.0.0 (location: A:\Python\aether-grounds\Library\PackageCache\com.unity.modules.adaptiveperformance)
    com.unity.modules.ai@1.0.0 (location: A:\Python\aether-grounds\Library\PackageCache\com.unity.modules.ai)
    com.unity.modules.androidjni@1.0.0 (location: A:\Python\aether-grounds\Library\PackageCache\com.unity.modules.androidjni)
    com.unity.modules.animation@1.0.0 (location: A:\Python\aether-grounds\Library\PackageCache\com.unity.modules.animation)
    com.unity.modules.assetbundle@1.0.0 (location: A:\Python\aether-grounds\Library\PackageCache\com.unity.modules.assetbundle)
    com.unity.modules.audio@1.0.0 (location: A:\Python\aether-grounds\Library\PackageCache\com.unity.modules.audio)
    com.unity.modules.cloth@1.0.0 (location: A:\Python\aether-grounds\Library\PackageCache\com.unity.modules.cloth)
    com.unity.modules.director@1.0.0 (location: A:\Python\aether-grounds\Library\PackageCache\com.unity.modules.director)
    com.unity.modules.imageconversion@1.0.0 (location: A:\Python\aether-grounds\Library\PackageCache\com.unity.modules.imageconversion)
    com.unity.modules.imgui@1.0.0 (location: A:\Python\aether-grounds\Library\PackageCache\com.unity.modules.imgui)
    com.unity.modules.jsonserialize@1.0.0 (location: A:\Python\aether-grounds\Library\PackageCache\com.unity.modules.jsonserialize)
    com.unity.modules.particlesystem@1.0.0 (location: A:\Python\aether-grounds\Library\PackageCache\com.unity.modules.particlesystem)
    com.unity.modules.physics@1.0.0 (location: A:\Python\aether-grounds\Library\PackageCache\com.unity.modules.physics)
    com.unity.modules.physics2d@1.0.0 (location: A:\Python\aether-grounds\Library\PackageCache\com.unity.modules.physics2d)
    com.unity.modules.physicscore2d@1.0.0 (location: A:\Python\aether-grounds\Library\PackageCache\com.unity.modules.physicscore2d)
    com.unity.modules.screencapture@1.0.0 (location: A:\Python\aether-grounds\Library\PackageCache\com.unity.modules.screencapture)
    com.unity.modules.terrain@1.0.0 (location: A:\Python\aether-grounds\Library\PackageCache\com.unity.modules.terrain)
    com.unity.modules.terrainphysics@1.0.0 (location: A:\Python\aether-grounds\Library\PackageCache\com.unity.modules.terrainphysics)
    com.unity.modules.tetgen@1.0.0 (location: A:\Python\aether-grounds\Library\PackageCache\com.unity.modules.tetgen)
    com.unity.modules.tilemap@1.0.0 (location: A:\Python\aether-grounds\Library\PackageCache\com.unity.modules.tilemap)
    com.unity.modules.timelinefoundation@1.0.0 (location: A:\Python\aether-grounds\Library\PackageCache\com.unity.modules.timelinefoundation)
    com.unity.modules.ui@1.0.0 (location: A:\Python\aether-grounds\Library\PackageCache\com.unity.modules.ui)
    com.unity.modules.uielements@1.0.0 (location: A:\Python\aether-grounds\Library\PackageCache\com.unity.modules.uielements)
    com.unity.modules.umbra@1.0.0 (location: A:\Python\aether-grounds\Library\PackageCache\com.unity.modules.umbra)
    com.unity.modules.unityanalytics@1.0.0 (location: A:\Python\aether-grounds\Library\PackageCache\com.unity.modules.unityanalytics)
    com.unity.modules.unitywebrequest@1.0.0 (location: A:\Python\aether-grounds\Library\PackageCache\com.unity.modules.unitywebrequest)
    com.unity.modules.unitywebrequestassetbundle@1.0.0 (location: A:\Python\aether-grounds\Library\PackageCache\com.unity.modules.unitywebrequestassetbundle)
    com.unity.modules.unitywebrequestaudio@1.0.0 (location: A:\Python\aether-grounds\Library\PackageCache\com.unity.modules.unitywebrequestaudio)
    com.unity.modules.unitywebrequesttexture@1.0.0 (location: A:\Python\aether-grounds\Library\PackageCache\com.unity.modules.unitywebrequesttexture)
    com.unity.modules.unitywebrequestwww@1.0.0 (location: A:\Python\aether-grounds\Library\PackageCache\com.unity.modules.unitywebrequestwww)
    com.unity.modules.vectorgraphics@1.0.0 (location: A:\Python\aether-grounds\Library\PackageCache\com.unity.modules.vectorgraphics)
    com.unity.modules.vehicles@1.0.0 (location: A:\Python\aether-grounds\Library\PackageCache\com.unity.modules.vehicles)
    com.unity.modules.video@1.0.0 (location: A:\Python\aether-grounds\Library\PackageCache\com.unity.modules.video)
    com.unity.modules.wind@1.0.0 (location: A:\Python\aether-grounds\Library\PackageCache\com.unity.modules.wind)
    com.unity.modules.xr@1.0.0 (location: A:\Python\aether-grounds\Library\PackageCache\com.unity.modules.xr)
    com.unity.modules.subsystems@1.0.0 (location: A:\Python\aether-grounds\Library\PackageCache\com.unity.modules.subsystems)
    com.unity.modules.hierarchycore@1.0.0 (location: A:\Python\aether-grounds\Library\PackageCache\com.unity.modules.hierarchycore)
    com.unity.test-framework@1.8.0 (location: A:\Python\aether-grounds\Library\PackageCache\com.unity.test-framework@7a3849e09bd0)
    com.unity.ext.nunit@2.1.0 (location: A:\Python\aether-grounds\Library\PackageCache\com.unity.ext.nunit@0198eae3b53e)
[Subsystems] No new subsystems found in resolved package list.
[Package Manager] Done registering packages in 0.01 seconds
[ScriptCompilation] Requested script compilation because: AssetDatabase observed changes in script compilation related files
Starting: C:\Program Files\Unity\Hub\Editor\6000.6.0f1\Editor\Data\Tools\BuildPipeline\bee_backend.exe --ipc --defer-dag-verification --dagfile="Library/Bee/1900b0aE.dag" --continue-on-failure --profile="Library/Bee/backend1.traceevents" ScriptAssemblies
WorkingDir: A:/Python/aether-grounds
DisplayProgressbar: Compiling Scripts
ExitCode: 4 Duration: 0s754ms
Rebuilding DAG because FileSignature timestamp changed: Library/Bee/1900b0aE-inputdata.json
[207/222    0s] ILPP-Configuration Library/ilpp-configuration.nevergeneratedoutput
*** Tundra requires additional run (0.71 seconds), 2 items updated, 206 evaluated
Starting: C:\Program Files\Unity\Hub\Editor\6000.6.0f1\Editor\Data\DotNetSdk\dotnet.exe "C:\Program Files\Unity\Hub\Editor\6000.6.0f1\Editor\Data\Tools\BuildPipeline\ScriptCompilationBuildProgram.exe" "Library/Bee/1900b0aE.dag.json" "Library/Bee/1900b0aE-inputdata.json" "Library\Bee\buildprogram0.traceevents"
WorkingDir: A:/Python/aether-grounds
ExitCode: 0 Duration: 0s321ms
Starting: C:\Program Files\Unity\Hub\Editor\6000.6.0f1\Editor\Data\Tools\BuildPipeline\bee_backend.exe --ipc --defer-dag-verification --dagfile="Library/Bee/1900b0aE.dag" --continue-on-failure --dagfilejson="Library\Bee\1900b0aE.dag.json" --profile="Library/Bee/backend2.traceevents" ScriptAssemblies
WorkingDir: A:/Python/aether-grounds
ExitCode: 0 Duration: 1s520ms
Finished compiling graph: 225 nodes, 1511 flattened edges (1443 ToBuild, 12 ToUse), maximum node priority 72
[189/222    0s] WriteText Library/Bee/artifacts/1900b0aE.dag/Assembly-CSharp.rsp
[207/222    0s] ILPP-Configuration Library/ilpp-configuration.nevergeneratedoutput
[214/222    0s] Csc Library/Bee/artifacts/1900b0aE.dag/Assembly-CSharp.dll (+2 others)
[215/222    0s] Csc Library/Bee/artifacts/1900b0aE.dag/Assembly-CSharp-Editor.dll (+2 others)
[216/222    0s] ILPostProcess Library/Bee/artifacts/1900b0aE.dag/post-processed/Assembly-CSharp.dll (+pdb)
Processing assembly Library/Bee/artifacts/1900b0aE.dag/Assembly-CSharp.dll, with 148 defines and 289 references

processors: zzzUnity.Burst.CodeGen.BurstILPostProcessor

1 processor(s) skipped this assembly
[217/222    0s] ILPostProcess Library/Bee/artifacts/1900b0aE.dag/post-processed/Assembly-CSharp-Editor.dll (+pdb)
Processing assembly Library/Bee/artifacts/1900b0aE.dag/Assembly-CSharp-Editor.dll, with 146 defines and 302 references

processors: zzzUnity.Burst.CodeGen.BurstILPostProcessor

1 processor(s) skipped this assembly
[218/222    0s] CopyFiles Library/ScriptAssemblies/Assembly-CSharp.pdb
[219/222    0s] CopyFiles Library/ScriptAssemblies/Assembly-CSharp-Editor.pdb
[220/222    0s] CopyFiles Library/ScriptAssemblies/Assembly-CSharp-Editor.dll
[221/222    0s] CopyFiles Library/ScriptAssemblies/Assembly-CSharp.dll
*** Tundra build success (1.49 seconds), 10 items updated, 222 evaluated
Total cache size 266788968
Total cache size after purge 266788968, took 00:00:00.2720254
AssetDatabase: script compilation time: 3.439368s
Begin MonoManager ReloadAssembly
Native extension for WindowsStandalone target not found
Native extension for WebGL target not found
ScheduleIndexationOnStartup MainProcess:True IndexOnStartup:True
Scripting: successfully reloaded assembly
- Finished resetting the current domain, in  0.661 seconds
Domain Reload Profiling: 1425ms
	BeginReloadAssembly (315ms)
		DisableScriptedObjects (33ms)
		CreateAndSetChildDomain (67ms)
	RebuildCommonClasses (14ms)
	RebuildNativeTypeToScriptingClass (23ms)
	initialDomainReloadingComplete (72ms)
	LoadAllAssembliesAndSetupDomain (339ms)
		LoadAssemblies (288ms)
		TypeCache.Refresh (41ms)
			TypeCache.ScanAssembly (17ms)
		AnalyzeDomain (9ms)
			BuildScriptInfoCaches (7ms)
	FinalizeReload (663ms)
		SetupLoadedEditorAssemblies (0ms)
			InitializePlatformSupportModulesInManaged (3ms)
			BeforeProcessingInitializeOnLoad (149ms)
			ProcessInitializeOnLoadAttributes (118ms)
			ProcessInitializeOnLoadMethodAttributes (64ms)
			AfterProcessingInitializeOnLoad (9ms)
		AwakeInstancesAfterBackupRestoration (41ms)
Starting new worker id: 0 with log in A:/Python/aether-grounds/Logs/AssetImportWorkerHW0.log

Asset Pipeline Refresh (id=da6736a46d7fabd4fb7dcecbc1f22187): Total: 5.400 seconds - Initiated by InitialRefreshV2(ForceSynchronousImport)
	(Values over 0.05ms)
	Summary:
		Imports: total=0 (actual=0, local cache=0, cache server=0)
		Asset DB Process Time: managed=0 ms, native=826 ms
		Asset DB Callback time: managed=263 ms, native=25 ms
		Scripting: domain reloads=1, domain reload time=826 ms, compile time=3443 ms, other=15 ms
		Project Asset Count: scripts=180, non-scripts=461
		Asset File Changes: new=1, changed=4, moved=0, deleted=0
		Scan Filter Count: 0
	InvokePackagesCallback: 18.167ms
	ApplyChangesToAssetFolders: 0.862ms
	Scan: 36.328ms
	Collect global state as custom dependencies: 10.347ms
	OnSourceAssetsModified: 0.627ms
	CategorizeScriptCompilationAssets: 5.646ms
	ProcessAssetsWithTransientArtifactChanges: 11.516ms
	CategorizeAssets: 4.991ms
	CompileScripts: 3442.753ms
	ImportOutOfDateAssets: 674.279ms (664.681ms without children)
		UnloadImportedAssets: 0.203ms
		EnsureUptoDateAssetsAreRegisteredWithGuidPM: 0.178ms
		ImportSchedulerStart: 9.213ms
	PostProcessAllAssets: 263.849ms
		VCAutoAddAssetPostprocess 1.711ms
		VersionControlSettings.HiddenFilePostprocess 0.061ms
		PostProcessCallbackCreateDeferredMaterials 0.056ms
		MonoPostProcessAllAssets: 261.258ms
			SyncVS.PostprocessSyncProject 176.551ms
			AssetPostprocessor.OnPostprocessAllAssets 22.429ms
			WindowAssetPostprocessingWatcher.OnPostprocessAllAssets 14.401ms
			StyleCatalogPostProcessor.OnPostprocessAllAssets 11.876ms
			BuilderAssetPostprocessor.OnPostprocessAllAssets 11.351ms
			AssetChangedListener.OnPostprocessAllAssets 2.374ms
			RetainedModeAssetPostprocessor.OnPostprocessAllAssets 1.683ms
			ArtifactBrowserPostProcessor.OnPostprocessAllAssets 1.228ms
			EditModeScopePostprocessor.OnPostprocessAllAssets 1.010ms
			SpeedTree9Postprocessor.OnPostprocessAllAssets 0.897ms
			AudioMixerPostprocessor.OnPostprocessAllAssets 0.735ms
			TextAssetPostProcessor.OnPostprocessAllAssets 0.655ms
			ReferencedClipsPostProcessor.OnPostprocessAllAssets 0.302ms
			AssetDatabaseCallbacks.OnPostprocessAllAssets 0.298ms
			ConfigAssetsTracker.OnPostprocessAllAssets 0.285ms
			AssetEvents.OnPostprocessAllAssets 0.267ms
			ScenarioDriftAssetsTracker.OnPostprocessAllAssets 0.247ms
			TerrainToolbarOverlayPostProcessor.OnPostprocessAllAssets 0.243ms
			AudioContainerPostProcessor.OnPostprocessAllAssets 0.199ms
			ThemePostprocessor.OnPostprocessAllAssets 0.174ms
			SpeedTreePostProcessor.OnPostprocessAllAssets 0.172ms
			RenderPipelineGlobalSettingsPostprocessor.OnPostprocessAllAssets 0.117ms
	PostAssetChangesProfiler: 7.959ms
	UnloadStreamsBegin: 3.844ms
	Untracked: 891.200ms

Application.AssetDatabase Initial Refresh End
Launched and connected shader compiler UnityShaderCompiler.exe after 0.01 seconds
Scanning for USB devices : 19.031ms
Initializing Unity extensions:
[MODES] ModeService[none].Initialize
[MODES] ModeService[none].LoadModes
[MODES] Loading mode Default (0) for mode-current-id-Aether Grounds
Unloading 10 Unused Serialized files (Serialized files now loaded: 0)
Unloading 519 unused Assets / (0.5 MB). Loaded Objects now: 1258.
Memory consumption went from 230.9 MB to 230.4 MB.
Total: 11.796000 ms (FindLiveObjects: 0.175000 ms CreateObjectMapping: 0.023500 ms MarkObjects: 11.073400 ms  DeleteObjects: 0.417900 ms)

Asset Pipeline Refresh (id=fc1bd8e6d22ee2f46bfb6c79b1f065d2): Total: 0.040 seconds - Initiated by RefreshV2(NoUpdateAssetOptions)
Importing 'GUID: 73225ca831226ba4e9f8e2044280767e - Path: Assets/Art/Prefabs/Vanta.prefab' with importer (PrefabImporter)
Imported 'GUID: 73225ca831226ba4e9f8e2044280767e' -> (Import Result ID: 'f8b3203f3d82b4b5fe7d776b45a7af58') in 0.011 seconds [static dependencies only]. Details - ImportResultOutputID=b761a48c2ad7d4eaef9e6eb6fbcbff85 DependenciesID=bebe63855135c9409c7a5a6f53348711 StaticDependenciesID=3a7bf50ca51d121bcb5557346e8e0934 
Asset Pipeline Refresh (id=05b4db43b5502de4f95fa2cbc8e99987): Total: 0.029 seconds - Initiated by StopAssetImportingV2(NoUpdateAssetOptions)
Importing 'GUID: 79597716e5d95b744ae3b059eccc0047 - Path: Assets/Art/Prefabs/Comet.prefab' with importer (PrefabImporter)
Imported 'GUID: 79597716e5d95b744ae3b059eccc0047' -> (Import Result ID: 'a445268071ca487bd22d3985e8128b73') in 0.004 seconds [static dependencies only]. Details - ImportResultOutputID=77dadba39c684c5a4cc88db555bb03cb DependenciesID=9da07bb02aad04955949e41abb449028 StaticDependenciesID=b455e0a6983850f14b720acc20162a79 
Asset Pipeline Refresh (id=45cd0b28871e1a549bb9b43ba977bcab): Total: 0.016 seconds - Initiated by StopAssetImportingV2(NoUpdateAssetOptions)
Importing 'GUID: 07ad44295421be94fb826195381615aa - Path: Assets/Art/Prefabs/Miso.prefab' with importer (PrefabImporter)
Imported 'GUID: 07ad44295421be94fb826195381615aa' -> (Import Result ID: '2b04fc7a1598aa285ff4b1515328d78f') in 0.004 seconds [static dependencies only]. Details - ImportResultOutputID=658534f2ec994e4727d1395bbbd521bf DependenciesID=c0314a3480220dad90a2dab00cdc5921 StaticDependenciesID=0795570b9e4b2e56299fc6e17833aa76 
Asset Pipeline Refresh (id=52ad6185c8e7d474db8dca2ecb0808ee): Total: 0.013 seconds - Initiated by StopAssetImportingV2(NoUpdateAssetOptions)
Importing 'GUID: 26eed49931aeb3f488c7ebefebe3dc67 - Path: Assets/Art/Prefabs/Nomad.prefab' with importer (PrefabImporter)
Imported 'GUID: 26eed49931aeb3f488c7ebefebe3dc67' -> (Import Result ID: 'a4ef76e9a09d65f0c10973cfd4436524') in 0.006 seconds [static dependencies only]. Details - ImportResultOutputID=ce0f21c25a9628de40685dc56e7c15a1 DependenciesID=0a18d7e04dc4ea54386a16e427fb73d5 StaticDependenciesID=eb5cea8c176244892908ead2856bdb41 
Asset Pipeline Refresh (id=202863e498cd3544c94c559277864f55): Total: 0.018 seconds - Initiated by StopAssetImportingV2(NoUpdateAssetOptions)
Importing 'GUID: 3cbcca253d823fe4fb30ede9775f1bfe - Path: Assets/Art/Prefabs/Spectre.prefab' with importer (PrefabImporter)
Imported 'GUID: 3cbcca253d823fe4fb30ede9775f1bfe' -> (Import Result ID: 'ad9b99d5f36e65cf03f7e7744921909a') in 0.006 seconds [static dependencies only]. Details - ImportResultOutputID=52a221d927fce565269372d74c339776 DependenciesID=0601d6d55854a5405acfa02f61650b2c StaticDependenciesID=b3ba061915748114b8a3276a5788edee 
Asset Pipeline Refresh (id=7d0efbe7b0fbdb94b93604ef382e231c): Total: 0.020 seconds - Initiated by StopAssetImportingV2(NoUpdateAssetOptions)
Importing 'GUID: 904c7b30cca593349aaf0f7c221a8463 - Path: Assets/Art/Prefabs/Atlas.prefab' with importer (PrefabImporter)
Imported 'GUID: 904c7b30cca593349aaf0f7c221a8463' -> (Import Result ID: '51ef992a49671364d7c38324e0df986f') in 0.003 seconds [static dependencies only]. Details - ImportResultOutputID=464665b259c3f1ea685004f393ff6fdc DependenciesID=5d77a689760e2a9bf9d01abb84ad410d StaticDependenciesID=2eccbfb1fd05736f61b2158503332c29 
Asset Pipeline Refresh (id=868556a1a1349cb43950b3eea39afb7f): Total: 0.012 seconds - Initiated by StopAssetImportingV2(NoUpdateAssetOptions)
Importing 'GUID: c3f14e05495786f4e9feccced0912c80 - Path: Assets/Art/Prefabs/Pip.prefab' with importer (PrefabImporter)
Imported 'GUID: c3f14e05495786f4e9feccced0912c80' -> (Import Result ID: '68dfb042b17358bdf9bf2fc2a2b81c1d') in 0.004 seconds [static dependencies only]. Details - ImportResultOutputID=f31b841412ccba838b031c5a3c89ab0c DependenciesID=22fb3e8ddc9a79e9985a88aca85364ad StaticDependenciesID=53f1fda6c082bb0a073b34be45377acb 
Asset Pipeline Refresh (id=fb15ae98457029c4696115c414b5f2f1): Total: 0.017 seconds - Initiated by StopAssetImportingV2(NoUpdateAssetOptions)
Importing 'GUID: 8e9f774680a58ac4d8299402370afb97 - Path: Assets/Art/Prefabs/Cinder.prefab' with importer (PrefabImporter)
Imported 'GUID: 8e9f774680a58ac4d8299402370afb97' -> (Import Result ID: '35fa4310da28dea35c44dd44c078fe25') in 0.006 seconds [static dependencies only]. Details - ImportResultOutputID=5c5508f522c0146ece4b92bc74a5f976 DependenciesID=82a501edac31dd968d14782a97a481e2 StaticDependenciesID=7efb50f6c230a005ebdea123fe5fe866 
Asset Pipeline Refresh (id=d8ba1c74c3aa03f49ac549fafe487d18): Total: 0.020 seconds - Initiated by StopAssetImportingV2(NoUpdateAssetOptions)
Importing 'GUID: 5c9f1657259311446971cc1553372015 - Path: Assets/Art/Prefabs/Relay.prefab' with importer (PrefabImporter)
Imported 'GUID: 5c9f1657259311446971cc1553372015' -> (Import Result ID: '3c316ec0f9683f610227d6e2a63c714a') in 0.003 seconds [static dependencies only]. Details - ImportResultOutputID=303e093115ff433b8b0320ab0a345c59 DependenciesID=88fe049d0b725b40adaa89889a24d051 StaticDependenciesID=81f6f4b957d5dc47672a27d87540fe30 
Asset Pipeline Refresh (id=1572a43f129b111469e8d4ebe4e88f3d): Total: 0.015 seconds - Initiated by StopAssetImportingV2(NoUpdateAssetOptions)
Importing 'GUID: 12a2ded63c62467478b03ca115784cf1 - Path: Assets/Art/Prefabs/Manta.prefab' with importer (PrefabImporter)
Imported 'GUID: 12a2ded63c62467478b03ca115784cf1' -> (Import Result ID: '03a4817d25849aa5b55f521e726150a5') in 0.004 seconds [static dependencies only]. Details - ImportResultOutputID=f989f8ed58cbe3e4bc2c5120f8776f8c DependenciesID=1a4c4bd4b20efb4202ab01d4268fc68c StaticDependenciesID=35da05f57685dbf2293c3663703b0026 
Asset Pipeline Refresh (id=67e9caa842203a542b5908379876ce96): Total: 0.016 seconds - Initiated by StopAssetImportingV2(NoUpdateAssetOptions)
Asset Pipeline Refresh (id=8a8c2757bfe92fe4a868cd68257a0efa): Total: 0.006 seconds - Initiated by StopAssetImportingV2(NoUpdateAssetOptions)
Asset Pipeline Refresh (id=63c0952045a271b49ba0015eff130af0): Total: 0.005 seconds - Initiated by StopAssetImportingV2(NoUpdateAssetOptions)
Asset Pipeline Refresh (id=7b0e44d3259e81c45aa891a0585e1889): Total: 0.007 seconds - Initiated by StopAssetImportingV2(NoUpdateAssetOptions)
Asset Pipeline Refresh (id=feefa68757f38c14ea26b19be0fa7d78): Total: 0.007 seconds - Initiated by StopAssetImportingV2(NoUpdateAssetOptions)
Asset Pipeline Refresh (id=6891ff476068c85439e276756d59844e): Total: 0.005 seconds - Initiated by StopAssetImportingV2(NoUpdateAssetOptions)
Asset Pipeline Refresh (id=bb1f958abad2c914f8c524ae6528a5c1): Total: 0.008 seconds - Initiated by StopAssetImportingV2(NoUpdateAssetOptions)
Worker ready: AssetImportWorkerHW0 0
Importing 'GUID: 3210a532bf8c6e0499b5dcb19e85700c - Path: Assets/Art/Materials/Carbon.mat' with importer (NativeFormatImporter)
Imported 'GUID: 3210a532bf8c6e0499b5dcb19e85700c' -> (Import Result ID: '347b4d8a708dae48d04f49a05191823c') in 0.002 seconds [static dependencies only]. Details - ImportResultOutputID=70fc73201b76e727deee4fcf697e43a1 DependenciesID=9cefb75fe9de3944053421053016d87b StaticDependenciesID=dcfbb4b65b8a19e391d63fdaf3aa6d61 
Importing 'GUID: 5270e292439e56342a16ba7fc6e6b793 - Path: Assets/Art/Materials/Wheel.mat' with importer (NativeFormatImporter)
Imported 'GUID: 5270e292439e56342a16ba7fc6e6b793' -> (Import Result ID: '07d6b28a77e95fd49a5a782e93af3df2') in 0.001 seconds [static dependencies only]. Details - ImportResultOutputID=ead234699332ad3c8a701fa845bcbd64 DependenciesID=b775c8e3821a882696602048b1b3f9fa StaticDependenciesID=227398515359dd36891ef4fa2cfaced5 
Importing 'GUID: 5299416738cd89341a3928a6e054e267 - Path: Assets/Art/Materials/Crystal.mat' with importer (NativeFormatImporter)
Imported 'GUID: 5299416738cd89341a3928a6e054e267' -> (Import Result ID: 'ab9fb8b1098127b1cd9b41452d4b4b57') in 0.001 seconds [static dependencies only]. Details - ImportResultOutputID=9bbacb24d3ddda528c142cfe849f2fde DependenciesID=e8e0541ea266837bdb1c7179808ef40d StaticDependenciesID=65493ef9afdbd45cd8ee62ed1b5b3293 
Importing 'GUID: d2c7dae4fc52ba040b04376c394da674 - Path: Assets/Art/Materials/Headlight.mat' with importer (NativeFormatImporter)
Imported 'GUID: d2c7dae4fc52ba040b04376c394da674' -> (Import Result ID: '94179b2454ce81f6f2c18176e511938d') in 0.000 seconds [static dependencies only]. Details - ImportResultOutputID=110f9813513045f9500795c7cf416bb3 DependenciesID=43f11629e0bf44e5a4edeb2ca35ad37f StaticDependenciesID=ab969d39ed44bf907c8ad5f251636185 
Importing 'GUID: a3e2c223fe698754385a51bdb38000a3 - Path: Assets/Art/Materials/Accent.mat' with importer (NativeFormatImporter)
Imported 'GUID: a3e2c223fe698754385a51bdb38000a3' -> (Import Result ID: 'f83be0995b337c6c1337067d0f26055e') in 0.000 seconds [static dependencies only]. Details - ImportResultOutputID=36322b4aace7aef27d1321fed568a902 DependenciesID=d142da65daae33dd157a291482b2c1d1 StaticDependenciesID=bf1c322c8fce1a4cee7f4fc8a9d1653f 
Importing 'GUID: c378dec87f39e8743a691918f874d02a - Path: Assets/Art/Materials/Glass.mat' with importer (NativeFormatImporter)
Imported 'GUID: c378dec87f39e8743a691918f874d02a' -> (Import Result ID: 'd9f1f3b56da5b11c8ec60b713f5adeb0') in 0.000 seconds [static dependencies only]. Details - ImportResultOutputID=c3386cbac47a6d0630502a9484edd29a DependenciesID=1437ab2c903d2f8c708b8387957c8458 StaticDependenciesID=cc417acd08b7bdb518ee2a2dedf86fc2 
Importing 'GUID: d593d6f6bec09994cb2da912cdf436ba - Path: Assets/Art/Materials/Taillight.mat' with importer (NativeFormatImporter)
Imported 'GUID: d593d6f6bec09994cb2da912cdf436ba' -> (Import Result ID: '3da3ee63f0ebce77da4b73a43f551d2f') in 0.000 seconds [static dependencies only]. Details - ImportResultOutputID=666872700a34693e0da898f6320f6bee DependenciesID=ba2675f587ac31929d062ca0197dc49b StaticDependenciesID=5b4c30434af8c8c0b4d25094391b9f9f 
Importing 'GUID: 99b2ae9c7e524b245b05a0a0cca1f491 - Path: Assets/Art/Materials/Leaves.mat' with importer (NativeFormatImporter)
Imported 'GUID: 99b2ae9c7e524b245b05a0a0cca1f491' -> (Import Result ID: 'b108a31030d2be7700e91fa994bb3ea9') in 0.000 seconds [static dependencies only]. Details - ImportResultOutputID=4466a7caf4ff07e2882ad8410c625857 DependenciesID=ad8b8c2102e0aea4b3c2ce93cf01f590 StaticDependenciesID=d3050785d3065f9b4291f70c0ecbdce1 
Importing 'GUID: da752324013719b4cb2544a356a15a95 - Path: Assets/Art/Materials/Paint.mat' with importer (NativeFormatImporter)
Imported 'GUID: da752324013719b4cb2544a356a15a95' -> (Import Result ID: '4d99111a04160950a0a7660f2320a929') in 0.000 seconds [static dependencies only]. Details - ImportResultOutputID=ae75b36e635a9e26062d3d2f3d445e50 DependenciesID=65c396beb44979710cf8667fea7f8a12 StaticDependenciesID=5857a72e5120cdb14e1f3b5e60415001 
Importing 'GUID: ea4d802c63f5b4743bba079c76d6aeb3 - Path: Assets/Art/Materials/Road.mat' with importer (NativeFormatImporter)
Imported 'GUID: ea4d802c63f5b4743bba079c76d6aeb3' -> (Import Result ID: '34fa55df61440a365315f62c759849cf') in 0.000 seconds [static dependencies only]. Details - ImportResultOutputID=8f7ea3fbfa805e98797f770e623e7ceb DependenciesID=5bb1d50de6d5cf815636c61bfe932718 StaticDependenciesID=5bd09aeadb85d379cae77f5851da3519 
Importing 'GUID: 0b70700282b485d4db575af78fb385a5 - Path: Assets/Art/Materials/Rock.mat' with importer (NativeFormatImporter)
Imported 'GUID: 0b70700282b485d4db575af78fb385a5' -> (Import Result ID: '7d4cfaa21d0d9fbae9925c60c34ccc05') in 0.000 seconds [static dependencies only]. Details - ImportResultOutputID=13047a7a76bebdbd8a2f5a2fbe2e7a8a DependenciesID=f5257ffcd16ea57112c3075be6e520e5 StaticDependenciesID=e4c13986da3e759a7bfabdde41bbd3e5 
Importing 'GUID: 5bc387e5c2453154a81c1b933c04ee92 - Path: Assets/Art/Materials/Bark.mat' with importer (NativeFormatImporter)
Imported 'GUID: 5bc387e5c2453154a81c1b933c04ee92' -> (Import Result ID: '6170f6c1fc930ad1a6e87b233b10d47a') in 0.000 seconds [static dependencies only]. Details - ImportResultOutputID=21d5fb3a437306ef191027a7a6ec13d1 DependenciesID=332c48c3d283ff702a3d5802e67980ad StaticDependenciesID=239f4930e843922e84305ec5ab3bf32c 
Importing 'GUID: eb7a44f0bf933d941920df17b459e4bc - Path: Assets/Art/Materials/Building.mat' with importer (NativeFormatImporter)
Imported 'GUID: eb7a44f0bf933d941920df17b459e4bc' -> (Import Result ID: '9aacd95fcb6a2979e4aa9889de851d66') in 0.000 seconds [static dependencies only]. Details - ImportResultOutputID=e38e410a6687ed43f5dc805ed062b9e8 DependenciesID=7028174c6ef4c7c9f7e085345dea1f93 StaticDependenciesID=d5b9e78fb4e0e619bab5a0d0797b3227 
Importing 'GUID: dc39300777bcc1a4a9526f631b493ae1 - Path: Assets/Art/Materials/Metal.mat' with importer (NativeFormatImporter)
Imported 'GUID: dc39300777bcc1a4a9526f631b493ae1' -> (Import Result ID: '763b00e5714ba4979d94904a7d2f8119') in 0.000 seconds [static dependencies only]. Details - ImportResultOutputID=ecab5ec3f6bb745b8f8995f9738162fd DependenciesID=7250b442d2a91181e93a6188cfd2815e StaticDependenciesID=b609027bf4d6c8111ff4934a0bac867a 
Importing 'GUID: fcb7c378a1639db4bbe0726d934d3805 - Path: Assets/Art/Materials/Tire.mat' with importer (NativeFormatImporter)
Imported 'GUID: fcb7c378a1639db4bbe0726d934d3805' -> (Import Result ID: 'bf0acc38886095ff55e5ed9bd4869ed7') in 0.000 seconds [static dependencies only]. Details - ImportResultOutputID=a8017550d1856c6583156082402ef5fe DependenciesID=e2f6ed5af4aa948126c3a5c5c9173ae2 StaticDependenciesID=587dacbc12bb9944eabaad2e7c3bd7a0 
Importing 'GUID: 003111bd85860e54b9228722c0d6484f - Path: Assets/Art/Meshes/Nomad_13.asset' with importer (NativeFormatImporter)
Main Object Name 'Nomad/combined/WheelRL/Accent' does not match filename 'Nomad_13'
UnityEngine.Debug:ExtractStackTraceNoAlloc (byte*,int,string)
UnityEngine.StackTraceUtility:ExtractStackTrace ()
BuildGame:BakeModels () (at Assets/Editor/BuildGame.cs:22)
BuildGame:Build () (at Assets/Editor/BuildGame.cs:25)

[Assets/Editor/BuildGame.cs line 22]

Imported 'GUID: 003111bd85860e54b9228722c0d6484f' -> (Import Result ID: 'a54ce418faf12a2b910ed2cab3dafd62') in 0.001 seconds [static dependencies only]. Details - ImportResultOutputID=54ac498ad15087992477e757290a25dd DependenciesID=8f5c89f135d7f02594c6c07c526b5b3e StaticDependenciesID=2f5fab93250f648ef5460e75318495ce 
Importing 'GUID: 00b7faafb5734e04da6305dd7f4ded0b - Path: Assets/Art/Meshes/Manta_1.asset' with importer (NativeFormatImporter)
Main Object Name 'Manta/combined/WheelRR/Metal' does not match filename 'Manta_1'
UnityEngine.Debug:ExtractStackTraceNoAlloc (byte*,int,string)
UnityEngine.StackTraceUtility:ExtractStackTrace ()
BuildGame:BakeModels () (at Assets/Editor/BuildGame.cs:22)
BuildGame:Build () (at Assets/Editor/BuildGame.cs:25)

[Assets/Editor/BuildGame.cs line 22]

Imported 'GUID: 00b7faafb5734e04da6305dd7f4ded0b' -> (Import Result ID: 'a438f5bc562843305bb1a58dfc0d8219') in 0.001 seconds [static dependencies only]. Details - ImportResultOutputID=bc1de1d94f07c4779c1be22493a9c98f DependenciesID=6d3cde3f41e07c8d2387a84126859a31 StaticDependenciesID=72d7d809e28d22c78aaa05847bbcfdae 
Importing 'GUID: 00caf5f3ce28bc04caf9baea5895d8e7 - Path: Assets/Art/Meshes/Vanta_26.asset' with importer (NativeFormatImporter)
Main Object Name 'Vanta/combined/WheelRR/Wheel' does not match filename 'Vanta_26'
UnityEngine.Debug:ExtractStackTraceNoAlloc (byte*,int,string)
UnityEngine.StackTraceUtility:ExtractStackTrace ()
BuildGame:BakeModels () (at Assets/Editor/BuildGame.cs:22)
BuildGame:Build () (at Assets/Editor/BuildGame.cs:25)

[Assets/Editor/BuildGame.cs line 22]

Imported 'GUID: 00caf5f3ce28bc04caf9baea5895d8e7' -> (Import Result ID: '1225e4c4967efc0a7917735934f680a9') in 0.001 seconds [static dependencies only]. Details - ImportResultOutputID=5d95545d27dbf56019b6ec400287d562 DependenciesID=e627897c9e43f25f26413d090361b6d2 StaticDependenciesID=e3ba24896c7e1dd657a8a8001dc99c5d 
Importing 'GUID: 1007e4da548dab94caf038b7a1449ea7 - Path: Assets/Art/Meshes/Comet_8.asset' with importer (NativeFormatImporter)
Main Object Name 'Comet/combined/WheelRL/Tire' does not match filename 'Comet_8'
UnityEngine.Debug:ExtractStackTraceNoAlloc (byte*,int,string)
UnityEngine.StackTraceUtility:ExtractStackTrace ()
BuildGame:BakeModels () (at Assets/Editor/BuildGame.cs:22)
BuildGame:Build () (at Assets/Editor/BuildGame.cs:25)

[Assets/Editor/BuildGame.cs line 22]

Imported 'GUID: 1007e4da548dab94caf038b7a1449ea7' -> (Import Result ID: '31573c078c502006cc248bb83b6f4fdc') in 0.001 seconds [static dependencies only]. Details - ImportResultOutputID=d21028800f08d155903e19ef66cb8268 DependenciesID=b037f15c3b87016c02d7fd62b51a64bb StaticDependenciesID=971df2fc1f5f2f355cabe25fd7987d83 
Importing 'GUID: 109aea476be97f146885c68f3676e98b - Path: Assets/Art/Meshes/RoadModule_0.asset' with importer (NativeFormatImporter)
Main Object Name 'RoadModule/combined/Body/Road' does not match filename 'RoadModule_0'
UnityEngine.Debug:ExtractStackTraceNoAlloc (byte*,int,string)
UnityEngine.StackTraceUtility:ExtractStackTrace ()
BuildGame:BakeModels () (at Assets/Editor/BuildGame.cs:22)
BuildGame:Build () (at Assets/Editor/BuildGame.cs:25)

[Assets/Editor/BuildGame.cs line 22]

Imported 'GUID: 109aea476be97f146885c68f3676e98b' -> (Import Result ID: '17202aee3199abc6338ddd8d92edcc3e') in 0.001 seconds [static dependencies only]. Details - ImportResultOutputID=9668aa4f0be9f535eab770d05128f1e4 DependenciesID=c97947ae61f1bf02412917ee9922b609 StaticDependenciesID=2094119ef53ab323c830f07327a04cdb 
Importing 'GUID: 60d186c5e822e424fb1697da8d635a78 - Path: Assets/Art/Meshes/Miso_19.asset' with importer (NativeFormatImporter)
Main Object Name 'Miso/combined/WheelRL/Tire' does not match filename 'Miso_19'
UnityEngine.Debug:ExtractStackTraceNoAlloc (byte*,int,string)
UnityEngine.StackTraceUtility:ExtractStackTrace ()
BuildGame:BakeModels () (at Assets/Editor/BuildGame.cs:22)
BuildGame:Build () (at Assets/Editor/BuildGame.cs:25)

[Assets/Editor/BuildGame.cs line 22]

Imported 'GUID: 60d186c5e822e424fb1697da8d635a78' -> (Import Result ID: '67d0fd23318cfb246f46d3fbd91f2ca9') in 0.001 seconds [static dependencies only]. Details - ImportResultOutputID=19fabe8ea23f730d221aadc9be62b297 DependenciesID=eec7aa64290c45ecaaf361181d271438 StaticDependenciesID=fd33058524daf30a9dc052e55269ea47 
Importing 'GUID: 6085f6396766680478eb6f1741cb4ced - Path: Assets/Art/Meshes/Pip_10.asset' with importer (NativeFormatImporter)
Main Object Name 'Pip/combined/WheelRR/Carbon' does not match filename 'Pip_10'
UnityEngine.Debug:ExtractStackTraceNoAlloc (byte*,int,string)
UnityEngine.StackTraceUtility:ExtractStackTrace ()
BuildGame:BakeModels () (at Assets/Editor/BuildGame.cs:22)
BuildGame:Build () (at Assets/Editor/BuildGame.cs:25)

[Assets/Editor/BuildGame.cs line 22]

Imported 'GUID: 6085f6396766680478eb6f1741cb4ced' -> (Import Result ID: 'aa62dfe8a18146d1a0c282ac73a467e2') in 0.001 seconds [static dependencies only]. Details - ImportResultOutputID=cd5ea2d0d62a3723482504c8828dfef0 DependenciesID=dad129778791e594080eb2d61627c7aa StaticDependenciesID=01529933a61ba207919f2e44252a95a5 
Importing 'GUID: 7095292a94cc08c40b382b0e6a08c699 - Path: Assets/Art/Meshes/Manta_26.asset' with importer (NativeFormatImporter)
Main Object Name 'Manta/combined/Body/Taillight' does not match filename 'Manta_26'
UnityEngine.Debug:ExtractStackTraceNoAlloc (byte*,int,string)
UnityEngine.StackTraceUtility:ExtractStackTrace ()
BuildGame:BakeModels () (at Assets/Editor/BuildGame.cs:22)
BuildGame:Build () (at Assets/Editor/BuildGame.cs:25)

[Assets/Editor/BuildGame.cs line 22]

Imported 'GUID: 7095292a94cc08c40b382b0e6a08c699' -> (Import Result ID: '83960ace024302174701d9efa07db98b') in 0.001 seconds [static dependencies only]. Details - ImportResultOutputID=cfd4a86797b140806da8c9c0216490d3 DependenciesID=e0c00be3873c8e011fd0c871ab91b65a StaticDependenciesID=7be8be2b4b5a84f499dcd6c6a7ffdca7 
Importing 'GUID: 709c865131ae0bf48a02202f6345a7cd - Path: Assets/Art/Meshes/Relay_4.asset' with importer (NativeFormatImporter)
Main Object Name 'Relay/combined/WheelFR/Wheel' does not match filename 'Relay_4'
UnityEngine.Debug:ExtractStackTraceNoAlloc (byte*,int,string)
UnityEngine.StackTraceUtility:ExtractStackTrace ()
BuildGame:BakeModels () (at Assets/Editor/BuildGame.cs:22)
BuildGame:Build () (at Assets/Editor/BuildGame.cs:25)

[Assets/Editor/BuildGame.cs line 22]

Imported 'GUID: 709c865131ae0bf48a02202f6345a7cd' -> (Import Result ID: '2f817bc719160d241ac01a9b403a0bc8') in 0.001 seconds [static dependencies only]. Details - ImportResultOutputID=4be9f100443035727a45bcfc50dc529d DependenciesID=2342c2146efe6ab15100a1c41cd4c189 StaticDependenciesID=43ce3ffe802b471d291d283c0cbb1fb4 
Importing 'GUID: 90a107e6f5ac67e41a4388353746efec - Path: Assets/Art/Meshes/Nomad_18.asset' with importer (NativeFormatImporter)
Main Object Name 'Nomad/combined/WheelRR/Carbon' does not match filename 'Nomad_18'
UnityEngine.Debug:ExtractStackTraceNoAlloc (byte*,int,string)
UnityEngine.StackTraceUtility:ExtractStackTrace ()
BuildGame:BakeModels () (at Assets/Editor/BuildGame.cs:22)
BuildGame:Build () (at Assets/Editor/BuildGame.cs:25)

[Assets/Editor/BuildGame.cs line 22]

Imported 'GUID: 90a107e6f5ac67e41a4388353746efec' -> (Import Result ID: 'd5c0e845fd4b4ba2f18d5a5a0ca69102') in 0.001 seconds [static dependencies only]. Details - ImportResultOutputID=4e6543d1f96b323c550425d665c79257 DependenciesID=87e3a824eef5b3d6f186a6f9b1ecf7f8 StaticDependenciesID=6edc92407a0b7e7847857299396d0e72 
Importing 'GUID: 906ee9d43b352e7438af38a0e2a516bd - Path: Assets/Art/Meshes/Cinder_19.asset' with importer (NativeFormatImporter)
Main Object Name 'Cinder/combined/WheelFL/Wheel' does not match filename 'Cinder_19'
UnityEngine.Debug:ExtractStackTraceNoAlloc (byte*,int,string)
UnityEngine.StackTraceUtility:ExtractStackTrace ()
BuildGame:BakeModels () (at Assets/Editor/BuildGame.cs:22)
BuildGame:Build () (at Assets/Editor/BuildGame.cs:25)

[Assets/Editor/BuildGame.cs line 22]

Imported 'GUID: 906ee9d43b352e7438af38a0e2a516bd' -> (Import Result ID: 'f3e3e18f1449c6b00e22d674e912f6b8') in 0.001 seconds [static dependencies only]. Details - ImportResultOutputID=256f553dbb1d57f73f132759e7cd5463 DependenciesID=ec3f3f8615e430a10787bf4147ec3128 StaticDependenciesID=e9216a73df660d32f41edc782bfe7f2c 
Importing 'GUID: a0125069bf736ab48849298d97a334c8 - Path: Assets/Art/Meshes/Atlas_18.asset' with importer (NativeFormatImporter)
Main Object Name 'Atlas/combined/WheelFL/Metal' does not match filename 'Atlas_18'
UnityEngine.Debug:ExtractStackTraceNoAlloc (byte*,int,string)
UnityEngine.StackTraceUtility:ExtractStackTrace ()
BuildGame:BakeModels () (at Assets/Editor/BuildGame.cs:22)
BuildGame:Build () (at Assets/Editor/BuildGame.cs:25)

[Assets/Editor/BuildGame.cs line 22]

Imported 'GUID: a0125069bf736ab48849298d97a334c8' -> (Import Result ID: '21643bc616914bf867da39a886947b9f') in 0.001 seconds [static dependencies only]. Details - ImportResultOutputID=d80b68de2614b1c4421ddfeb395a515e DependenciesID=a2a57ea240290839d3696c8d967f4e5b StaticDependenciesID=03511f073083e01c4401f205a665af9b 
Importing 'GUID: b04d7c9b49439eb4cb64e6008c2369e5 - Path: Assets/Art/Meshes/Relay_6.asset' with importer (NativeFormatImporter)
Main Object Name 'Relay/combined/WheelRR/Accent' does not match filename 'Relay_6'
UnityEngine.Debug:ExtractStackTraceNoAlloc (byte*,int,string)
UnityEngine.StackTraceUtility:ExtractStackTrace ()
BuildGame:BakeModels () (at Assets/Editor/BuildGame.cs:22)
BuildGame:Build () (at Assets/Editor/BuildGame.cs:25)

[Assets/Editor/BuildGame.cs line 22]

Imported 'GUID: b04d7c9b49439eb4cb64e6008c2369e5' -> (Import Result ID: 'e98c9d7e8442ef8d47cb4c5ae157be00') in 0.001 seconds [static dependencies only]. Details - ImportResultOutputID=729ebe0c9a107e5da76f048bf23dc38a DependenciesID=9ab758b1d35d19a4cedd6ebd0ce547a3 StaticDependenciesID=58892cf129aef6fbf27ef021a7c9fee6 
Importing 'GUID: d0b917ef1ad903e409203dacede18c84 - Path: Assets/Art/Meshes/Comet_28.asset' with importer (NativeFormatImporter)
Main Object Name 'Comet/combined/Body/Metal' does not match filename 'Comet_28'
UnityEngine.Debug:ExtractStackTraceNoAlloc (byte*,int,string)
UnityEngine.StackTraceUtility:ExtractStackTrace ()
BuildGame:BakeModels () (at Assets/Editor/BuildGame.cs:22)
BuildGame:Build () (at Assets/Editor/BuildGame.cs:25)

[Assets/Editor/BuildGame.cs line 22]

Imported 'GUID: d0b917ef1ad903e409203dacede18c84' -> (Import Result ID: '62b1511f424f37f2ecf7851cfb735994') in 0.001 seconds [static dependencies only]. Details - ImportResultOutputID=abf81a3a382cd0c155703695157dc318 DependenciesID=229cc5ac5cb2a2e5551d2eafc83454c3 StaticDependenciesID=72c5b5bed970fee079b447dbb26c3e9a 
Importing 'GUID: f0861f49ae797404c8dc48a80ef16979 - Path: Assets/Art/Meshes/Miso_0.asset' with importer (NativeFormatImporter)
Main Object Name 'Miso/combined/WheelRR/Carbon' does not match filename 'Miso_0'
UnityEngine.Debug:ExtractStackTraceNoAlloc (byte*,int,string)
UnityEngine.StackTraceUtility:ExtractStackTrace ()
BuildGame:BakeModels () (at Assets/Editor/BuildGame.cs:22)
BuildGame:Build () (at Assets/Editor/BuildGame.cs:25)

[Assets/Editor/BuildGame.cs line 22]

Imported 'GUID: f0861f49ae797404c8dc48a80ef16979' -> (Import Result ID: '1d7a508ecb6e26dbb103de78c0bc3b04') in 0.001 seconds [static dependencies only]. Details - ImportResultOutputID=80d144017c53ca09195d1c1c364ab8e2 DependenciesID=e01260f0e17930c93caf57d3cf7f33ab StaticDependenciesID=95cbfe66ac57d43f3279c70e07057f04 
Importing 'GUID: 11bb9efc6f0d10945934df1efe41dd4d - Path: Assets/Art/Meshes/Atlas_13.asset' with importer (NativeFormatImporter)
Main Object Name 'Atlas/combined/WheelFR/Wheel' does not match filename 'Atlas_13'
UnityEngine.Debug:ExtractStackTraceNoAlloc (byte*,int,string)
UnityEngine.StackTraceUtility:ExtractStackTrace ()
BuildGame:BakeModels () (at Assets/Editor/BuildGame.cs:22)
BuildGame:Build () (at Assets/Editor/BuildGame.cs:25)

[Assets/Editor/BuildGame.cs line 22]

Imported 'GUID: 11bb9efc6f0d10945934df1efe41dd4d' -> (Import Result ID: '3ee67cb8a17e2d3cef9fe94a96625a71') in 0.001 seconds [static dependencies only]. Details - ImportResultOutputID=5c301f5c4712f54130d2bea141036f76 DependenciesID=f178699f3bacf9d01fffee3d0865eefc StaticDependenciesID=8abc7390c4a056b94558af64aa579019 
Importing 'GUID: 211bac51e29c3cd4786506ae6841d6b4 - Path: Assets/Art/Meshes/Vanta_22.asset' with importer (NativeFormatImporter)
Main Object Name 'Vanta/combined/WheelRR/Carbon' does not match filename 'Vanta_22'
UnityEngine.Debug:ExtractStackTraceNoAlloc (byte*,int,string)
UnityEngine.StackTraceUtility:ExtractStackTrace ()
BuildGame:BakeModels () (at Assets/Editor/BuildGame.cs:22)
BuildGame:Build () (at Assets/Editor/BuildGame.cs:25)

[Assets/Editor/BuildGame.cs line 22]

Imported 'GUID: 211bac51e29c3cd4786506ae6841d6b4' -> (Import Result ID: '2122fd2f9b0578ac088c56ccbae42ecb') in 0.001 seconds [static dependencies only]. Details - ImportResultOutputID=9dddb519598688aff88948f603b8f928 DependenciesID=64a891c064943b67f8d359820be5e172 StaticDependenciesID=daccd257583b3a6cc75855b605e44867 
Importing 'GUID: 31929bf6a9efc45408252bd22489822b - Path: Assets/Art/Meshes/Nomad_25.asset' with importer (NativeFormatImporter)
Main Object Name 'Nomad/combined/Body/Glass' does not match filename 'Nomad_25'
UnityEngine.Debug:ExtractStackTraceNoAlloc (byte*,int,string)
UnityEngine.StackTraceUtility:ExtractStackTrace ()
BuildGame:BakeModels () (at Assets/Editor/BuildGame.cs:22)
BuildGame:Build () (at Assets/Editor/BuildGame.cs:25)

[Assets/Editor/BuildGame.cs line 22]

Imported 'GUID: 31929bf6a9efc45408252bd22489822b' -> (Import Result ID: '5e1de483ab481a73f1d08d1c774f10bc') in 0.001 seconds [static dependencies only]. Details - ImportResultOutputID=b929b01ef2b5df23a8ed89eaa561c183 DependenciesID=ee8d25f35e80bf3bbcd5e7680880f9f9 StaticDependenciesID=4758a00296dc868eebc8a2f2186312af 
Importing 'GUID: 415cb0b8a16ca434c82fc16302a3c056 - Path: Assets/Art/Meshes/Relay_15.asset' with importer (NativeFormatImporter)
Main Object Name 'Relay/combined/Body/Glass' does not match filename 'Relay_15'
UnityEngine.Debug:ExtractStackTraceNoAlloc (byte*,int,string)
UnityEngine.StackTraceUtility:ExtractStackTrace ()
BuildGame:BakeModels () (at Assets/Editor/BuildGame.cs:22)
BuildGame:Build () (at Assets/Editor/BuildGame.cs:25)

[Assets/Editor/BuildGame.cs line 22]

Imported 'GUID: 415cb0b8a16ca434c82fc16302a3c056' -> (Import Result ID: 'a6f0245a3b229b195083e0e657b2925d') in 0.001 seconds [static dependencies only]. Details - ImportResultOutputID=8d79be4ddb20206163c0ca246792dea2 DependenciesID=8ff06295a6a19a21f52cabadb684b57f StaticDependenciesID=377319d22b13ff730053a6ac9a4cb29e 
Importing 'GUID: 514bb7cd5260ff142970e02c45d95378 - Path: Assets/Art/Meshes/Spectre_13.asset' with importer (NativeFormatImporter)
Main Object Name 'Spectre/combined/WheelFR/Metal' does not match filename 'Spectre_13'
UnityEngine.Debug:ExtractStackTraceNoAlloc (byte*,int,string)
UnityEngine.StackTraceUtility:ExtractStackTrace ()
BuildGame:BakeModels () (at Assets/Editor/BuildGame.cs:22)
BuildGame:Build () (at Assets/Editor/BuildGame.cs:25)

[Assets/Editor/BuildGame.cs line 22]

Imported 'GUID: 514bb7cd5260ff142970e02c45d95378' -> (Import Result ID: '9c2ab80a999b2d4f3d2fe3ecab662269') in 0.001 seconds [static dependencies only]. Details - ImportResultOutputID=5a5847eb76c654177bdb31c52f533e15 DependenciesID=5e1b3aea02e6ac802c086d6f6397c58f StaticDependenciesID=b98de0ef7a703bbbbee9da0e80c1e393 
Importing 'GUID: 514b08afbbc4e2547899709db7f2b490 - Path: Assets/Art/Meshes/Pip_19.asset' with importer (NativeFormatImporter)
Main Object Name 'Pip/combined/WheelRL/Wheel' does not match filename 'Pip_19'
UnityEngine.Debug:ExtractStackTraceNoAlloc (byte*,int,string)
UnityEngine.StackTraceUtility:ExtractStackTrace ()
BuildGame:BakeModels () (at Assets/Editor/BuildGame.cs:22)
BuildGame:Build () (at Assets/Editor/BuildGame.cs:25)

[Assets/Editor/BuildGame.cs line 22]

Imported 'GUID: 514b08afbbc4e2547899709db7f2b490' -> (Import Result ID: 'ef2a4d2619b70733df46d18d5dae0113') in 0.001 seconds [static dependencies only]. Details - ImportResultOutputID=b93645de6bf9f2b34bb0f1742c550cd7 DependenciesID=4bc4e1a875f093ebd71cdbd1dcbac51e StaticDependenciesID=fe6052eed260f6ab06aa30d166e83285 
Importing 'GUID: 614105e800e74b04598e3b6d5110940d - Path: Assets/Art/Meshes/Vanta_4.asset' with importer (NativeFormatImporter)
Main Object Name 'Vanta/combined/Body/Metal' does not match filename 'Vanta_4'
UnityEngine.Debug:ExtractStackTraceNoAlloc (byte*,int,string)
UnityEngine.StackTraceUtility:ExtractStackTrace ()
BuildGame:BakeModels () (at Assets/Editor/BuildGame.cs:22)
BuildGame:Build () (at Assets/Editor/BuildGame.cs:25)

[Assets/Editor/BuildGame.cs line 22]

Imported 'GUID: 614105e800e74b04598e3b6d5110940d' -> (Import Result ID: '6b987d32c301b9b8f5461664dd39aae1') in 0.001 seconds [static dependencies only]. Details - ImportResultOutputID=16b82a8bb8f75b887172e79abf163dff DependenciesID=86a9702209bd963a9b7a20d02203c3a3 StaticDependenciesID=b502299305b0c357b259e5f794002b39 
Importing 'GUID: 71fb9637d041cfa4e887a2528bf3014b - Path: Assets/Art/Meshes/Miso_20.asset' with importer (NativeFormatImporter)
Main Object Name 'Miso/combined/WheelRL/Wheel' does not match filename 'Miso_20'
UnityEngine.Debug:ExtractStackTraceNoAlloc (byte*,int,string)
UnityEngine.StackTraceUtility:ExtractStackTrace ()
BuildGame:BakeModels () (at Assets/Editor/BuildGame.cs:22)
BuildGame:Build () (at Assets/Editor/BuildGame.cs:25)

[Assets/Editor/BuildGame.cs line 22]

Imported 'GUID: 71fb9637d041cfa4e887a2528bf3014b' -> (Import Result ID: 'b789fcd9455bf3bd6c6883076855445f') in 0.000 seconds [static dependencies only]. Details - ImportResultOutputID=f66e2f9b5df4372bf1c5acd6702b35f9 DependenciesID=24c7e282da06b3938fafc3a9758c0386 StaticDependenciesID=cccba61688ecda360d6920c6dca12bc3 
Importing 'GUID: 91c6b4d571b698f48b5ac400af99f91e - Path: Assets/Art/Meshes/Spectre_24.asset' with importer (NativeFormatImporter)
Main Object Name 'Spectre/combined/Body/Accent' does not match filename 'Spectre_24'
UnityEngine.Debug:ExtractStackTraceNoAlloc (byte*,int,string)
UnityEngine.StackTraceUtility:ExtractStackTrace ()
BuildGame:BakeModels () (at Assets/Editor/BuildGame.cs:22)
BuildGame:Build () (at Assets/Editor/BuildGame.cs:25)

[Assets/Editor/BuildGame.cs line 22]

Imported 'GUID: 91c6b4d571b698f48b5ac400af99f91e' -> (Import Result ID: 'f97570b0751521bbb8347aa2b731481b') in 0.001 seconds [static dependencies only]. Details - ImportResultOutputID=9570d79fe49779ee9026b5202c12430c DependenciesID=26a60b0f2d52b0c69780c6a74f25d316 StaticDependenciesID=e72a6a37d53940f0beec3b8389f9af6d 
Importing 'GUID: a1e6a8f207847d24d805eb68bdf3f668 - Path: Assets/Art/Meshes/Atlas_23.asset' with importer (NativeFormatImporter)
Main Object Name 'Atlas/combined/Body/Paint' does not match filename 'Atlas_23'
UnityEngine.Debug:ExtractStackTraceNoAlloc (byte*,int,string)
UnityEngine.StackTraceUtility:ExtractStackTrace ()
BuildGame:BakeModels () (at Assets/Editor/BuildGame.cs:22)
BuildGame:Build () (at Assets/Editor/BuildGame.cs:25)

[Assets/Editor/BuildGame.cs line 22]

Imported 'GUID: a1e6a8f207847d24d805eb68bdf3f668' -> (Import Result ID: 'cd52ef60cd211019ac91aa3558d3a445') in 0.001 seconds [static dependencies only]. Details - ImportResultOutputID=e85c08b3fd42a887497a1eafce978d2f DependenciesID=541fba0e3b916f81406181875b986b0a StaticDependenciesID=42e7250eaa70e6768f7c8f79085ceecc 
Importing 'GUID: c10281647ccb0564ca4842e01d19c9fa - Path: Assets/Art/Meshes/Comet_7.asset' with importer (NativeFormatImporter)
Main Object Name 'Comet/combined/WheelRL/Metal' does not match filename 'Comet_7'
UnityEngine.Debug:ExtractStackTraceNoAlloc (byte*,int,string)
UnityEngine.StackTraceUtility:ExtractStackTrace ()
BuildGame:BakeModels () (at Assets/Editor/BuildGame.cs:22)
BuildGame:Build () (at Assets/Editor/BuildGame.cs:25)

[Assets/Editor/BuildGame.cs line 22]

Imported 'GUID: c10281647ccb0564ca4842e01d19c9fa' -> (Import Result ID: '78d3f7bbf19834214ec9df94a5893bbc') in 0.001 seconds [static dependencies only]. Details - ImportResultOutputID=4aedbf3c0b5aef23fbf11ca812e06023 DependenciesID=2857b499e54360f09f55b0f5edea8471 StaticDependenciesID=963d3496f037fef9c41dba152a95c4a7 
Importing 'GUID: 02d9ee6f9c8219f4aaed105e288fd69d - Path: Assets/Art/Meshes/Atlas_24.asset' with importer (NativeFormatImporter)
Main Object Name 'Atlas/combined/Body/Taillight' does not match filename 'Atlas_24'
UnityEngine.Debug:ExtractStackTraceNoAlloc (byte*,int,string)
UnityEngine.StackTraceUtility:ExtractStackTrace ()
BuildGame:BakeModels () (at Assets/Editor/BuildGame.cs:22)
BuildGame:Build () (at Assets/Editor/BuildGame.cs:25)

[Assets/Editor/BuildGame.cs line 22]

Imported 'GUID: 02d9ee6f9c8219f4aaed105e288fd69d' -> (Import Result ID: '5fc8e883454801e0524e616683637f31') in 0.001 seconds [static dependencies only]. Details - ImportResultOutputID=033974670a149bbd33548cf1f17442cf DependenciesID=3a9ddffe2bf49549396059ee7bf155c2 StaticDependenciesID=dce8029799a520c9d65743f97d984311 
Importing 'GUID: 027daa5765249564691ce0f43dfbe8d3 - Path: Assets/Art/Meshes/Atlas_22.asset' with importer (NativeFormatImporter)
Main Object Name 'Atlas/combined/Body/Metal' does not match filename 'Atlas_22'
UnityEngine.Debug:ExtractStackTraceNoAlloc (byte*,int,string)
UnityEngine.StackTraceUtility:ExtractStackTrace ()
BuildGame:BakeModels () (at Assets/Editor/BuildGame.cs:22)
BuildGame:Build () (at Assets/Editor/BuildGame.cs:25)

[Assets/Editor/BuildGame.cs line 22]

Imported 'GUID: 027daa5765249564691ce0f43dfbe8d3' -> (Import Result ID: '42176c8a0bae5d47c1c6958b93d5b2e4') in 0.001 seconds [static dependencies only]. Details - ImportResultOutputID=5244ffaa960eb134d190fc56ada4adbd DependenciesID=d09e73610794bb22a09374816f9fffcc StaticDependenciesID=5b83422655b4bf2d53ecba4a73e29193 
Importing 'GUID: 22d106019160a824484d2778d5f17601 - Path: Assets/Art/Meshes/Comet_6.asset' with importer (NativeFormatImporter)
Main Object Name 'Comet/combined/WheelRL/Carbon' does not match filename 'Comet_6'
UnityEngine.Debug:ExtractStackTraceNoAlloc (byte*,int,string)
UnityEngine.StackTraceUtility:ExtractStackTrace ()
BuildGame:BakeModels () (at Assets/Editor/BuildGame.cs:22)
BuildGame:Build () (at Assets/Editor/BuildGame.cs:25)

[Assets/Editor/BuildGame.cs line 22]

Imported 'GUID: 22d106019160a824484d2778d5f17601' -> (Import Result ID: '9d9149b8f3c5f1b4a2629b9ced7a587c') in 0.001 seconds [static dependencies only]. Details - ImportResultOutputID=92c78f6f628d1364fdc44510b7ebbe8a DependenciesID=4adf409deeef38f1e45f58a564b62758 StaticDependenciesID=44517b0cfe441286ac1a17ce8f0a96ee 
Importing 'GUID: 32e0f014dd17da640b06a9d235183574 - Path: Assets/Art/Meshes/Manta_8.asset' with importer (NativeFormatImporter)
Main Object Name 'Manta/combined/WheelFL/Tire' does not match filename 'Manta_8'
UnityEngine.Debug:ExtractStackTraceNoAlloc (byte*,int,string)
UnityEngine.StackTraceUtility:ExtractStackTrace ()
BuildGame:BakeModels () (at Assets/Editor/BuildGame.cs:22)
BuildGame:Build () (at Assets/Editor/BuildGame.cs:25)

[Assets/Editor/BuildGame.cs line 22]

Imported 'GUID: 32e0f014dd17da640b06a9d235183574' -> (Import Result ID: 'c9fd7a7f49ec8f18b37ac5077b9ebc18') in 0.001 seconds [static dependencies only]. Details - ImportResultOutputID=fa16ac42942a901af64adce5381c056b DependenciesID=d2f437896a8c000dc070b1bf4290a702 StaticDependenciesID=91d0f9a6a424c90cfdf40cfd4704d0f8 
Importing 'GUID: 42709026b3845304eb21ead9780f586f - Path: Assets/Art/Meshes/Cinder_9.asset' with importer (NativeFormatImporter)
Main Object Name 'Cinder/combined/WheelFR/Tire' does not match filename 'Cinder_9'
UnityEngine.Debug:ExtractStackTraceNoAlloc (byte*,int,string)
UnityEngine.StackTraceUtility:ExtractStackTrace ()
BuildGame:BakeModels () (at Assets/Editor/BuildGame.cs:22)
BuildGame:Build () (at Assets/Editor/BuildGame.cs:25)

[Assets/Editor/BuildGame.cs line 22]

Imported 'GUID: 42709026b3845304eb21ead9780f586f' -> (Import Result ID: '8a9b0aebb9e9de379bb5c18d3781f807') in 0.001 seconds [static dependencies only]. Details - ImportResultOutputID=dde74168211227a4a057772691dbae7f DependenciesID=c2cdbe7f32c017540559291dce8bb50b StaticDependenciesID=d07c916e0c821f5e6af828bf4823e568 
Importing 'GUID: 4282ac7bbf3bbd640ba42ca85da42d09 - Path: Assets/Art/Meshes/Nomad_2.asset' with importer (NativeFormatImporter)
Main Object Name 'Nomad/combined/WheelFL/Accent' does not match filename 'Nomad_2'
UnityEngine.Debug:ExtractStackTraceNoAlloc (byte*,int,string)
UnityEngine.StackTraceUtility:ExtractStackTrace ()
BuildGame:BakeModels () (at Assets/Editor/BuildGame.cs:22)
BuildGame:Build () (at Assets/Editor/BuildGame.cs:25)

[Assets/Editor/BuildGame.cs line 22]

Imported 'GUID: 4282ac7bbf3bbd640ba42ca85da42d09' -> (Import Result ID: '1282011e5a1a68ad437bcd5d25590088') in 0.001 seconds [static dependencies only]. Details - ImportResultOutputID=5d471fae1f27bb30a2d79f631d0d5924 DependenciesID=8e9c635a55df2b6da9051439d88b05f0 StaticDependenciesID=c972c90b550ef9d9901689ff3a413048 
Importing 'GUID: 427e50358f8e1564da80d08060556f8a - Path: Assets/Art/Meshes/Nomad_19.asset' with importer (NativeFormatImporter)
Main Object Name 'Nomad/combined/WheelRR/Accent' does not match filename 'Nomad_19'
UnityEngine.Debug:ExtractStackTraceNoAlloc (byte*,int,string)
UnityEngine.StackTraceUtility:ExtractStackTrace ()
BuildGame:BakeModels () (at Assets/Editor/BuildGame.cs:22)
BuildGame:Build () (at Assets/Editor/BuildGame.cs:25)

[Assets/Editor/BuildGame.cs line 22]

Imported 'GUID: 427e50358f8e1564da80d08060556f8a' -> (Import Result ID: '87c103ed6a7d7a410f4d3c2a53e1a17c') in 0.001 seconds [static dependencies only]. Details - ImportResultOutputID=680bb38ba929395bf4014aa961538007 DependenciesID=74c94348edf8aa11083d5c47219b9ec0 StaticDependenciesID=72246d1b4082c9ba3a60af6868a7be4b 
Importing 'GUID: 529729f49105838478b6ae23ace498d9 - Path: Assets/Art/Meshes/Spectre_25.asset' with importer (NativeFormatImporter)
Main Object Name 'Spectre/combined/Body/Metal' does not match filename 'Spectre_25'
UnityEngine.Debug:ExtractStackTraceNoAlloc (byte*,int,string)
UnityEngine.StackTraceUtility:ExtractStackTrace ()
BuildGame:BakeModels () (at Assets/Editor/BuildGame.cs:22)
BuildGame:Build () (at Assets/Editor/BuildGame.cs:25)

[Assets/Editor/BuildGame.cs line 22]

Imported 'GUID: 529729f49105838478b6ae23ace498d9' -> (Import Result ID: '8f3627a610b7454369d8a59fe46d3149') in 0.001 seconds [static dependencies only]. Details - ImportResultOutputID=626a1a0cbed0e8d3fa1fe9c7c243762f DependenciesID=f471f054d1bcd7a4c885b77332c55b58 StaticDependenciesID=44f278873cdaba74578de55d2ec6f815 
Importing 'GUID: 52f85935e0a42204da5a1f6d57268050 - Path: Assets/Art/Meshes/Cinder_24.asset' with importer (NativeFormatImporter)
Main Object Name 'Cinder/combined/Body/Paint' does not match filename 'Cinder_24'
UnityEngine.Debug:ExtractStackTraceNoAlloc (byte*,int,string)
UnityEngine.StackTraceUtility:ExtractStackTrace ()
BuildGame:BakeModels () (at Assets/Editor/BuildGame.cs:22)
BuildGame:Build () (at Assets/Editor/BuildGame.cs:25)

[Assets/Editor/BuildGame.cs line 22]

Imported 'GUID: 52f85935e0a42204da5a1f6d57268050' -> (Import Result ID: 'a5f6b030ed81148eaed1dde1523f9fe7') in 0.001 seconds [static dependencies only]. Details - ImportResultOutputID=af9edee0b1e98cf493e665f01f118a75 DependenciesID=c3fdd660c0923299ae5f467c0d5d3e36 StaticDependenciesID=2a326fd1dfffdfa456d3e74b2091a6b7 
Importing 'GUID: 62526a2affa97bd4b8f4f213ca9475b6 - Path: Assets/Art/Meshes/Vanta_29.asset' with importer (NativeFormatImporter)
Main Object Name 'Vanta/combined/Body/Glass' does not match filename 'Vanta_29'
UnityEngine.Debug:ExtractStackTraceNoAlloc (byte*,int,string)
UnityEngine.StackTraceUtility:ExtractStackTrace ()
BuildGame:BakeModels () (at Assets/Editor/BuildGame.cs:22)
BuildGame:Build () (at Assets/Editor/BuildGame.cs:25)

[Assets/Editor/BuildGame.cs line 22]

Imported 'GUID: 62526a2affa97bd4b8f4f213ca9475b6' -> (Import Result ID: '0c5d1d0c1ffb7843b9e00f755cf50a6c') in 0.000 seconds [static dependencies only]. Details - ImportResultOutputID=a8e3ebac62c242aecc31405233283c22 DependenciesID=6384b9f9e328f9597bcf9573c5a2e930 StaticDependenciesID=74d614478b9a3173d1e8c53094c0ed2d 
Importing 'GUID: 620302b3a6d665d438e6121a3cca6aed - Path: Assets/Art/Meshes/Pip_24.asset' with importer (NativeFormatImporter)
Main Object Name 'Pip/combined/Body/Carbon' does not match filename 'Pip_24'
UnityEngine.Debug:ExtractStackTraceNoAlloc (byte*,int,string)
UnityEngine.StackTraceUtility:ExtractStackTrace ()
BuildGame:BakeModels () (at Assets/Editor/BuildGame.cs:22)
BuildGame:Build () (at Assets/Editor/BuildGame.cs:25)

[Assets/Editor/BuildGame.cs line 22]

Imported 'GUID: 620302b3a6d665d438e6121a3cca6aed' -> (Import Result ID: '5f20b7cec07b7d4f7e4718664ee9a502') in 0.001 seconds [static dependencies only]. Details - ImportResultOutputID=ac55d5dd21f5b8532a78fc0379e8f7ca DependenciesID=2e05ef96e4519141aea135e43ab725ae StaticDependenciesID=66dd4563dc5ba7bc13c0aafdbb20d7c3 
Importing 'GUID: 8263cf1285923ed4baecc8f7514f4d06 - Path: Assets/Art/Meshes/Pip_0.asset' with importer (NativeFormatImporter)
Main Object Name 'Pip/combined/WheelFL/Accent' does not match filename 'Pip_0'
UnityEngine.Debug:ExtractStackTraceNoAlloc (byte*,int,string)
UnityEngine.StackTraceUtility:ExtractStackTrace ()
BuildGame:BakeModels () (at Assets/Editor/BuildGame.cs:22)
BuildGame:Build () (at Assets/Editor/BuildGame.cs:25)

[Assets/Editor/BuildGame.cs line 22]

Imported 'GUID: 8263cf1285923ed4baecc8f7514f4d06' -> (Import Result ID: '17c41eb64510da41d8f22a73da0b5fe2') in 0.001 seconds [static dependencies only]. Details - ImportResultOutputID=7cceaf2e9ffd01330566e09161f75d12 DependenciesID=2c45bea58e00c4ea10731e725e86e99c StaticDependenciesID=83ddcd0745fda7e64105e1519fcca86c 
Importing 'GUID: a2a3f97ee8a27f7439167a45e113d3a3 - Path: Assets/Art/Meshes/Relay_21.asset' with importer (NativeFormatImporter)
Main Object Name 'Relay/combined/Body/Accent' does not match filename 'Relay_21'
UnityEngine.Debug:ExtractStackTraceNoAlloc (byte*,int,string)
UnityEngine.StackTraceUtility:ExtractStackTrace ()
BuildGame:BakeModels () (at Assets/Editor/BuildGame.cs:22)
BuildGame:Build () (at Assets/Editor/BuildGame.cs:25)

[Assets/Editor/BuildGame.cs line 22]

Imported 'GUID: a2a3f97ee8a27f7439167a45e113d3a3' -> (Import Result ID: '864507b139116643e18dc66027648455') in 0.001 seconds [static dependencies only]. Details - ImportResultOutputID=fbf57b583332c0bc948f3b24c9ad8a2e DependenciesID=0af72db320452f4799d908dc1e128f73 StaticDependenciesID=a16fed0ac13e4def5be9ff6aef55de66 
Importing 'GUID: b2fe24b07c8d7724fbddf7277fe817e7 - Path: Assets/Art/Meshes/Spectre_8.asset' with importer (NativeFormatImporter)
Main Object Name 'Spectre/combined/WheelFL/Accent' does not match filename 'Spectre_8'
UnityEngine.Debug:ExtractStackTraceNoAlloc (byte*,int,string)
UnityEngine.StackTraceUtility:ExtractStackTrace ()
BuildGame:BakeModels () (at Assets/Editor/BuildGame.cs:22)
BuildGame:Build () (at Assets/Editor/BuildGame.cs:25)

[Assets/Editor/BuildGame.cs line 22]

Imported 'GUID: b2fe24b07c8d7724fbddf7277fe817e7' -> (Import Result ID: 'd59d0d869fd68e62d9cbe5a840f05422') in 0.001 seconds [static dependencies only]. Details - ImportResultOutputID=84d95e70897466e23d9dc6a46d93252e DependenciesID=9a5a114ae290a0b6f201d9ee46f7924a StaticDependenciesID=0a5f0397d5baa2b4abb9269178353b74 
Importing 'GUID: c2b922cabbdf4a24597b0e016675b033 - Path: Assets/Art/Meshes/Cinder_27.asset' with importer (NativeFormatImporter)
Main Object Name 'Cinder/combined/StockExhaust/Metal' does not match filename 'Cinder_27'
UnityEngine.Debug:ExtractStackTraceNoAlloc (byte*,int,string)
UnityEngine.StackTraceUtility:ExtractStackTrace ()
BuildGame:BakeModels () (at Assets/Editor/BuildGame.cs:22)
BuildGame:Build () (at Assets/Editor/BuildGame.cs:25)

[Assets/Editor/BuildGame.cs line 22]

Imported 'GUID: c2b922cabbdf4a24597b0e016675b033' -> (Import Result ID: '8bdb3c3e2da01dda9282541eb82cb0c0') in 0.001 seconds [static dependencies only]. Details - ImportResultOutputID=bfb72bed267b3bed004f1125fec10e65 DependenciesID=be455b44b7f3ef70cdce5d41f351f842 StaticDependenciesID=a12407ea2bc34fca40a9e5cf366e7cd6 
Importing 'GUID: c2bac41daaff52049a1696947336bcab - Path: Assets/Art/Meshes/Nomad_9.asset' with importer (NativeFormatImporter)
Main Object Name 'Nomad/combined/WheelFR/Wheel' does not match filename 'Nomad_9'
UnityEngine.Debug:ExtractStackTraceNoAlloc (byte*,int,string)
UnityEngine.StackTraceUtility:ExtractStackTrace ()
BuildGame:BakeModels () (at Assets/Editor/BuildGame.cs:22)
BuildGame:Build () (at Assets/Editor/BuildGame.cs:25)

[Assets/Editor/BuildGame.cs line 22]

Imported 'GUID: c2bac41daaff52049a1696947336bcab' -> (Import Result ID: '228740f1ba63412b95954f31f35e7ca4') in 0.001 seconds [static dependencies only]. Details - ImportResultOutputID=eb87bc2578ccc5d4443a19476aaa2991 DependenciesID=0f636f344dc91b88b7f8ae880dead8c4 StaticDependenciesID=b0b08317779690f92d7d489a1885e09c 
Importing 'GUID: d20d2b1be8eb4ab48930cb3c580a9b1f - Path: Assets/Art/Meshes/Cinder_7.asset' with importer (NativeFormatImporter)
Main Object Name 'Cinder/combined/WheelFR/Accent' does not match filename 'Cinder_7'
UnityEngine.Debug:ExtractStackTraceNoAlloc (byte*,int,string)
UnityEngine.StackTraceUtility:ExtractStackTrace ()
BuildGame:BakeModels () (at Assets/Editor/BuildGame.cs:22)
BuildGame:Build () (at Assets/Editor/BuildGame.cs:25)

[Assets/Editor/BuildGame.cs line 22]

Imported 'GUID: d20d2b1be8eb4ab48930cb3c580a9b1f' -> (Import Result ID: 'bc70a26fa01585949bc1c7b8f2dd9f76') in 0.001 seconds [static dependencies only]. Details - ImportResultOutputID=96ab9976e1af52c62778b42f51d008cd DependenciesID=0de3ac7d035aec7f3acd1d56b2c8a0c6 StaticDependenciesID=051f171333030e2c31500102f20b2b99 
Importing 'GUID: 0326c21164e109d46b8d379ec23c7bee - Path: Assets/Art/Meshes/Comet_19.asset' with importer (NativeFormatImporter)
Main Object Name 'Comet/combined/WheelFR/Wheel' does not match filename 'Comet_19'
UnityEngine.Debug:ExtractStackTraceNoAlloc (byte*,int,string)
UnityEngine.StackTraceUtility:ExtractStackTrace ()
BuildGame:BakeModels () (at Assets/Editor/BuildGame.cs:22)
BuildGame:Build () (at Assets/Editor/BuildGame.cs:25)

[Assets/Editor/BuildGame.cs line 22]

Imported 'GUID: 0326c21164e109d46b8d379ec23c7bee' -> (Import Result ID: '6c0f1123849118129ddabc281712915c') in 0.001 seconds [static dependencies only]. Details - ImportResultOutputID=2c29003605a751edbe17702fcc5f08c8 DependenciesID=c31c60cf113825834fa3c34adc5bca26 StaticDependenciesID=7606a599ef6b22110f6ab293d809227a 
Importing 'GUID: 039d0ada7d3c7e441a4e79b10921a796 - Path: Assets/Art/Meshes/Pip_3.asset' with importer (NativeFormatImporter)
Main Object Name 'Pip/combined/WheelFL/Tire' does not match filename 'Pip_3'
UnityEngine.Debug:ExtractStackTraceNoAlloc (byte*,int,string)
UnityEngine.StackTraceUtility:ExtractStackTrace ()
BuildGame:BakeModels () (at Assets/Editor/BuildGame.cs:22)
BuildGame:Build () (at Assets/Editor/BuildGame.cs:25)

[Assets/Editor/BuildGame.cs line 22]

Imported 'GUID: 039d0ada7d3c7e441a4e79b10921a796' -> (Import Result ID: 'b5ecef91e3e7d78db5c1c8556ea85be2') in 0.001 seconds [static dependencies only]. Details - ImportResultOutputID=02c780a2e48132aaf6a8d835b9146b63 DependenciesID=1ceb4f44e3904e76bd690c22b882cb36 StaticDependenciesID=a0e50c36e4e2f98035a063b7c977334c 
Importing 'GUID: 1311b9a22d9d947469e86cc1a6f1a7a7 - Path: Assets/Art/Meshes/Miso_9.asset' with importer (NativeFormatImporter)
Main Object Name 'Miso/combined/WheelFR/Tire' does not match filename 'Miso_9'
UnityEngine.Debug:ExtractStackTraceNoAlloc (byte*,int,string)
UnityEngine.StackTraceUtility:ExtractStackTrace ()
BuildGame:BakeModels () (at Assets/Editor/BuildGame.cs:22)
BuildGame:Build () (at Assets/Editor/BuildGame.cs:25)

[Assets/Editor/BuildGame.cs line 22]

Imported 'GUID: 1311b9a22d9d947469e86cc1a6f1a7a7' -> (Import Result ID: '88d1cf93ee86984c9b7a4cd3c81904a3') in 0.001 seconds [static dependencies only]. Details - ImportResultOutputID=f18877ae3b8d3fde2508299c9fe97b0f DependenciesID=c0bbb976eda76f38fd7339563c0b4e2b StaticDependenciesID=c8010f213ee4717f5d112380d9bd17c5 
Importing 'GUID: 3362f9d599b97414aadaec0bd226a1b1 - Path: Assets/Art/Meshes/CrystalCluster_0.asset' with importer (NativeFormatImporter)
Main Object Name 'CrystalCluster/combined/Body/Crystal' does not match filename 'CrystalCluster_0'
UnityEngine.Debug:ExtractStackTraceNoAlloc (byte*,int,string)
UnityEngine.StackTraceUtility:ExtractStackTrace ()
BuildGame:BakeModels () (at Assets/Editor/BuildGame.cs:22)
BuildGame:Build () (at Assets/Editor/BuildGame.cs:25)

[Assets/Editor/BuildGame.cs line 22]

Imported 'GUID: 3362f9d599b97414aadaec0bd226a1b1' -> (Import Result ID: '379ed4f3f1fd819d026ad784b3014506') in 0.001 seconds [static dependencies only]. Details - ImportResultOutputID=523a9664898882dbfba84b3b6415b6c0 DependenciesID=d4e1630108076137bc02d71470c71d1d StaticDependenciesID=50bfa4206143afb8d66049ad0df7bf53 
Importing 'GUID: 5344220730b97514eab3cde01e46f607 - Path: Assets/Art/Meshes/Cinder_26.asset' with importer (NativeFormatImporter)
Main Object Name 'Cinder/combined/Body/Headlight' does not match filename 'Cinder_26'
UnityEngine.Debug:ExtractStackTraceNoAlloc (byte*,int,string)
UnityEngine.StackTraceUtility:ExtractStackTrace ()
BuildGame:BakeModels () (at Assets/Editor/BuildGame.cs:22)
BuildGame:Build () (at Assets/Editor/BuildGame.cs:25)

[Assets/Editor/BuildGame.cs line 22]

Imported 'GUID: 5344220730b97514eab3cde01e46f607' -> (Import Result ID: '0a1ee9f1c72491333341d595f8f74c2a') in 0.001 seconds [static dependencies only]. Details - ImportResultOutputID=4807c3f34d4bf98504d4eeaa28024f92 DependenciesID=b08ec7e143ed92b60ad6a9e60efa04db StaticDependenciesID=77dcacc83f6fe19d1cb52c25cf5d6368 
Importing 'GUID: 53feafebe061e6f4a9386ed5868fbd1b - Path: Assets/Art/Meshes/Relay_2.asset' with importer (NativeFormatImporter)
Main Object Name 'Relay/combined/WheelFR/Accent' does not match filename 'Relay_2'
UnityEngine.Debug:ExtractStackTraceNoAlloc (byte*,int,string)
UnityEngine.StackTraceUtility:ExtractStackTrace ()
BuildGame:BakeModels () (at Assets/Editor/BuildGame.cs:22)
BuildGame:Build () (at Assets/Editor/BuildGame.cs:25)

[Assets/Editor/BuildGame.cs line 22]

Imported 'GUID: 53feafebe061e6f4a9386ed5868fbd1b' -> (Import Result ID: '97771b29ea88d722c04203a237f35eb3') in 0.001 seconds [static dependencies only]. Details - ImportResultOutputID=546d49e2b837fadf51e4839e0357e010 DependenciesID=5a9f0db41cb82596447fd588331d0c63 StaticDependenciesID=6af9a865e8bbd9bf953258365c926302 
Importing 'GUID: 63678472f3737e1478dc183258bed9e4 - Path: Assets/Art/Meshes/Miso_13.asset' with importer (NativeFormatImporter)
Main Object Name 'Miso/combined/WheelFL/Metal' does not match filename 'Miso_13'
UnityEngine.Debug:ExtractStackTraceNoAlloc (byte*,int,string)
UnityEngine.StackTraceUtility:ExtractStackTrace ()
BuildGame:BakeModels () (at Assets/Editor/BuildGame.cs:22)
BuildGame:Build () (at Assets/Editor/BuildGame.cs:25)

[Assets/Editor/BuildGame.cs line 22]

Imported 'GUID: 63678472f3737e1478dc183258bed9e4' -> (Import Result ID: 'a870a436835bc025fbd6a282c1b54d76') in 0.001 seconds [static dependencies only]. Details - ImportResultOutputID=051f9b7ec6b92150970abcffeb2bfc7d DependenciesID=20b7cfd8ede37c7eae8e9301a0036af2 StaticDependenciesID=4333734684b9d7763bd1f1d4dba4905c 
Importing 'GUID: 63597ad072281494ca6da66b3a0d2202 - Path: Assets/Art/Meshes/Comet_20.asset' with importer (NativeFormatImporter)
Main Object Name 'Comet/combined/Body/Headlight' does not match filename 'Comet_20'
UnityEngine.Debug:ExtractStackTraceNoAlloc (byte*,int,string)
UnityEngine.StackTraceUtility:ExtractStackTrace ()
BuildGame:BakeModels () (at Assets/Editor/BuildGame.cs:22)
BuildGame:Build () (at Assets/Editor/BuildGame.cs:25)

[Assets/Editor/BuildGame.cs line 22]

Imported 'GUID: 63597ad072281494ca6da66b3a0d2202' -> (Import Result ID: 'bb361aeb500119bc3c9bd12aca0cd194') in 0.001 seconds [static dependencies only]. Details - ImportResultOutputID=2060aec351db4853171a626530554257 DependenciesID=cfe73f0858a3a0977b6d4addcd54eb06 StaticDependenciesID=cde7496b50e0c07bc55310b4b76df343 
Importing 'GUID: 630c4c68d8d32264a8ccab1920512c39 - Path: Assets/Art/Meshes/Miso_25.asset' with importer (NativeFormatImporter)
Main Object Name 'Miso/combined/Body/Carbon' does not match filename 'Miso_25'
UnityEngine.Debug:ExtractStackTraceNoAlloc (byte*,int,string)
UnityEngine.StackTraceUtility:ExtractStackTrace ()
BuildGame:BakeModels () (at Assets/Editor/BuildGame.cs:22)
BuildGame:Build () (at Assets/Editor/BuildGame.cs:25)

[Assets/Editor/BuildGame.cs line 22]

Imported 'GUID: 630c4c68d8d32264a8ccab1920512c39' -> (Import Result ID: '623ae8ff90f8ac30ebf077fa16aca529') in 0.001 seconds [static dependencies only]. Details - ImportResultOutputID=353381e42e1c89dd72efd15a0af019e5 DependenciesID=3cbca6b69c7b4c72b99fe28824df1864 StaticDependenciesID=777fbd48dfb48e519f28ddfee86e4d02 
Importing 'GUID: 739744e320f1bfc458661987d467f4c7 - Path: Assets/Art/Meshes/Miso_24.asset' with importer (NativeFormatImporter)
Main Object Name 'Miso/combined/Body/Paint' does not match filename 'Miso_24'
UnityEngine.Debug:ExtractStackTraceNoAlloc (byte*,int,string)
UnityEngine.StackTraceUtility:ExtractStackTrace ()
BuildGame:BakeModels () (at Assets/Editor/BuildGame.cs:22)
BuildGame:Build () (at Assets/Editor/BuildGame.cs:25)

[Assets/Editor/BuildGame.cs line 22]

Imported 'GUID: 739744e320f1bfc458661987d467f4c7' -> (Import Result ID: 'fa7272e9beaaa8b6c8e9c32b74b4b694') in 0.001 seconds [static dependencies only]. Details - ImportResultOutputID=3be347427c986ea1430061a6857e1533 DependenciesID=30a6c14bfb75adccefaeeeed337c4059 StaticDependenciesID=96f778b41695e2b798eea7fa6d0735c3 
Importing 'GUID: 9369d58acdf2a024abd91c486dccfa37 - Path: Assets/Art/Meshes/Comet_22.asset' with importer (NativeFormatImporter)
Main Object Name 'Comet/combined/Body/Paint' does not match filename 'Comet_22'
UnityEngine.Debug:ExtractStackTraceNoAlloc (byte*,int,string)
UnityEngine.StackTraceUtility:ExtractStackTrace ()
BuildGame:BakeModels () (at Assets/Editor/BuildGame.cs:22)
BuildGame:Build () (at Assets/Editor/BuildGame.cs:25)

[Assets/Editor/BuildGame.cs line 22]

Imported 'GUID: 9369d58acdf2a024abd91c486dccfa37' -> (Import Result ID: '3a267ef313ad4822f8d1c9812e40132a') in 0.001 seconds [static dependencies only]. Details - ImportResultOutputID=fe8eaef2b5715cbfe30f7294c1253a33 DependenciesID=cba39effbce728ac3bd50a3b7c55510a StaticDependenciesID=66da2bf39fcfd55f890d1b66ee6b283c 
Importing 'GUID: 936f96beb40948a42bff96f4bc2081c9 - Path: Assets/Art/Meshes/Spectre_14.asset' with importer (NativeFormatImporter)
Main Object Name 'Spectre/combined/WheelFR/Carbon' does not match filename 'Spectre_14'
UnityEngine.Debug:ExtractStackTraceNoAlloc (byte*,int,string)
UnityEngine.StackTraceUtility:ExtractStackTrace ()
BuildGame:BakeModels () (at Assets/Editor/BuildGame.cs:22)
BuildGame:Build () (at Assets/Editor/BuildGame.cs:25)

[Assets/Editor/BuildGame.cs line 22]

Imported 'GUID: 936f96beb40948a42bff96f4bc2081c9' -> (Import Result ID: 'df9bdb97fc1423c0b5ee2b970a75f511') in 0.001 seconds [static dependencies only]. Details - ImportResultOutputID=833b36f02d8306513b5329b45af72bd5 DependenciesID=dfa00d86f323861b40dda50e25ae53ad StaticDependenciesID=66cb8cdecb63cf71591c01a338bd5dc5 
Importing 'GUID: a391d75764824914f9cfa731c07f722d - Path: Assets/Art/Meshes/Cinder_6.asset' with importer (NativeFormatImporter)
Main Object Name 'Cinder/combined/WheelFR/Metal' does not match filename 'Cinder_6'
UnityEngine.Debug:ExtractStackTraceNoAlloc (byte*,int,string)
UnityEngine.StackTraceUtility:ExtractStackTrace ()
BuildGame:BakeModels () (at Assets/Editor/BuildGame.cs:22)
BuildGame:Build () (at Assets/Editor/BuildGame.cs:25)

[Assets/Editor/BuildGame.cs line 22]

Imported 'GUID: a391d75764824914f9cfa731c07f722d' -> (Import Result ID: '8449a58b79040bdbc175b90cd7c1ad72') in 0.001 seconds [static dependencies only]. Details - ImportResultOutputID=a67e07ace6c533901356f5670199d626 DependenciesID=f08e7223aa7117b7f3b3ede78b5a61c5 StaticDependenciesID=eb25d385b57408e2b83710f06936f215 
Importing 'GUID: a3a176ec8a02e994895d7c47920b03ef - Path: Assets/Art/Meshes/Cinder_21.asset' with importer (NativeFormatImporter)
Main Object Name 'Cinder/combined/Body/Metal' does not match filename 'Cinder_21'
UnityEngine.Debug:ExtractStackTraceNoAlloc (byte*,int,string)
UnityEngine.StackTraceUtility:ExtractStackTrace ()
BuildGame:BakeModels () (at Assets/Editor/BuildGame.cs:22)
BuildGame:Build () (at Assets/Editor/BuildGame.cs:25)

[Assets/Editor/BuildGame.cs line 22]

Imported 'GUID: a3a176ec8a02e994895d7c47920b03ef' -> (Import Result ID: 'f7059b4f52cfb9dd135432e48447e09d') in 0.001 seconds [static dependencies only]. Details - ImportResultOutputID=fba7eaef8a4725d79316e9a8a3c44619 DependenciesID=b926db7deefe740c74054c4c3d23801e StaticDependenciesID=15ec688ead6da515e096f005f1c22e7e 
Importing 'GUID: a3336146d7a7c3740846b84e226e7dc3 - Path: Assets/Art/Meshes/Cinder_4.asset' with importer (NativeFormatImporter)
Main Object Name 'Cinder/combined/WheelRR/Tire' does not match filename 'Cinder_4'
UnityEngine.Debug:ExtractStackTraceNoAlloc (byte*,int,string)
UnityEngine.StackTraceUtility:ExtractStackTrace ()
BuildGame:BakeModels () (at Assets/Editor/BuildGame.cs:22)
BuildGame:Build () (at Assets/Editor/BuildGame.cs:25)

[Assets/Editor/BuildGame.cs line 22]

Imported 'GUID: a3336146d7a7c3740846b84e226e7dc3' -> (Import Result ID: '57d0476b80f2300224202074e282f3c5') in 0.001 seconds [static dependencies only]. Details - ImportResultOutputID=044436c4f040018df3e7bed2df9660b5 DependenciesID=fc4810f2d684b153bac15a56a43977bd StaticDependenciesID=5653f6b2bde950b14cf24c200e8811e6 
Importing 'GUID: a3d898a6f12eca94aab2a8d32113ed3d - Path: Assets/Art/Meshes/Vanta_24.asset' with importer (NativeFormatImporter)
Main Object Name 'Vanta/combined/WheelRR/Accent' does not match filename 'Vanta_24'
UnityEngine.Debug:ExtractStackTraceNoAlloc (byte*,int,string)
UnityEngine.StackTraceUtility:ExtractStackTrace ()
BuildGame:BakeModels () (at Assets/Editor/BuildGame.cs:22)
BuildGame:Build () (at Assets/Editor/BuildGame.cs:25)

[Assets/Editor/BuildGame.cs line 22]

Imported 'GUID: a3d898a6f12eca94aab2a8d32113ed3d' -> (Import Result ID: '5857db4cc630bcc304bfc56601e3cff0') in 0.001 seconds [static dependencies only]. Details - ImportResultOutputID=52190123be7bfd9d14267b81beb9cb39 DependenciesID=b208f6de9b8dd251cbb26cc82b9e2b0b StaticDependenciesID=f66600d8d5f1ceaf899edd939a869535 
Importing 'GUID: a36b4539a6684f746a49f9ba4eb215fa - Path: Assets/Art/Meshes/Miso_26.asset' with importer (NativeFormatImporter)
Main Object Name 'Miso/combined/Body/Taillight' does not match filename 'Miso_26'
UnityEngine.Debug:ExtractStackTraceNoAlloc (byte*,int,string)
UnityEngine.StackTraceUtility:ExtractStackTrace ()
BuildGame:BakeModels () (at Assets/Editor/BuildGame.cs:22)
BuildGame:Build () (at Assets/Editor/BuildGame.cs:25)

[Assets/Editor/BuildGame.cs line 22]

Imported 'GUID: a36b4539a6684f746a49f9ba4eb215fa' -> (Import Result ID: '8b31f7dab7474ec5e316a9477b8911d3') in 0.001 seconds [static dependencies only]. Details - ImportResultOutputID=cf3818e9704a62ed872ff7e3c2ee92e2 DependenciesID=6b5fdfd9e5244fdfb8ec12dedb35650d StaticDependenciesID=c861099d1ff9fe3d092e70ef0ea691c5 
Importing 'GUID: a3de2f81bdc0f564f813bf185c417fc6 - Path: Assets/Art/Meshes/Vanta_17.asset' with importer (NativeFormatImporter)
Main Object Name 'Vanta/combined/WheelFR/Accent' does not match filename 'Vanta_17'
UnityEngine.Debug:ExtractStackTraceNoAlloc (byte*,int,string)
UnityEngine.StackTraceUtility:ExtractStackTrace ()
BuildGame:BakeModels () (at Assets/Editor/BuildGame.cs:22)
BuildGame:Build () (at Assets/Editor/BuildGame.cs:25)

[Assets/Editor/BuildGame.cs line 22]

Imported 'GUID: a3de2f81bdc0f564f813bf185c417fc6' -> (Import Result ID: '893e7fb3c3e6eb176b791693a1a7e195') in 0.001 seconds [static dependencies only]. Details - ImportResultOutputID=9ec3fbfcaaf96c0649a2630dc854b16e DependenciesID=611f938c4cc110833eb31e20022323f9 StaticDependenciesID=c1db03d2b89383891222ba0934c66726 
Importing 'GUID: b36fe9fc5d494fb4f83677cad2a0dda1 - Path: Assets/Art/Meshes/Comet_21.asset' with importer (NativeFormatImporter)
Main Object Name 'Comet/combined/Body/Accent' does not match filename 'Comet_21'
UnityEngine.Debug:ExtractStackTraceNoAlloc (byte*,int,string)
UnityEngine.StackTraceUtility:ExtractStackTrace ()
BuildGame:BakeModels () (at Assets/Editor/BuildGame.cs:22)
BuildGame:Build () (at Assets/Editor/BuildGame.cs:25)

[Assets/Editor/BuildGame.cs line 22]

Imported 'GUID: b36fe9fc5d494fb4f83677cad2a0dda1' -> (Import Result ID: 'f5c4560de1f1abcbaf235dc6c5dad4e3') in 0.000 seconds [static dependencies only]. Details - ImportResultOutputID=9ea80593e59fb6d678419cf7fd75f04d DependenciesID=15586f874acf00b539873ecdc988d467 StaticDependenciesID=6a8d30d8e9454dd5797928221b837e56 
Importing 'GUID: d399a22ca1e8dcd42832a567dcc4ac03 - Path: Assets/Art/Meshes/Miso_4.asset' with importer (NativeFormatImporter)
Main Object Name 'Miso/combined/WheelRR/Wheel' does not match filename 'Miso_4'
UnityEngine.Debug:ExtractStackTraceNoAlloc (byte*,int,string)
UnityEngine.StackTraceUtility:ExtractStackTrace ()
BuildGame:BakeModels () (at Assets/Editor/BuildGame.cs:22)
BuildGame:Build () (at Assets/Editor/BuildGame.cs:25)

[Assets/Editor/BuildGame.cs line 22]

Imported 'GUID: d399a22ca1e8dcd42832a567dcc4ac03' -> (Import Result ID: '246e48a93b6f87875883435042475de6') in 0.001 seconds [static dependencies only]. Details - ImportResultOutputID=dec5c470b46a078b8110aac028ba7b1b DependenciesID=1c29f1bf438cd4371cc35fd8200ba5df StaticDependenciesID=305f560d1ca2de0dccff7e52f731fec7 
Importing 'GUID: d3be163fd0082c741b68db76850ecc43 - Path: Assets/Art/Meshes/Atlas_19.asset' with importer (NativeFormatImporter)
Main Object Name 'Atlas/combined/WheelFL/Tire' does not match filename 'Atlas_19'
UnityEngine.Debug:ExtractStackTraceNoAlloc (byte*,int,string)
UnityEngine.StackTraceUtility:ExtractStackTrace ()
BuildGame:BakeModels () (at Assets/Editor/BuildGame.cs:22)
BuildGame:Build () (at Assets/Editor/BuildGame.cs:25)

[Assets/Editor/BuildGame.cs line 22]

Imported 'GUID: d3be163fd0082c741b68db76850ecc43' -> (Import Result ID: 'ca02e6aec40c140fc180b1e48d98e50f') in 0.001 seconds [static dependencies only]. Details - ImportResultOutputID=223f969145ae9caf8e6722f4906a0291 DependenciesID=971e9898a4d09405a99267dbd5d46106 StaticDependenciesID=236ea020dcbde16d9c1403428b5d3c48 
Importing 'GUID: e38b82f067a05d64782d72379e1ce7aa - Path: Assets/Art/Meshes/Spectre_22.asset' with importer (NativeFormatImporter)
Main Object Name 'Spectre/combined/WheelRR/Tire' does not match filename 'Spectre_22'
UnityEngine.Debug:ExtractStackTraceNoAlloc (byte*,int,string)
UnityEngine.StackTraceUtility:ExtractStackTrace ()
BuildGame:BakeModels () (at Assets/Editor/BuildGame.cs:22)
BuildGame:Build () (at Assets/Editor/BuildGame.cs:25)

[Assets/Editor/BuildGame.cs line 22]

Imported 'GUID: e38b82f067a05d64782d72379e1ce7aa' -> (Import Result ID: '639e321f3b5cb30e946bbf4ef45cd331') in 0.001 seconds [static dependencies only]. Details - ImportResultOutputID=f882f1b03c6564f9066b17e883ca6872 DependenciesID=87fe9df4a1a596e144a92a72a143126e StaticDependenciesID=88ede941e38ea282e045aec1bad9dd0e 
Importing 'GUID: f38718d5bb4ed6d44ba824a2c9ac1807 - Path: Assets/Art/Meshes/Vanta_19.asset' with importer (NativeFormatImporter)
Main Object Name 'Vanta/combined/WheelFR/Metal' does not match filename 'Vanta_19'
UnityEngine.Debug:ExtractStackTraceNoAlloc (byte*,int,string)
UnityEngine.StackTraceUtility:ExtractStackTrace ()
BuildGame:BakeModels () (at Assets/Editor/BuildGame.cs:22)
BuildGame:Build () (at Assets/Editor/BuildGame.cs:25)

[Assets/Editor/BuildGame.cs line 22]

Imported 'GUID: f38718d5bb4ed6d44ba824a2c9ac1807' -> (Import Result ID: '1b2dd12561d1d95145ef9640e40dc1c5') in 0.001 seconds [static dependencies only]. Details - ImportResultOutputID=8f97cc1c63b58fc6c44bfe100807770a DependenciesID=1a337ba019a00aec4b25332771e690cb StaticDependenciesID=94a9f33ab2c9a2d2d48338c443f73ea6 
Importing 'GUID: 04167968933432a4dacbe15d40a6b3b4 - Path: Assets/Art/Meshes/Spectre_18.asset' with importer (NativeFormatImporter)
Main Object Name 'Spectre/combined/WheelRR/Carbon' does not match filename 'Spectre_18'
UnityEngine.Debug:ExtractStackTraceNoAlloc (byte*,int,string)
UnityEngine.StackTraceUtility:ExtractStackTrace ()
BuildGame:BakeModels () (at Assets/Editor/BuildGame.cs:22)
BuildGame:Build () (at Assets/Editor/BuildGame.cs:25)

[Assets/Editor/BuildGame.cs line 22]

Imported 'GUID: 04167968933432a4dacbe15d40a6b3b4' -> (Import Result ID: '47d7e32374047aa1e2e1f0050e8386f6') in 0.001 seconds [static dependencies only]. Details - ImportResultOutputID=18677f18a020cbe49dbc44afc3002b28 DependenciesID=9df4fac2f56c534fe0d9d3fe80f8f372 StaticDependenciesID=ded1759ac81fcfc234594ced9d7b76f5 
Importing 'GUID: 04ead5a07aeef0d4b9d83f607a9e64e0 - Path: Assets/Art/Meshes/Miso_22.asset' with importer (NativeFormatImporter)
Main Object Name 'Miso/combined/StockExhaust/Metal' does not match filename 'Miso_22'
UnityEngine.Debug:ExtractStackTraceNoAlloc (byte*,int,string)
UnityEngine.StackTraceUtility:ExtractStackTrace ()
BuildGame:BakeModels () (at Assets/Editor/BuildGame.cs:22)
BuildGame:Build () (at Assets/Editor/BuildGame.cs:25)

[Assets/Editor/BuildGame.cs line 22]

Imported 'GUID: 04ead5a07aeef0d4b9d83f607a9e64e0' -> (Import Result ID: 'f9e180241daf1849f481e94f740b2064') in 0.001 seconds [static dependencies only]. Details - ImportResultOutputID=9599d24c7ebf993d8c59c4174fbf4029 DependenciesID=7054c3414b8451c25cb1c1160639d81f StaticDependenciesID=d1037ed2b87bb6273afbfebfb04132ea 
Importing 'GUID: 1442ae028737c0647bad1f2927d8250b - Path: Assets/Art/Meshes/Atlas_11.asset' with importer (NativeFormatImporter)
Main Object Name 'Atlas/combined/WheelFR/Accent' does not match filename 'Atlas_11'
UnityEngine.Debug:ExtractStackTraceNoAlloc (byte*,int,string)
UnityEngine.StackTraceUtility:ExtractStackTrace ()
BuildGame:BakeModels () (at Assets/Editor/BuildGame.cs:22)
BuildGame:Build () (at Assets/Editor/BuildGame.cs:25)

[Assets/Editor/BuildGame.cs line 22]

Imported 'GUID: 1442ae028737c0647bad1f2927d8250b' -> (Import Result ID: '457ff6e090de2540ad5b016a8e120277') in 0.001 seconds [static dependencies only]. Details - ImportResultOutputID=3e7626cf7645772e306998e664da7081 DependenciesID=7a7c44f4b2b0b0d6ec442d885034648f StaticDependenciesID=219cf53339f3465e16d864ee405f38ed 
Importing 'GUID: 14c3b40b8ac9de04690cded2140ec9cf - Path: Assets/Art/Meshes/Relay_8.asset' with importer (NativeFormatImporter)
Main Object Name 'Relay/combined/WheelRR/Tire' does not match filename 'Relay_8'
UnityEngine.Debug:ExtractStackTraceNoAlloc (byte*,int,string)
UnityEngine.StackTraceUtility:ExtractStackTrace ()
BuildGame:BakeModels () (at Assets/Editor/BuildGame.cs:22)
BuildGame:Build () (at Assets/Editor/BuildGame.cs:25)

[Assets/Editor/BuildGame.cs line 22]

Imported 'GUID: 14c3b40b8ac9de04690cded2140ec9cf' -> (Import Result ID: 'a7925a53eff3f5077e283d5f0f1900f8') in 0.001 seconds [static dependencies only]. Details - ImportResultOutputID=f38a606b2344a85bb1d9169906835d3c DependenciesID=cd0bf326d99490fe92a42ed722866496 StaticDependenciesID=6541709987491d53fed73c7650a3ebd9 
Importing 'GUID: 14fee5f95c3064a4c9591786527198e4 - Path: Assets/Art/Meshes/Pip_5.asset' with importer (NativeFormatImporter)
Main Object Name 'Pip/combined/WheelFR/Tire' does not match filename 'Pip_5'
UnityEngine.Debug:ExtractStackTraceNoAlloc (byte*,int,string)
UnityEngine.StackTraceUtility:ExtractStackTrace ()
BuildGame:BakeModels () (at Assets/Editor/BuildGame.cs:22)
BuildGame:Build () (at Assets/Editor/BuildGame.cs:25)

[Assets/Editor/BuildGame.cs line 22]

Imported 'GUID: 14fee5f95c3064a4c9591786527198e4' -> (Import Result ID: '44db570ddeedebdce73eb502d2efd424') in 0.001 seconds [static dependencies only]. Details - ImportResultOutputID=1d2a841582280a990e3dff86be22fcbc DependenciesID=a82d82793fb5233a0ec65e33413a7dd9 StaticDependenciesID=6b3e97f80617c3c317f12899c6236771 
Importing 'GUID: 24bebcfb936b7a04c8eff98284cd0a97 - Path: Assets/Art/Meshes/Spectre_9.asset' with importer (NativeFormatImporter)
Main Object Name 'Spectre/combined/WheelFL/Wheel' does not match filename 'Spectre_9'
UnityEngine.Debug:ExtractStackTraceNoAlloc (byte*,int,string)
UnityEngine.StackTraceUtility:ExtractStackTrace ()
BuildGame:BakeModels () (at Assets/Editor/BuildGame.cs:22)
BuildGame:Build () (at Assets/Editor/BuildGame.cs:25)

[Assets/Editor/BuildGame.cs line 22]

Imported 'GUID: 24bebcfb936b7a04c8eff98284cd0a97' -> (Import Result ID: '1f99dad85d745b32cfc5755fd5b6b483') in 0.001 seconds [static dependencies only]. Details - ImportResultOutputID=53e5f3d5263e2d844c71c9618ac0d5e3 DependenciesID=9251da3008956b7ba42945b8f508a5e0 StaticDependenciesID=d62b301bee26943d5ee6a3c13ba24021 
Importing 'GUID: 349cac43c76045d43b7f797d621e0cb5 - Path: Assets/Art/Meshes/Relay_18.asset' with importer (NativeFormatImporter)
Main Object Name 'Relay/combined/WheelFL/Metal' does not match filename 'Relay_18'
UnityEngine.Debug:ExtractStackTraceNoAlloc (byte*,int,string)
UnityEngine.StackTraceUtility:ExtractStackTrace ()
BuildGame:BakeModels () (at Assets/Editor/BuildGame.cs:22)
BuildGame:Build () (at Assets/Editor/BuildGame.cs:25)

[Assets/Editor/BuildGame.cs line 22]

Imported 'GUID: 349cac43c76045d43b7f797d621e0cb5' -> (Import Result ID: '9bf35d6642c69f9106734f1132b3fe89') in 0.001 seconds [static dependencies only]. Details - ImportResultOutputID=72ccdaa9173b33319a8646159edddc9f DependenciesID=bd42d35bc457b5ca86cb23c18caede00 StaticDependenciesID=495956dd5776929725caef40d160fa68 
Importing 'GUID: 34fdf9de4f67caf40826391ee8b6df83 - Path: Assets/Art/Meshes/Pip_8.asset' with importer (NativeFormatImporter)
Main Object Name 'Pip/combined/WheelFR/Metal' does not match filename 'Pip_8'
UnityEngine.Debug:ExtractStackTraceNoAlloc (byte*,int,string)
UnityEngine.StackTraceUtility:ExtractStackTrace ()
BuildGame:BakeModels () (at Assets/Editor/BuildGame.cs:22)
BuildGame:Build () (at Assets/Editor/BuildGame.cs:25)

[Assets/Editor/BuildGame.cs line 22]

Imported 'GUID: 34fdf9de4f67caf40826391ee8b6df83' -> (Import Result ID: '4c19c0a4433e7597ffcaf780aca15c54') in 0.001 seconds [static dependencies only]. Details - ImportResultOutputID=c9b3d598073ae4a3a532256d51577c04 DependenciesID=d4e34316a7d0dab3e9f1779b853dc042 StaticDependenciesID=a88595f7df40908c1ea03ec632c0868e 
Importing 'GUID: 44659a6d84cefec488a4e26d49e21b25 - Path: Assets/Art/Meshes/Spectre_6.asset' with importer (NativeFormatImporter)
Main Object Name 'Spectre/combined/WheelFL/Carbon' does not match filename 'Spectre_6'
UnityEngine.Debug:ExtractStackTraceNoAlloc (byte*,int,string)
UnityEngine.StackTraceUtility:ExtractStackTrace ()
BuildGame:BakeModels () (at Assets/Editor/BuildGame.cs:22)
BuildGame:Build () (at Assets/Editor/BuildGame.cs:25)

[Assets/Editor/BuildGame.cs line 22]

Imported 'GUID: 44659a6d84cefec488a4e26d49e21b25' -> (Import Result ID: 'c8d1bf6020470181cf05637928f7f257') in 0.001 seconds [static dependencies only]. Details - ImportResultOutputID=e24a87f270e8a5fc777faa63de8becee DependenciesID=27b61d42c29e9f1b8a420b31988c36de StaticDependenciesID=4b808eac5862981ea9fa9cd29f49a834 
Importing 'GUID: 5411cc3ca4cb4b64082df5eb6836e406 - Path: Assets/Art/Meshes/Spectre_19.asset' with importer (NativeFormatImporter)
Main Object Name 'Spectre/combined/WheelRR/Accent' does not match filename 'Spectre_19'
UnityEngine.Debug:ExtractStackTraceNoAlloc (byte*,int,string)
UnityEngine.StackTraceUtility:ExtractStackTrace ()
BuildGame:BakeModels () (at Assets/Editor/BuildGame.cs:22)
BuildGame:Build () (at Assets/Editor/BuildGame.cs:25)

[Assets/Editor/BuildGame.cs line 22]

Imported 'GUID: 5411cc3ca4cb4b64082df5eb6836e406' -> (Import Result ID: '6a56a86c3da3f8b42b841beda26f1561') in 0.012 seconds [static dependencies only]. Details - ImportResultOutputID=aa8e1ffcde5722e2d000832321eade72 DependenciesID=e5cecae4422c342e0996886c84494d01 StaticDependenciesID=425beca6c5e652298f7af75a13624488 
Importing 'GUID: 542baec35bdbfae49854599f201dd11d - Path: Assets/Art/Meshes/Vanta_6.asset' with importer (NativeFormatImporter)
Main Object Name 'Vanta/combined/Body/Paint' does not match filename 'Vanta_6'
UnityEngine.Debug:ExtractStackTraceNoAlloc (byte*,int,string)
UnityEngine.StackTraceUtility:ExtractStackTrace ()
BuildGame:BakeModels () (at Assets/Editor/BuildGame.cs:22)
BuildGame:Build () (at Assets/Editor/BuildGame.cs:25)

[Assets/Editor/BuildGame.cs line 22]

Imported 'GUID: 542baec35bdbfae49854599f201dd11d' -> (Import Result ID: '5f656654ee39b8378137045f3957eb47') in 0.001 seconds [static dependencies only]. Details - ImportResultOutputID=f6a79aad4d528ef4828e54151e203a79 DependenciesID=f0d869b22418682684fe4fdcf84f54af StaticDependenciesID=dfe64a1a16acb088d3d48d3e9cf34026 
Importing 'GUID: 541d7540f40b0354eb3bd8059e4779f3 - Path: Assets/Art/Meshes/Vanta_10.asset' with importer (NativeFormatImporter)
Main Object Name 'Vanta/combined/WheelFL/Wheel' does not match filename 'Vanta_10'
UnityEngine.Debug:ExtractStackTraceNoAlloc (byte*,int,string)
UnityEngine.StackTraceUtility:ExtractStackTrace ()
BuildGame:BakeModels () (at Assets/Editor/BuildGame.cs:22)
BuildGame:Build () (at Assets/Editor/BuildGame.cs:25)

[Assets/Editor/BuildGame.cs line 22]

Imported 'GUID: 541d7540f40b0354eb3bd8059e4779f3' -> (Import Result ID: 'd5f9f64133e329fb3d56b623ba2e7f2a') in 0.001 seconds [static dependencies only]. Details - ImportResultOutputID=c20611fbe443b01234ceed41e38db86b DependenciesID=49a2a1415c996425ef06d30847f27285 StaticDependenciesID=0677f733a9c76b9984985efc632c78e4 
Importing 'GUID: 7401dc01015b8b842a22f54c9648b814 - Path: Assets/Art/Meshes/Comet_12.asset' with importer (NativeFormatImporter)
Main Object Name 'Comet/combined/WheelRR/Metal' does not match filename 'Comet_12'
UnityEngine.Debug:ExtractStackTraceNoAlloc (byte*,int,string)
UnityEngine.StackTraceUtility:ExtractStackTrace ()
BuildGame:BakeModels () (at Assets/Editor/BuildGame.cs:22)
BuildGame:Build () (at Assets/Editor/BuildGame.cs:25)

[Assets/Editor/BuildGame.cs line 22]

Imported 'GUID: 7401dc01015b8b842a22f54c9648b814' -> (Import Result ID: '3fb1d56db42282565796d48124126c2c') in 0.001 seconds [static dependencies only]. Details - ImportResultOutputID=15addad097f16e51308d60cbffb381c7 DependenciesID=28fe5e4fb82b566362e1bd2c3c1371a3 StaticDependenciesID=9928939f955613ea97680dd63896218d 
Importing 'GUID: 949142bee6270844498b77f08454d22c - Path: Assets/Art/Meshes/Comet_24.asset' with importer (NativeFormatImporter)
Main Object Name 'Comet/combined/StockScoop/Paint' does not match filename 'Comet_24'
UnityEngine.Debug:ExtractStackTraceNoAlloc (byte*,int,string)
UnityEngine.StackTraceUtility:ExtractStackTrace ()
BuildGame:BakeModels () (at Assets/Editor/BuildGame.cs:22)
BuildGame:Build () (at Assets/Editor/BuildGame.cs:25)

[Assets/Editor/BuildGame.cs line 22]

Imported 'GUID: 949142bee6270844498b77f08454d22c' -> (Import Result ID: '159ced4743e4e510de5893429ddaf304') in 0.001 seconds [static dependencies only]. Details - ImportResultOutputID=c41bea7eb44b042166d9abace1ee6307 DependenciesID=fe601ef3ecfaeebd0d3be8d5f1451506 StaticDependenciesID=3f7b4820e1dbef27c0c5dc0d0e0a5b5c 
Importing 'GUID: 9493e1d6fa062c8439b2d409936e99c1 - Path: Assets/Art/Meshes/Spectre_3.asset' with importer (NativeFormatImporter)
Main Object Name 'Spectre/combined/WheelRL/Wheel' does not match filename 'Spectre_3'
UnityEngine.Debug:ExtractStackTraceNoAlloc (byte*,int,string)
UnityEngine.StackTraceUtility:ExtractStackTrace ()
BuildGame:BakeModels () (at Assets/Editor/BuildGame.cs:22)
BuildGame:Build () (at Assets/Editor/BuildGame.cs:25)

[Assets/Editor/BuildGame.cs line 22]

Imported 'GUID: 9493e1d6fa062c8439b2d409936e99c1' -> (Import Result ID: '1754f2f6f5286d066277d16b100e9811') in 0.001 seconds [static dependencies only]. Details - ImportResultOutputID=da4e08ba3c3b0d4289acada2b70f7251 DependenciesID=b8f56b20045e82af7fa51aa3646240c6 StaticDependenciesID=23b88b5dd6037b617a04654473b70436 
Importing 'GUID: a44dfd0d82a33e549802bcddc858e7af - Path: Assets/Art/Meshes/Spectre_15.asset' with importer (NativeFormatImporter)
Main Object Name 'Spectre/combined/WheelFR/Tire' does not match filename 'Spectre_15'
UnityEngine.Debug:ExtractStackTraceNoAlloc (byte*,int,string)
UnityEngine.StackTraceUtility:ExtractStackTrace ()
BuildGame:BakeModels () (at Assets/Editor/BuildGame.cs:22)
BuildGame:Build () (at Assets/Editor/BuildGame.cs:25)

[Assets/Editor/BuildGame.cs line 22]

Imported 'GUID: a44dfd0d82a33e549802bcddc858e7af' -> (Import Result ID: '482a9624299f1f6f0fc1d8b86d1f1585') in 0.001 seconds [static dependencies only]. Details - ImportResultOutputID=5b32e4c0102e8bb120fd168818171418 DependenciesID=a499a77421c2d5deab63a71ddb5719bf StaticDependenciesID=ec3b09edbb2f74357e37ac5e3f4bf8c0 
Importing 'GUID: c463daec3ea02c245b760f51cf601f8f - Path: Assets/Art/Meshes/Spectre_10.asset' with importer (NativeFormatImporter)
Main Object Name 'Spectre/combined/StockWing/Accent' does not match filename 'Spectre_10'
UnityEngine.Debug:ExtractStackTraceNoAlloc (byte*,int,string)
UnityEngine.StackTraceUtility:ExtractStackTrace ()
BuildGame:BakeModels () (at Assets/Editor/BuildGame.cs:22)
BuildGame:Build () (at Assets/Editor/BuildGame.cs:25)

[Assets/Editor/BuildGame.cs line 22]

Imported 'GUID: c463daec3ea02c245b760f51cf601f8f' -> (Import Result ID: '5d9d19e8b897974b97bdf1a292f229cc') in 0.001 seconds [static dependencies only]. Details - ImportResultOutputID=02d8b19a52f45bbcc3c33f2c120d0f77 DependenciesID=26de5357f94b110719b648bc9016220e StaticDependenciesID=339f6908e20e43abc3abae824615bc7f 
Importing 'GUID: c4def738f84347740b5e5bcc26f5f369 - Path: Assets/Art/Meshes/Nomad_3.asset' with importer (NativeFormatImporter)
Main Object Name 'Nomad/combined/WheelFL/Tire' does not match filename 'Nomad_3'
UnityEngine.Debug:ExtractStackTraceNoAlloc (byte*,int,string)
UnityEngine.StackTraceUtility:ExtractStackTrace ()
BuildGame:BakeModels () (at Assets/Editor/BuildGame.cs:22)
BuildGame:Build () (at Assets/Editor/BuildGame.cs:25)

[Assets/Editor/BuildGame.cs line 22]

Imported 'GUID: c4def738f84347740b5e5bcc26f5f369' -> (Import Result ID: '99f08de38e74403be86297776d108418') in 0.001 seconds [static dependencies only]. Details - ImportResultOutputID=115d39148fff5850ad461b33064aa6c7 DependenciesID=f11e6b31120125f1f4cf4e690aba3de0 StaticDependenciesID=7e26f6ece4bd4bead78a6b338ff37f0f 
Importing 'GUID: d4e35b4f1af36c640ae4c274c6b5c503 - Path: Assets/Art/Meshes/Spectre_16.asset' with importer (NativeFormatImporter)
Main Object Name 'Spectre/combined/WheelFR/Accent' does not match filename 'Spectre_16'
UnityEngine.Debug:ExtractStackTraceNoAlloc (byte*,int,string)
UnityEngine.StackTraceUtility:ExtractStackTrace ()
BuildGame:BakeModels () (at Assets/Editor/BuildGame.cs:22)
BuildGame:Build () (at Assets/Editor/BuildGame.cs:25)

[Assets/Editor/BuildGame.cs line 22]

Imported 'GUID: d4e35b4f1af36c640ae4c274c6b5c503' -> (Import Result ID: '0eae2ba1e23aadc03cdbdb37d97bb811') in 0.001 seconds [static dependencies only]. Details - ImportResultOutputID=5d7c0506897e79afcf036432e34423f8 DependenciesID=4fd41f6670838cb64c1257ef3d68c6e1 StaticDependenciesID=5e15d8b7156fa144e8e384355cf28d92 
Importing 'GUID: d41daaae0a9d8c04bba27f9754bc580e - Path: Assets/Art/Meshes/Vanta_28.asset' with importer (NativeFormatImporter)
Main Object Name 'Vanta/combined/Body/Taillight' does not match filename 'Vanta_28'
UnityEngine.Debug:ExtractStackTraceNoAlloc (byte*,int,string)
UnityEngine.StackTraceUtility:ExtractStackTrace ()
BuildGame:BakeModels () (at Assets/Editor/BuildGame.cs:22)
BuildGame:Build () (at Assets/Editor/BuildGame.cs:25)

[Assets/Editor/BuildGame.cs line 22]

Imported 'GUID: d41daaae0a9d8c04bba27f9754bc580e' -> (Import Result ID: '8fa13e3fa2328da1b9406afc796248ea') in 0.001 seconds [static dependencies only]. Details - ImportResultOutputID=3d209696d11da7968179d20a60f40b01 DependenciesID=f1203c97aadb939cc2af0e647eef87ec StaticDependenciesID=bdc013b381f0b990c23ab504a934f219 
Importing 'GUID: e40225c3419397c4887d417e9af747dc - Path: Assets/Art/Meshes/Cinder_3.asset' with importer (NativeFormatImporter)
Main Object Name 'Cinder/combined/WheelRR/Metal' does not match filename 'Cinder_3'
UnityEngine.Debug:ExtractStackTraceNoAlloc (byte*,int,string)
UnityEngine.StackTraceUtility:ExtractStackTrace ()
BuildGame:BakeModels () (at Assets/Editor/BuildGame.cs:22)
BuildGame:Build () (at Assets/Editor/BuildGame.cs:25)

[Assets/Editor/BuildGame.cs line 22]

Imported 'GUID: e40225c3419397c4887d417e9af747dc' -> (Import Result ID: 'd248aa48f064b3a3d84af40b6a5f726d') in 0.001 seconds [static dependencies only]. Details - ImportResultOutputID=80da7ac660c59bc7d1fecc24d90c28b8 DependenciesID=509f4190f78376929d648fdc505ab0c9 StaticDependenciesID=c025bfdd523023bf31cac2b106e95a8a 
Importing 'GUID: f426edc9755392e4bb1877020d6bd544 - Path: Assets/Art/Meshes/Rock_0.asset' with importer (NativeFormatImporter)
Main Object Name 'Rock/combined/Body/Rock' does not match filename 'Rock_0'
UnityEngine.Debug:ExtractStackTraceNoAlloc (byte*,int,string)
UnityEngine.StackTraceUtility:ExtractStackTrace ()
BuildGame:BakeModels () (at Assets/Editor/BuildGame.cs:22)
BuildGame:Build () (at Assets/Editor/BuildGame.cs:25)

[Assets/Editor/BuildGame.cs line 22]

Imported 'GUID: f426edc9755392e4bb1877020d6bd544' -> (Import Result ID: 'e1e2dddf4ee0e7c072b204e814c34731') in 0.001 seconds [static dependencies only]. Details - ImportResultOutputID=803598f75639978fb563101e4ab9964c DependenciesID=6e4594c114daae9d6ba72092c3452fe1 StaticDependenciesID=e4e81849c3f64c4c3710e36cee45f4f5 
Importing 'GUID: 253461ffdeea0bf4e86724bab715a63b - Path: Assets/Art/Meshes/Comet_0.asset' with importer (NativeFormatImporter)
Main Object Name 'Comet/combined/WheelFL/Metal' does not match filename 'Comet_0'
UnityEngine.Debug:ExtractStackTraceNoAlloc (byte*,int,string)
UnityEngine.StackTraceUtility:ExtractStackTrace ()
BuildGame:BakeModels () (at Assets/Editor/BuildGame.cs:22)
BuildGame:Build () (at Assets/Editor/BuildGame.cs:25)

[Assets/Editor/BuildGame.cs line 22]

Imported 'GUID: 253461ffdeea0bf4e86724bab715a63b' -> (Import Result ID: 'd580611d820306ea3cacbefbcabce9c4') in 0.001 seconds [static dependencies only]. Details - ImportResultOutputID=702e1c89e00ef3e016280f6af16978cd DependenciesID=22272c81beb70ef044982d77cfcf3707 StaticDependenciesID=5e117233c9515dddf63fad373cf25584 
Importing 'GUID: 255432ea24b51954aaf4f835c3b3490f - Path: Assets/Art/Meshes/Comet_16.asset' with importer (NativeFormatImporter)
Main Object Name 'Comet/combined/WheelFR/Carbon' does not match filename 'Comet_16'
UnityEngine.Debug:ExtractStackTraceNoAlloc (byte*,int,string)
UnityEngine.StackTraceUtility:ExtractStackTrace ()
BuildGame:BakeModels () (at Assets/Editor/BuildGame.cs:22)
BuildGame:Build () (at Assets/Editor/BuildGame.cs:25)

[Assets/Editor/BuildGame.cs line 22]

Imported 'GUID: 255432ea24b51954aaf4f835c3b3490f' -> (Import Result ID: '7f2005a1ef3c97f533008899f222712a') in 0.001 seconds [static dependencies only]. Details - ImportResultOutputID=215805c0e3c362a91b9ac4bf329815e4 DependenciesID=07af9521afd372b4cf0adbd31e64de4d StaticDependenciesID=3f2ffb23f25d7fa73f6d5d9c54093d86 
Importing 'GUID: 253611f74f2a4e948b115787a3718329 - Path: Assets/Art/Meshes/Manta_21.asset' with importer (NativeFormatImporter)
Main Object Name 'Manta/combined/Body/Metal' does not match filename 'Manta_21'
UnityEngine.Debug:ExtractStackTraceNoAlloc (byte*,int,string)
UnityEngine.StackTraceUtility:ExtractStackTrace ()
BuildGame:BakeModels () (at Assets/Editor/BuildGame.cs:22)
BuildGame:Build () (at Assets/Editor/BuildGame.cs:25)

[Assets/Editor/BuildGame.cs line 22]

Imported 'GUID: 253611f74f2a4e948b115787a3718329' -> (Import Result ID: 'a3660766e0470f8553fc2c74a8c7c015') in 0.001 seconds [static dependencies only]. Details - ImportResultOutputID=d40b2e6fda69340ce624939a3d14568d DependenciesID=2e5dbb93bf46951dd11ee0b9a7d22ff1 StaticDependenciesID=147a5654d723b47baec65bc0e7b8bfb2 
Importing 'GUID: 45a4425c1063f8842aa15347c2bc8aeb - Path: Assets/Art/Meshes/Nomad_24.asset' with importer (NativeFormatImporter)
Main Object Name 'Nomad/combined/Body/Paint' does not match filename 'Nomad_24'
UnityEngine.Debug:ExtractStackTraceNoAlloc (byte*,int,string)
UnityEngine.StackTraceUtility:ExtractStackTrace ()
BuildGame:BakeModels () (at Assets/Editor/BuildGame.cs:22)
BuildGame:Build () (at Assets/Editor/BuildGame.cs:25)

[Assets/Editor/BuildGame.cs line 22]

Imported 'GUID: 45a4425c1063f8842aa15347c2bc8aeb' -> (Import Result ID: '487aa2bc0e78fc2e25c267b42cde6a66') in 0.001 seconds [static dependencies only]. Details - ImportResultOutputID=27e2748dbf00bbd2ee19fab8e598d542 DependenciesID=22a0f23042c11ca93a622c8ac55eebcf StaticDependenciesID=26343c6c814b200ad0ee59c9ed72dd9d 
Importing 'GUID: 55e08142f2483e24ba972be57e3dcf89 - Path: Assets/Art/Meshes/Manta_23.asset' with importer (NativeFormatImporter)
Main Object Name 'Manta/combined/Body/Headlight' does not match filename 'Manta_23'
UnityEngine.Debug:ExtractStackTraceNoAlloc (byte*,int,string)
UnityEngine.StackTraceUtility:ExtractStackTrace ()
BuildGame:BakeModels () (at Assets/Editor/BuildGame.cs:22)
BuildGame:Build () (at Assets/Editor/BuildGame.cs:25)

[Assets/Editor/BuildGame.cs line 22]

Imported 'GUID: 55e08142f2483e24ba972be57e3dcf89' -> (Import Result ID: '6e5a4d0a98e4d46fa4f8840b7158e724') in 0.001 seconds [static dependencies only]. Details - ImportResultOutputID=44bc3f29aed8f671c3b3ff9a6ad9e93e DependenciesID=44c4479e05360216e434ea9d0dd8126a StaticDependenciesID=5bd32df66744ed7fd65c49a064a48383 
Importing 'GUID: 65c7b382833e5a649b0516b499a1b419 - Path: Assets/Art/Meshes/Atlas_17.asset' with importer (NativeFormatImporter)
Main Object Name 'Atlas/combined/WheelFL/Accent' does not match filename 'Atlas_17'
UnityEngine.Debug:ExtractStackTraceNoAlloc (byte*,int,string)
UnityEngine.StackTraceUtility:ExtractStackTrace ()
BuildGame:BakeModels () (at Assets/Editor/BuildGame.cs:22)
BuildGame:Build () (at Assets/Editor/BuildGame.cs:25)

[Assets/Editor/BuildGame.cs line 22]

Imported 'GUID: 65c7b382833e5a649b0516b499a1b419' -> (Import Result ID: '4e08b380f47ede956595d781102e8cad') in 0.001 seconds [static dependencies only]. Details - ImportResultOutputID=a8c13930c932fd8e8282ad65ea11a2b9 DependenciesID=ae7a85c286b5dbae9f0785fc2f2031ad StaticDependenciesID=74558b22ff7c62c5255e83dcc4fb67f7 
Importing 'GUID: 75c742718841375468afba31c4be7e25 - Path: Assets/Art/Meshes/Cinder_11.asset' with importer (NativeFormatImporter)
Main Object Name 'Cinder/combined/WheelRL/Carbon' does not match filename 'Cinder_11'
UnityEngine.Debug:ExtractStackTraceNoAlloc (byte*,int,string)
UnityEngine.StackTraceUtility:ExtractStackTrace ()
BuildGame:BakeModels () (at Assets/Editor/BuildGame.cs:22)
BuildGame:Build () (at Assets/Editor/BuildGame.cs:25)

[Assets/Editor/BuildGame.cs line 22]

Imported 'GUID: 75c742718841375468afba31c4be7e25' -> (Import Result ID: '02c74dcae74a1030571a7c05f27960d7') in 0.001 seconds [static dependencies only]. Details - ImportResultOutputID=ecac6745ec5f7bde418e547ee80bc9d9 DependenciesID=23a8554f43a66469d6826f344ca3ed7d StaticDependenciesID=0588a46ba2d8f334a8c8578cdec3580f 
Importing 'GUID: 855ded7dffec2c343899afa00471b912 - Path: Assets/Art/Meshes/Relay_1.asset' with importer (NativeFormatImporter)
Main Object Name 'Relay/combined/WheelFR/Carbon' does not match filename 'Relay_1'
UnityEngine.Debug:ExtractStackTraceNoAlloc (byte*,int,string)
UnityEngine.StackTraceUtility:ExtractStackTrace ()
BuildGame:BakeModels () (at Assets/Editor/BuildGame.cs:22)
BuildGame:Build () (at Assets/Editor/BuildGame.cs:25)

[Assets/Editor/BuildGame.cs line 22]

Imported 'GUID: 855ded7dffec2c343899afa00471b912' -> (Import Result ID: '79167b3853173a6ebe83c08ca45c3a97') in 0.001 seconds [static dependencies only]. Details - ImportResultOutputID=afb74fef61132c193a103c230f44f4d1 DependenciesID=ffc49782982dfdc4924126e4a10ec549 StaticDependenciesID=7db3db4cad6f2f72d1db9f1ec74884c0 
Importing 'GUID: 85af756ffd673d443860cb65118edcca - Path: Assets/Art/Meshes/Spectre_7.asset' with importer (NativeFormatImporter)
Main Object Name 'Spectre/combined/WheelFL/Metal' does not match filename 'Spectre_7'
UnityEngine.Debug:ExtractStackTraceNoAlloc (byte*,int,string)
UnityEngine.StackTraceUtility:ExtractStackTrace ()
BuildGame:BakeModels () (at Assets/Editor/BuildGame.cs:22)
BuildGame:Build () (at Assets/Editor/BuildGame.cs:25)

[Assets/Editor/BuildGame.cs line 22]

Imported 'GUID: 85af756ffd673d443860cb65118edcca' -> (Import Result ID: '104d8bce05a69b58835899f77418e1d5') in 0.001 seconds [static dependencies only]. Details - ImportResultOutputID=05c12750d7ffc954238df696193580d0 DependenciesID=b7504804e15c0532dfd49a6e9210b058 StaticDependenciesID=13611ca030b866ec2a6361bf06b6b5fc 
Importing 'GUID: 95edc584ae56f044c82dd73921ad3743 - Path: Assets/Art/Meshes/Atlas_9.asset' with importer (NativeFormatImporter)
Main Object Name 'Atlas/combined/WheelRR/Wheel' does not match filename 'Atlas_9'
UnityEngine.Debug:ExtractStackTraceNoAlloc (byte*,int,string)
UnityEngine.StackTraceUtility:ExtractStackTrace ()
BuildGame:BakeModels () (at Assets/Editor/BuildGame.cs:22)
BuildGame:Build () (at Assets/Editor/BuildGame.cs:25)

[Assets/Editor/BuildGame.cs line 22]

Imported 'GUID: 95edc584ae56f044c82dd73921ad3743' -> (Import Result ID: '5ff2a1df56442f088292b752b5126c30') in 0.001 seconds [static dependencies only]. Details - ImportResultOutputID=4147d809d6419e006aa340606cd6a503 DependenciesID=adef27de9541926f081b1369fea5293b StaticDependenciesID=94ab515616801516f55101f8cae82e9a 
Importing 'GUID: 950f0c0f7a6ee864ab5b842bfbcbb2d9 - Path: Assets/Art/Meshes/Nomad_17.asset' with importer (NativeFormatImporter)
Main Object Name 'Nomad/combined/WheelRL/Wheel' does not match filename 'Nomad_17'
UnityEngine.Debug:ExtractStackTraceNoAlloc (byte*,int,string)
UnityEngine.StackTraceUtility:ExtractStackTrace ()
BuildGame:BakeModels () (at Assets/Editor/BuildGame.cs:22)
BuildGame:Build () (at Assets/Editor/BuildGame.cs:25)

[Assets/Editor/BuildGame.cs line 22]

Imported 'GUID: 950f0c0f7a6ee864ab5b842bfbcbb2d9' -> (Import Result ID: 'b6e61aa80df6434e3a03fb03b57f20ab') in 0.001 seconds [static dependencies only]. Details - ImportResultOutputID=37da2216d943aa00baf68557888eff47 DependenciesID=7159abcd254c8cba7c310bf8c048be5c StaticDependenciesID=21ea7824cfbe82eeb5b4506c617576d8 
Importing 'GUID: a57c1d612c2326c4e9a5ef08e42f5d04 - Path: Assets/Art/Meshes/Pip_14.asset' with importer (NativeFormatImporter)
Main Object Name 'Pip/combined/WheelRR/Tire' does not match filename 'Pip_14'
UnityEngine.Debug:ExtractStackTraceNoAlloc (byte*,int,string)
UnityEngine.StackTraceUtility:ExtractStackTrace ()
BuildGame:BakeModels () (at Assets/Editor/BuildGame.cs:22)
BuildGame:Build () (at Assets/Editor/BuildGame.cs:25)

[Assets/Editor/BuildGame.cs line 22]

Imported 'GUID: a57c1d612c2326c4e9a5ef08e42f5d04' -> (Import Result ID: 'b452b6548faf2254e7f2143dfd545096') in 0.001 seconds [static dependencies only]. Details - ImportResultOutputID=3d5ff65cce622afdb8916b9513260cfb DependenciesID=908183a4e2013186b8c4f446779097b0 StaticDependenciesID=c75748ba87204bfa37667031affc0126 
Importing 'GUID: b5f3a13c3d26e614f957951ebf0c1fc6 - Path: Assets/Art/Meshes/Vanta_25.asset' with importer (NativeFormatImporter)
Main Object Name 'Vanta/combined/WheelRR/Tire' does not match filename 'Vanta_25'
UnityEngine.Debug:ExtractStackTraceNoAlloc (byte*,int,string)
UnityEngine.StackTraceUtility:ExtractStackTrace ()
BuildGame:BakeModels () (at Assets/Editor/BuildGame.cs:22)
BuildGame:Build () (at Assets/Editor/BuildGame.cs:25)

[Assets/Editor/BuildGame.cs line 22]

Imported 'GUID: b5f3a13c3d26e614f957951ebf0c1fc6' -> (Import Result ID: '3085799191e85837fdb3e27bd313b9c8') in 0.001 seconds [static dependencies only]. Details - ImportResultOutputID=9e56194d71d838e249e6d48413feaa3a DependenciesID=85d4910bd963928ad026748432166fc3 StaticDependenciesID=b92e8a3b157e61610933868c8c3d57a2 
Importing 'GUID: b56835deeb39df240a04d7fee620fe2c - Path: Assets/Art/Meshes/Spectre_12.asset' with importer (NativeFormatImporter)
Main Object Name 'Spectre/combined/Body/Carbon' does not match filename 'Spectre_12'
UnityEngine.Debug:ExtractStackTraceNoAlloc (byte*,int,string)
UnityEngine.StackTraceUtility:ExtractStackTrace ()
BuildGame:BakeModels () (at Assets/Editor/BuildGame.cs:22)
BuildGame:Build () (at Assets/Editor/BuildGame.cs:25)

[Assets/Editor/BuildGame.cs line 22]

Imported 'GUID: b56835deeb39df240a04d7fee620fe2c' -> (Import Result ID: 'ff42153366e0996b3ff44c09d2f8c5ec') in 0.001 seconds [static dependencies only]. Details - ImportResultOutputID=7219c16d4f84b90004d0254bc0ee052f DependenciesID=137e2d34e9b6f9e60b429b85e23aacb7 StaticDependenciesID=1a13a095ab8aacc811896cc06ed189c0 
Importing 'GUID: b51ebd9261931ca428ec21907e6550e8 - Path: Assets/Art/Meshes/Vanta_2.asset' with importer (NativeFormatImporter)
Main Object Name 'Vanta/combined/StockWing/Carbon' does not match filename 'Vanta_2'
UnityEngine.Debug:ExtractStackTraceNoAlloc (byte*,int,string)
UnityEngine.StackTraceUtility:ExtractStackTrace ()
BuildGame:BakeModels () (at Assets/Editor/BuildGame.cs:22)
BuildGame:Build () (at Assets/Editor/BuildGame.cs:25)

[Assets/Editor/BuildGame.cs line 22]

Imported 'GUID: b51ebd9261931ca428ec21907e6550e8' -> (Import Result ID: 'ac3d1c59091d7a0da268a23e3405b731') in 0.001 seconds [static dependencies only]. Details - ImportResultOutputID=262fe75b0c4e37e5f411732194ae19d7 DependenciesID=fa6b2dadfd20e88b93c8afcac601781d StaticDependenciesID=479668a1877a1d62b8e98486125a6209 
Importing 'GUID: d540d5f1fd2fbba4387e654402392178 - Path: Assets/Art/Meshes/RaceArch_1.asset' with importer (NativeFormatImporter)
Main Object Name 'RaceArch/combined/Body/Crystal' does not match filename 'RaceArch_1'
UnityEngine.Debug:ExtractStackTraceNoAlloc (byte*,int,string)
UnityEngine.StackTraceUtility:ExtractStackTrace ()
BuildGame:BakeModels () (at Assets/Editor/BuildGame.cs:22)
BuildGame:Build () (at Assets/Editor/BuildGame.cs:25)

[Assets/Editor/BuildGame.cs line 22]

Imported 'GUID: d540d5f1fd2fbba4387e654402392178' -> (Import Result ID: '9d47936b62364f7b2821e259ad2ec86d') in 0.001 seconds [static dependencies only]. Details - ImportResultOutputID=1e3ac877e1d290a37994b5df20a268a3 DependenciesID=3bbc34c5130beca14cd425b6db5074b0 StaticDependenciesID=fd9bed312b19b36e1bf434494bc11b56 
Importing 'GUID: e52bef3cdfc3b1d4d99a587a61f85fb6 - Path: Assets/Art/Meshes/Pip_11.asset' with importer (NativeFormatImporter)
Main Object Name 'Pip/combined/WheelRR/Accent' does not match filename 'Pip_11'
UnityEngine.Debug:ExtractStackTraceNoAlloc (byte*,int,string)
UnityEngine.StackTraceUtility:ExtractStackTrace ()
BuildGame:BakeModels () (at Assets/Editor/BuildGame.cs:22)
BuildGame:Build () (at Assets/Editor/BuildGame.cs:25)

[Assets/Editor/BuildGame.cs line 22]

Imported 'GUID: e52bef3cdfc3b1d4d99a587a61f85fb6' -> (Import Result ID: 'a28674be86f7c9eb7fb83cb0f4eb0eda') in 0.001 seconds [static dependencies only]. Details - ImportResultOutputID=2dac3bf25ef7aaf9ce063b1d427c0b4b DependenciesID=291c25be44f49c6e5236902a2e002854 StaticDependenciesID=baa7153213820b4074922d669b702cad 
Importing 'GUID: f5f96588a1b6cfd4f957a78ebba96c5c - Path: Assets/Art/Meshes/Miso_11.asset' with importer (NativeFormatImporter)
Main Object Name 'Miso/combined/WheelFL/Carbon' does not match filename 'Miso_11'
UnityEngine.Debug:ExtractStackTraceNoAlloc (byte*,int,string)
UnityEngine.StackTraceUtility:ExtractStackTrace ()
BuildGame:BakeModels () (at Assets/Editor/BuildGame.cs:22)
BuildGame:Build () (at Assets/Editor/BuildGame.cs:25)

[Assets/Editor/BuildGame.cs line 22]

Imported 'GUID: f5f96588a1b6cfd4f957a78ebba96c5c' -> (Import Result ID: '6403c98eaf0e1f63c0772bd75e586280') in 0.001 seconds [static dependencies only]. Details - ImportResultOutputID=841b334e72cbf881e718b6ba126f80d3 DependenciesID=77e81a7c4a977dd85f06bd1ba989fcb1 StaticDependenciesID=8892fd649b98c37b28714493c6c01363 
Importing 'GUID: 06633a37ce601d44880a172c88c9b08a - Path: Assets/Art/Meshes/Atlas_10.asset' with importer (NativeFormatImporter)
Main Object Name 'Atlas/combined/WheelFR/Carbon' does not match filename 'Atlas_10'
UnityEngine.Debug:ExtractStackTraceNoAlloc (byte*,int,string)
UnityEngine.StackTraceUtility:ExtractStackTrace ()
BuildGame:BakeModels () (at Assets/Editor/BuildGame.cs:22)
BuildGame:Build () (at Assets/Editor/BuildGame.cs:25)

[Assets/Editor/BuildGame.cs line 22]

Imported 'GUID: 06633a37ce601d44880a172c88c9b08a' -> (Import Result ID: '21a57e5b49a394bd7d47a6292e96cd2c') in 0.001 seconds [static dependencies only]. Details - ImportResultOutputID=29ca181a2b961cc031158c9f2bdaa703 DependenciesID=00233aab39c4592ed5721e402e8bd12c StaticDependenciesID=3722b7c03b3fe0c81fe86c839acd00c3 
Importing 'GUID: 060704c773613c74e823b4d29a859e66 - Path: Assets/Art/Meshes/Cinder_8.asset' with importer (NativeFormatImporter)
Main Object Name 'Cinder/combined/WheelFR/Wheel' does not match filename 'Cinder_8'
UnityEngine.Debug:ExtractStackTraceNoAlloc (byte*,int,string)
UnityEngine.StackTraceUtility:ExtractStackTrace ()
BuildGame:BakeModels () (at Assets/Editor/BuildGame.cs:22)
BuildGame:Build () (at Assets/Editor/BuildGame.cs:25)

[Assets/Editor/BuildGame.cs line 22]

Imported 'GUID: 060704c773613c74e823b4d29a859e66' -> (Import Result ID: '634cc4a69c7dafbf30db99c59d842a23') in 0.001 seconds [static dependencies only]. Details - ImportResultOutputID=5f53f18243ac2ec19cd94171e5656d55 DependenciesID=bdef145ff53a179328f8c6e11e635ff9 StaticDependenciesID=4475811b4c7313a80b11f63ca5349f16 
Importing 'GUID: 161599f8c111123438620585a00799c1 - Path: Assets/Art/Meshes/Cinder_22.asset' with importer (NativeFormatImporter)
Main Object Name 'Cinder/combined/Body/Carbon' does not match filename 'Cinder_22'
UnityEngine.Debug:ExtractStackTraceNoAlloc (byte*,int,string)
UnityEngine.StackTraceUtility:ExtractStackTrace ()
BuildGame:BakeModels () (at Assets/Editor/BuildGame.cs:22)
BuildGame:Build () (at Assets/Editor/BuildGame.cs:25)

[Assets/Editor/BuildGame.cs line 22]

Imported 'GUID: 161599f8c111123438620585a00799c1' -> (Import Result ID: 'ce04b42c08b5266dcee72e359820b753') in 0.001 seconds [static dependencies only]. Details - ImportResultOutputID=5e3f6137c3b1022fc9748c2191097bd4 DependenciesID=fb90084cd9bebf77e2781ac2309d9d14 StaticDependenciesID=c3a08514ccb1cd98b3ab500993a7e13e 
Importing 'GUID: 26c05b3cbc47d32498c155dfc7466bdc - Path: Assets/Art/Meshes/Spectre_4.asset' with importer (NativeFormatImporter)
Main Object Name 'Spectre/combined/WheelRL/Tire' does not match filename 'Spectre_4'
UnityEngine.Debug:ExtractStackTraceNoAlloc (byte*,int,string)
UnityEngine.StackTraceUtility:ExtractStackTrace ()
BuildGame:BakeModels () (at Assets/Editor/BuildGame.cs:22)
BuildGame:Build () (at Assets/Editor/BuildGame.cs:25)

[Assets/Editor/BuildGame.cs line 22]

Imported 'GUID: 26c05b3cbc47d32498c155dfc7466bdc' -> (Import Result ID: 'f48a40772c723da3653179692a04ba78') in 0.001 seconds [static dependencies only]. Details - ImportResultOutputID=b39e3b80d41aff6be6b149de48fdf11a DependenciesID=b9d9de2c833f2ff6a92b5667765a6028 StaticDependenciesID=fdde2cc2b26a216dc2fd058bf4944860 
Importing 'GUID: 26b7d056c209281408b59c533c4d93e1 - Path: Assets/Art/Meshes/Atlas_3.asset' with importer (NativeFormatImporter)
Main Object Name 'Atlas/combined/WheelRL/Wheel' does not match filename 'Atlas_3'
UnityEngine.Debug:ExtractStackTraceNoAlloc (byte*,int,string)
UnityEngine.StackTraceUtility:ExtractStackTrace ()
BuildGame:BakeModels () (at Assets/Editor/BuildGame.cs:22)
BuildGame:Build () (at Assets/Editor/BuildGame.cs:25)

[Assets/Editor/BuildGame.cs line 22]

Imported 'GUID: 26b7d056c209281408b59c533c4d93e1' -> (Import Result ID: 'e7a4e4d874289765d55475bdbcb8cec2') in 0.001 seconds [static dependencies only]. Details - ImportResultOutputID=b25885f22d736e66d5516a796289095c DependenciesID=94d491575e6a40085612abf5ceb4d3a7 StaticDependenciesID=4a4a15a807ac7100dfe35fe6f7c985cd 
Importing 'GUID: 26cc148becf233f45893ffc953899dc1 - Path: Assets/Art/Meshes/Manta_10.asset' with importer (NativeFormatImporter)
Main Object Name 'Manta/combined/WheelRL/Carbon' does not match filename 'Manta_10'
UnityEngine.Debug:ExtractStackTraceNoAlloc (byte*,int,string)
UnityEngine.StackTraceUtility:ExtractStackTrace ()
BuildGame:BakeModels () (at Assets/Editor/BuildGame.cs:22)
BuildGame:Build () (at Assets/Editor/BuildGame.cs:25)

[Assets/Editor/BuildGame.cs line 22]

Imported 'GUID: 26cc148becf233f45893ffc953899dc1' -> (Import Result ID: '18a96d848188c3f1b9795f78426c5492') in 0.001 seconds [static dependencies only]. Details - ImportResultOutputID=75c8cac83ad96d35e136154ebfd19156 DependenciesID=52eaad89a887a999d8ee64ed674a9645 StaticDependenciesID=9284d7d2f4e6dc339a3f67c5640257cc 
Importing 'GUID: 56fa2d80efb0f3e4ba58a84158dfa9e6 - Path: Assets/Art/Meshes/Spectre_17.asset' with importer (NativeFormatImporter)
Main Object Name 'Spectre/combined/WheelFR/Wheel' does not match filename 'Spectre_17'
UnityEngine.Debug:ExtractStackTraceNoAlloc (byte*,int,string)
UnityEngine.StackTraceUtility:ExtractStackTrace ()
BuildGame:BakeModels () (at Assets/Editor/BuildGame.cs:22)
BuildGame:Build () (at Assets/Editor/BuildGame.cs:25)

[Assets/Editor/BuildGame.cs line 22]

Imported 'GUID: 56fa2d80efb0f3e4ba58a84158dfa9e6' -> (Import Result ID: 'a65f3f6977991ec7915d93cc2113afc4') in 0.001 seconds [static dependencies only]. Details - ImportResultOutputID=23c60e01c7293de6e10ba01de6b976db DependenciesID=dbf1c50bddb7cc06b6e6d1d082d5a260 StaticDependenciesID=cacbf3db111b1d15ca235d8f770991a8 
Importing 'GUID: 767a5cc05afd05d4eafa8136d04e4efe - Path: Assets/Art/Meshes/Vanta_8.asset' with importer (NativeFormatImporter)
Main Object Name 'Vanta/combined/WheelFL/Accent' does not match filename 'Vanta_8'
UnityEngine.Debug:ExtractStackTraceNoAlloc (byte*,int,string)
UnityEngine.StackTraceUtility:ExtractStackTrace ()
BuildGame:BakeModels () (at Assets/Editor/BuildGame.cs:22)
BuildGame:Build () (at Assets/Editor/BuildGame.cs:25)

[Assets/Editor/BuildGame.cs line 22]

Imported 'GUID: 767a5cc05afd05d4eafa8136d04e4efe' -> (Import Result ID: '0ca710940082eb979fceb4e0cb78ced5') in 0.001 seconds [static dependencies only]. Details - ImportResultOutputID=19edc7534d90af336555e6c38784e253 DependenciesID=ec1da16a159ce3f26c803d700bd92cff StaticDependenciesID=960fea74c7dc6da92fdf3c3813a77390 
Importing 'GUID: 764ea238bad26564ca0db60c91c9001f - Path: Assets/Art/Meshes/Manta_12.asset' with importer (NativeFormatImporter)
Main Object Name 'Manta/combined/WheelRL/Metal' does not match filename 'Manta_12'
UnityEngine.Debug:ExtractStackTraceNoAlloc (byte*,int,string)
UnityEngine.StackTraceUtility:ExtractStackTrace ()
BuildGame:BakeModels () (at Assets/Editor/BuildGame.cs:22)
BuildGame:Build () (at Assets/Editor/BuildGame.cs:25)

[Assets/Editor/BuildGame.cs line 22]

Imported 'GUID: 764ea238bad26564ca0db60c91c9001f' -> (Import Result ID: '45eab5546bc96624cd7ab9a013976b79') in 0.001 seconds [static dependencies only]. Details - ImportResultOutputID=a2e679e8c2aded8de963e1b6c0aa8326 DependenciesID=837926b75cf92fb9fcfc06e483e69822 StaticDependenciesID=1bd481d115dae0766068bacb8f777d27 
Importing 'GUID: 869f413a426df184caee22ebdbca66b4 - Path: Assets/Art/Meshes/Manta_15.asset' with importer (NativeFormatImporter)
Main Object Name 'Manta/combined/WheelFR/Carbon' does not match filename 'Manta_15'
UnityEngine.Debug:ExtractStackTraceNoAlloc (byte*,int,string)
UnityEngine.StackTraceUtility:ExtractStackTrace ()
BuildGame:BakeModels () (at Assets/Editor/BuildGame.cs:22)
BuildGame:Build () (at Assets/Editor/BuildGame.cs:25)

[Assets/Editor/BuildGame.cs line 22]

Imported 'GUID: 869f413a426df184caee22ebdbca66b4' -> (Import Result ID: 'a483ba1cc10fd9f38291c73a9ece7783') in 0.001 seconds [static dependencies only]. Details - ImportResultOutputID=b621d2663482aa3079fecd306b80d6fb DependenciesID=d6e1d78273acd1008b6c4425f2271842 StaticDependenciesID=28677a8835eac8463c7c3850fec0f921 
Importing 'GUID: 869fb3a055826344e8f3ed76cc7f6071 - Path: Assets/Art/Meshes/Comet_11.asset' with importer (NativeFormatImporter)
Main Object Name 'Comet/combined/WheelRR/Carbon' does not match filename 'Comet_11'
UnityEngine.Debug:ExtractStackTraceNoAlloc (byte*,int,string)
UnityEngine.StackTraceUtility:ExtractStackTrace ()
BuildGame:BakeModels () (at Assets/Editor/BuildGame.cs:22)
BuildGame:Build () (at Assets/Editor/BuildGame.cs:25)

[Assets/Editor/BuildGame.cs line 22]

Imported 'GUID: 869fb3a055826344e8f3ed76cc7f6071' -> (Import Result ID: 'aaeb57bb7c502145b3d3e5676a6b5ac6') in 0.001 seconds [static dependencies only]. Details - ImportResultOutputID=2d966d88ac281afa600f6a722cf00510 DependenciesID=5ef72b1eb1f7b9c57aec291222fe507f StaticDependenciesID=2e56904a33fc8a6af181494a86493468 
Importing 'GUID: 9693782afe127e5489727494641ddc75 - Path: Assets/Art/Meshes/Cinder_15.asset' with importer (NativeFormatImporter)
Main Object Name 'Cinder/combined/WheelFL/Carbon' does not match filename 'Cinder_15'
UnityEngine.Debug:ExtractStackTraceNoAlloc (byte*,int,string)
UnityEngine.StackTraceUtility:ExtractStackTrace ()
BuildGame:BakeModels () (at Assets/Editor/BuildGame.cs:22)
BuildGame:Build () (at Assets/Editor/BuildGame.cs:25)

[Assets/Editor/BuildGame.cs line 22]

Imported 'GUID: 9693782afe127e5489727494641ddc75' -> (Import Result ID: 'be1bc056c9cf31b59a88ef2d7ddaddbb') in 0.001 seconds [static dependencies only]. Details - ImportResultOutputID=230bee6a2a66076470d3af3268cafa36 DependenciesID=1ab191455c763c41fd9e42aa85503831 StaticDependenciesID=a64cefe9290e5f400bc647af2f2acc35 
Importing 'GUID: a68388bb7e2b49d46afe36243bab5efe - Path: Assets/Art/Meshes/Vanta_9.asset' with importer (NativeFormatImporter)
Main Object Name 'Vanta/combined/WheelFL/Carbon' does not match filename 'Vanta_9'
UnityEngine.Debug:ExtractStackTraceNoAlloc (byte*,int,string)
UnityEngine.StackTraceUtility:ExtractStackTrace ()
BuildGame:BakeModels () (at Assets/Editor/BuildGame.cs:22)
BuildGame:Build () (at Assets/Editor/BuildGame.cs:25)

[Assets/Editor/BuildGame.cs line 22]

Imported 'GUID: a68388bb7e2b49d46afe36243bab5efe' -> (Import Result ID: '43d7ef83a7746e4c267af3d223f25f52') in 0.001 seconds [static dependencies only]. Details - ImportResultOutputID=4b3c5f9376e71ae727463f03f307f053 DependenciesID=d08f3ef72fd38e7bd540860a4cd6b660 StaticDependenciesID=abc5cafe921d60061ff08af983b5e74a 
Importing 'GUID: a6541fd590618d345a270871fcb00160 - Path: Assets/Art/Meshes/Manta_4.asset' with importer (NativeFormatImporter)
Main Object Name 'Manta/combined/WheelRR/Tire' does not match filename 'Manta_4'
UnityEngine.Debug:ExtractStackTraceNoAlloc (byte*,int,string)
UnityEngine.StackTraceUtility:ExtractStackTrace ()
BuildGame:BakeModels () (at Assets/Editor/BuildGame.cs:22)
BuildGame:Build () (at Assets/Editor/BuildGame.cs:25)

[Assets/Editor/BuildGame.cs line 22]

Imported 'GUID: a6541fd590618d345a270871fcb00160' -> (Import Result ID: '51ae0b515c79741d7ca922414cb092cc') in 0.001 seconds [static dependencies only]. Details - ImportResultOutputID=c7f0c03d707813a2d5ddda8810de3ab7 DependenciesID=ea6f0d4d2834ce23df1f6271487bb5fd StaticDependenciesID=1233137f20b56a4ce1d85fee18ab384b 
Importing 'GUID: b6f29aacdfed8284ab0e87a7680027d7 - Path: Assets/Art/Meshes/Manta_16.asset' with importer (NativeFormatImporter)
Main Object Name 'Manta/combined/WheelFR/Metal' does not match filename 'Manta_16'
UnityEngine.Debug:ExtractStackTraceNoAlloc (byte*,int,string)
UnityEngine.StackTraceUtility:ExtractStackTrace ()
BuildGame:BakeModels () (at Assets/Editor/BuildGame.cs:22)
BuildGame:Build () (at Assets/Editor/BuildGame.cs:25)

[Assets/Editor/BuildGame.cs line 22]

Imported 'GUID: b6f29aacdfed8284ab0e87a7680027d7' -> (Import Result ID: '5089fe028694c8ef2b6b583559335b2e') in 0.001 seconds [static dependencies only]. Details - ImportResultOutputID=65c04f03b54100a9046a6f4192f0de6b DependenciesID=05e22644324c593d29efa4a644fa61ed StaticDependenciesID=72da0e6a9b882802362f17ce89922702 
Importing 'GUID: b6d3d5424fed595418945c1d4cc8abd3 - Path: Assets/Art/Meshes/Cinder_5.asset' with importer (NativeFormatImporter)
Main Object Name 'Cinder/combined/WheelFR/Carbon' does not match filename 'Cinder_5'
UnityEngine.Debug:ExtractStackTraceNoAlloc (byte*,int,string)
UnityEngine.StackTraceUtility:ExtractStackTrace ()
BuildGame:BakeModels () (at Assets/Editor/BuildGame.cs:22)
BuildGame:Build () (at Assets/Editor/BuildGame.cs:25)

[Assets/Editor/BuildGame.cs line 22]

Imported 'GUID: b6d3d5424fed595418945c1d4cc8abd3' -> (Import Result ID: 'b9a3081aedc11b8eefaa3bb29d04af3b') in 0.001 seconds [static dependencies only]. Details - ImportResultOutputID=db25dcc27731c12e4ce7f7533c8bf6d8 DependenciesID=048ca234e32fd6e81e1ec68e132e00a1 StaticDependenciesID=04b0d3b9c4b1b7fb7286068449f3bbfb 
Importing 'GUID: b63ed2aeb7b52c44ab528cba3918feee - Path: Assets/Art/Meshes/Comet_15.asset' with importer (NativeFormatImporter)
Main Object Name 'Comet/combined/WheelFR/Metal' does not match filename 'Comet_15'
UnityEngine.Debug:ExtractStackTraceNoAlloc (byte*,int,string)
UnityEngine.StackTraceUtility:ExtractStackTrace ()
BuildGame:BakeModels () (at Assets/Editor/BuildGame.cs:22)
BuildGame:Build () (at Assets/Editor/BuildGame.cs:25)

[Assets/Editor/BuildGame.cs line 22]

Imported 'GUID: b63ed2aeb7b52c44ab528cba3918feee' -> (Import Result ID: '345bd5b44772840b1aa5046edad62635') in 0.001 seconds [static dependencies only]. Details - ImportResultOutputID=c045ec9399cd156f3ba3777d0f8d46ef DependenciesID=4c2c3820b66c95df308864b636e25a98 StaticDependenciesID=d08f2a7ada8dfdfae0cc33a2db4de45a 
Importing 'GUID: c675b8ee8f2685540a6f89c99d0060b9 - Path: Assets/Art/Meshes/Relay_3.asset' with importer (NativeFormatImporter)
Main Object Name 'Relay/combined/WheelFR/Tire' does not match filename 'Relay_3'
UnityEngine.Debug:ExtractStackTraceNoAlloc (byte*,int,string)
UnityEngine.StackTraceUtility:ExtractStackTrace ()
BuildGame:BakeModels () (at Assets/Editor/BuildGame.cs:22)
BuildGame:Build () (at Assets/Editor/BuildGame.cs:25)

[Assets/Editor/BuildGame.cs line 22]

Imported 'GUID: c675b8ee8f2685540a6f89c99d0060b9' -> (Import Result ID: '6de1bf8b20cefb6fda2aa4e30d5aa2d1') in 0.001 seconds [static dependencies only]. Details - ImportResultOutputID=0aeb2e38fb4f8aab61fb22c6271b91a4 DependenciesID=d2209f3bd5ba254534d66d2af4f316d2 StaticDependenciesID=576269cb54d66b124af3f10e2518df00 
Importing 'GUID: e6f8479efc564344aad03e71713d505f - Path: Assets/Art/Meshes/TrackStation_0.asset' with importer (NativeFormatImporter)
Main Object Name 'TrackStation/combined/Body/Metal' does not match filename 'TrackStation_0'
UnityEngine.Debug:ExtractStackTraceNoAlloc (byte*,int,string)
UnityEngine.StackTraceUtility:ExtractStackTrace ()
BuildGame:BakeModels () (at Assets/Editor/BuildGame.cs:22)
BuildGame:Build () (at Assets/Editor/BuildGame.cs:25)

[Assets/Editor/BuildGame.cs line 22]

Imported 'GUID: e6f8479efc564344aad03e71713d505f' -> (Import Result ID: '580dc404d0e5cd9567fe7346a0864163') in 0.001 seconds [static dependencies only]. Details - ImportResultOutputID=81d064c184a49560d22ba43f97f57220 DependenciesID=edc90ceec0d19060c0618d4860dfb361 StaticDependenciesID=da7e618dde02e8a0338b909e645e91a1 
Importing 'GUID: f6311790a92c12641af2c2faa69b4f75 - Path: Assets/Art/Meshes/RaceArch_0.asset' with importer (NativeFormatImporter)
Main Object Name 'RaceArch/combined/Body/Building' does not match filename 'RaceArch_0'
UnityEngine.Debug:ExtractStackTraceNoAlloc (byte*,int,string)
UnityEngine.StackTraceUtility:ExtractStackTrace ()
BuildGame:BakeModels () (at Assets/Editor/BuildGame.cs:22)
BuildGame:Build () (at Assets/Editor/BuildGame.cs:25)

[Assets/Editor/BuildGame.cs line 22]

Imported 'GUID: f6311790a92c12641af2c2faa69b4f75' -> (Import Result ID: 'a5c622cc6e58184d35637012ea91e08f') in 0.001 seconds [static dependencies only]. Details - ImportResultOutputID=5776558748d21c9d598059624b6cd6f3 DependenciesID=176069e515697e61ff865a231e2146c0 StaticDependenciesID=cf4fbe133e3c87ffd9f90caeedeae926 
Importing 'GUID: 07b6be06a9d14b0428add51a1d3a0cdf - Path: Assets/Art/Meshes/Pip_9.asset' with importer (NativeFormatImporter)
Main Object Name 'Pip/combined/WheelFR/Wheel' does not match filename 'Pip_9'
UnityEngine.Debug:ExtractStackTraceNoAlloc (byte*,int,string)
UnityEngine.StackTraceUtility:ExtractStackTrace ()
BuildGame:BakeModels () (at Assets/Editor/BuildGame.cs:22)
BuildGame:Build () (at Assets/Editor/BuildGame.cs:25)

[Assets/Editor/BuildGame.cs line 22]

Imported 'GUID: 07b6be06a9d14b0428add51a1d3a0cdf' -> (Import Result ID: 'f1caaf339f92afefab74e786b4149e65') in 0.001 seconds [static dependencies only]. Details - ImportResultOutputID=6d7c105c08d8d850a508ad7b7ad115c3 DependenciesID=8c3f674e0f6ee3e73d5e7aa80c8274a3 StaticDependenciesID=420301fec02d102c9fae3c00c20a0c90 
Importing 'GUID: 07d9ff236abca5641bd9403abc42bf8a - Path: Assets/Art/Meshes/Pip_22.asset' with importer (NativeFormatImporter)
Main Object Name 'Pip/combined/Body/Metal' does not match filename 'Pip_22'
UnityEngine.Debug:ExtractStackTraceNoAlloc (byte*,int,string)
UnityEngine.StackTraceUtility:ExtractStackTrace ()
BuildGame:BakeModels () (at Assets/Editor/BuildGame.cs:22)
BuildGame:Build () (at Assets/Editor/BuildGame.cs:25)

[Assets/Editor/BuildGame.cs line 22]

Imported 'GUID: 07d9ff236abca5641bd9403abc42bf8a' -> (Import Result ID: 'dc59267d9202af28e75cd30434a23608') in 0.001 seconds [static dependencies only]. Details - ImportResultOutputID=5e7f4d9aef0475e92591303a0c3031d1 DependenciesID=ed5b5eea9cd5b7911d84215e806a83ed StaticDependenciesID=d780c460f900bcd51d930032b25f83d4 
Importing 'GUID: 070c8f583ba14694e9f65f55f234e713 - Path: Assets/Art/Meshes/Vanta_16.asset' with importer (NativeFormatImporter)
Main Object Name 'Vanta/combined/WheelRL/Tire' does not match filename 'Vanta_16'
UnityEngine.Debug:ExtractStackTraceNoAlloc (byte*,int,string)
UnityEngine.StackTraceUtility:ExtractStackTrace ()
BuildGame:BakeModels () (at Assets/Editor/BuildGame.cs:22)
BuildGame:Build () (at Assets/Editor/BuildGame.cs:25)

[Assets/Editor/BuildGame.cs line 22]

Imported 'GUID: 070c8f583ba14694e9f65f55f234e713' -> (Import Result ID: 'fa3a43e101a8a4959fb3b46f3ff2c833') in 0.001 seconds [static dependencies only]. Details - ImportResultOutputID=ea83d2c2e9e539c278b4881c3248f7d6 DependenciesID=4ff8b581afceade4c847a5c84e4315d9 StaticDependenciesID=483ccec56bffd0af233c9af4bc8b5111 
Importing 'GUID: 176ba15535ffdf94a88504a1cd7e6e0b - Path: Assets/Art/Meshes/Vanta_20.asset' with importer (NativeFormatImporter)
Main Object Name 'Vanta/combined/WheelFR/Wheel' does not match filename 'Vanta_20'
UnityEngine.Debug:ExtractStackTraceNoAlloc (byte*,int,string)
UnityEngine.StackTraceUtility:ExtractStackTrace ()
BuildGame:BakeModels () (at Assets/Editor/BuildGame.cs:22)
BuildGame:Build () (at Assets/Editor/BuildGame.cs:25)

[Assets/Editor/BuildGame.cs line 22]

Imported 'GUID: 176ba15535ffdf94a88504a1cd7e6e0b' -> (Import Result ID: '024a885c1218cc321e1dc0b4272cf83b') in 0.001 seconds [static dependencies only]. Details - ImportResultOutputID=94b299eb5a9cddeba4402c15d17e9f77 DependenciesID=b144e9e243032812b7dd0741d96d2d7d StaticDependenciesID=d81f7b7e530b81584b5d7ac1b0f0ca33 
Importing 'GUID: 17df9ff2fc8d5414b83918279411f445 - Path: Assets/Art/Meshes/Cinder_2.asset' with importer (NativeFormatImporter)
Main Object Name 'Cinder/combined/WheelRR/Wheel' does not match filename 'Cinder_2'
UnityEngine.Debug:ExtractStackTraceNoAlloc (byte*,int,string)
UnityEngine.StackTraceUtility:ExtractStackTrace ()
BuildGame:BakeModels () (at Assets/Editor/BuildGame.cs:22)
BuildGame:Build () (at Assets/Editor/BuildGame.cs:25)

[Assets/Editor/BuildGame.cs line 22]

Imported 'GUID: 17df9ff2fc8d5414b83918279411f445' -> (Import Result ID: '7ffb283ad9bda53c7ca95ef89bd3759b') in 0.001 seconds [static dependencies only]. Details - ImportResultOutputID=980f13d76038acbb33179bea49f78188 DependenciesID=f3ce3eb7bfae4a78d9e067bbc4efcdc6 StaticDependenciesID=c8249eace7b165785bd28908e5c75e15 
Importing 'GUID: 373cbfc0f82855f4ab9ab1877d5e6991 - Path: Assets/Art/Meshes/Manta_6.asset' with importer (NativeFormatImporter)
Main Object Name 'Manta/combined/WheelFL/Accent' does not match filename 'Manta_6'
UnityEngine.Debug:ExtractStackTraceNoAlloc (byte*,int,string)
UnityEngine.StackTraceUtility:ExtractStackTrace ()
BuildGame:BakeModels () (at Assets/Editor/BuildGame.cs:22)
BuildGame:Build () (at Assets/Editor/BuildGame.cs:25)

[Assets/Editor/BuildGame.cs line 22]

Imported 'GUID: 373cbfc0f82855f4ab9ab1877d5e6991' -> (Import Result ID: '5abf59b80337f1e1bc78751656018894') in 0.001 seconds [static dependencies only]. Details - ImportResultOutputID=e56682bbbee79c6864b695ced94f4417 DependenciesID=aa8c47d47fe84740a07367566b96a3cd StaticDependenciesID=bac453de6151dbe952e2f61142bac387 
Importing 'GUID: 47f95518c8f164c458c10c766966efdf - Path: Assets/Art/Meshes/Pip_7.asset' with importer (NativeFormatImporter)
Main Object Name 'Pip/combined/WheelFR/Accent' does not match filename 'Pip_7'
UnityEngine.Debug:ExtractStackTraceNoAlloc (byte*,int,string)
UnityEngine.StackTraceUtility:ExtractStackTrace ()
BuildGame:BakeModels () (at Assets/Editor/BuildGame.cs:22)
BuildGame:Build () (at Assets/Editor/BuildGame.cs:25)

[Assets/Editor/BuildGame.cs line 22]

Imported 'GUID: 47f95518c8f164c458c10c766966efdf' -> (Import Result ID: '1339c2afc8d1670caea762ba5ba3adfd') in 0.001 seconds [static dependencies only]. Details - ImportResultOutputID=8c009c5855bb12c22dde7bba40cd08ec DependenciesID=a4f4954f1571ef824cb10e0a7225e17e StaticDependenciesID=1cdffbbce6098c71b7a6030e4e618baf 
Importing 'GUID: 576e80063ac809a408685b77c8fdc1c5 - Path: Assets/Art/Meshes/Spectre_2.asset' with importer (NativeFormatImporter)
Main Object Name 'Spectre/combined/WheelRL/Metal' does not match filename 'Spectre_2'
UnityEngine.Debug:ExtractStackTraceNoAlloc (byte*,int,string)
UnityEngine.StackTraceUtility:ExtractStackTrace ()
BuildGame:BakeModels () (at Assets/Editor/BuildGame.cs:22)
BuildGame:Build () (at Assets/Editor/BuildGame.cs:25)

[Assets/Editor/BuildGame.cs line 22]

Imported 'GUID: 576e80063ac809a408685b77c8fdc1c5' -> (Import Result ID: 'a6fec38f90d0e85688e81d78b1a07322') in 0.001 seconds [static dependencies only]. Details - ImportResultOutputID=595a99f6ae0db5274667f97b8d4405c6 DependenciesID=8d70e52f887e7b872df9f75570c0a041 StaticDependenciesID=b35a2131551a513ab8d0cf36805a74ee 
Importing 'GUID: 676930b629c7e70419e93afb52b89c88 - Path: Assets/Art/Meshes/Relay_10.asset' with importer (NativeFormatImporter)
Main Object Name 'Relay/combined/WheelRL/Carbon' does not match filename 'Relay_10'
UnityEngine.Debug:ExtractStackTraceNoAlloc (byte*,int,string)
UnityEngine.StackTraceUtility:ExtractStackTrace ()
BuildGame:BakeModels () (at Assets/Editor/BuildGame.cs:22)
BuildGame:Build () (at Assets/Editor/BuildGame.cs:25)

[Assets/Editor/BuildGame.cs line 22]

Imported 'GUID: 676930b629c7e70419e93afb52b89c88' -> (Import Result ID: 'fbbe7183038797d8397e5c1228d4a989') in 0.001 seconds [static dependencies only]. Details - ImportResultOutputID=1cf51d61225ca0e89d47d6a9441c6f99 DependenciesID=30fe65c965c1fd08912f8887ea2ef3bf StaticDependenciesID=f829d48e17b9aebbfd7d28d1507fa23a 
Importing 'GUID: 77321b261a223f9449597af79944895d - Path: Assets/Art/Meshes/Manta_25.asset' with importer (NativeFormatImporter)
Main Object Name 'Manta/combined/Body/Glass' does not match filename 'Manta_25'
UnityEngine.Debug:ExtractStackTraceNoAlloc (byte*,int,string)
UnityEngine.StackTraceUtility:ExtractStackTrace ()
BuildGame:BakeModels () (at Assets/Editor/BuildGame.cs:22)
BuildGame:Build () (at Assets/Editor/BuildGame.cs:25)

[Assets/Editor/BuildGame.cs line 22]

Imported 'GUID: 77321b261a223f9449597af79944895d' -> (Import Result ID: '5973b80963254154810a5a254728c9c6') in 0.001 seconds [static dependencies only]. Details - ImportResultOutputID=7412886a9d8a339086eab81929fe1197 DependenciesID=25db89af4b23572e9d32bf845046030b StaticDependenciesID=7e08b3c4d78f233b9b6dcb1b91c8b99d 
Importing 'GUID: 77aed6d5df3e29b4bb7e49eeb27e46c4 - Path: Assets/Art/Meshes/Atlas_6.asset' with importer (NativeFormatImporter)
Main Object Name 'Atlas/combined/WheelRR/Accent' does not match filename 'Atlas_6'
UnityEngine.Debug:ExtractStackTraceNoAlloc (byte*,int,string)
UnityEngine.StackTraceUtility:ExtractStackTrace ()
BuildGame:BakeModels () (at Assets/Editor/BuildGame.cs:22)
BuildGame:Build () (at Assets/Editor/BuildGame.cs:25)

[Assets/Editor/BuildGame.cs line 22]

Imported 'GUID: 77aed6d5df3e29b4bb7e49eeb27e46c4' -> (Import Result ID: 'ecfe54b24a4ddb467a88fc46266d0f90') in 0.001 seconds [static dependencies only]. Details - ImportResultOutputID=7b7fe4765314d4efbc20fbd742a4f898 DependenciesID=35b1343207b31d316fed6ed0f63e7cc0 StaticDependenciesID=0db916c9284b16674dd58f1e65405e03 
Importing 'GUID: 97b3d8bc4db99c84d9f7012d225ca6d7 - Path: Assets/Art/Meshes/Relay_17.asset' with importer (NativeFormatImporter)
Main Object Name 'Relay/combined/WheelFL/Carbon' does not match filename 'Relay_17'
UnityEngine.Debug:ExtractStackTraceNoAlloc (byte*,int,string)
UnityEngine.StackTraceUtility:ExtractStackTrace ()
BuildGame:BakeModels () (at Assets/Editor/BuildGame.cs:22)
BuildGame:Build () (at Assets/Editor/BuildGame.cs:25)

[Assets/Editor/BuildGame.cs line 22]

Imported 'GUID: 97b3d8bc4db99c84d9f7012d225ca6d7' -> (Import Result ID: '705fe338f5ce93d81fab0a391c5db7c1') in 0.001 seconds [static dependencies only]. Details - ImportResultOutputID=dd1cca8542b0f529d5271bacf2420209 DependenciesID=b9889c0313975cf029d026ac4fef7f12 StaticDependenciesID=49a94cd934730a5814e55a9c04e59f18 
Importing 'GUID: a79eb5b5adada6041b006ac1d46772b1 - Path: Assets/Art/Meshes/Atlas_7.asset' with importer (NativeFormatImporter)
Main Object Name 'Atlas/combined/WheelRR/Tire' does not match filename 'Atlas_7'
UnityEngine.Debug:ExtractStackTraceNoAlloc (byte*,int,string)
UnityEngine.StackTraceUtility:ExtractStackTrace ()
BuildGame:BakeModels () (at Assets/Editor/BuildGame.cs:22)
BuildGame:Build () (at Assets/Editor/BuildGame.cs:25)

[Assets/Editor/BuildGame.cs line 22]

Imported 'GUID: a79eb5b5adada6041b006ac1d46772b1' -> (Import Result ID: '1d34122953d72d2359a8f3dc2c2cc797') in 0.001 seconds [static dependencies only]. Details - ImportResultOutputID=ed797aa82123e496e40377d0c89568b5 DependenciesID=e395d5aa6dd7216709e63caf9da3a0be StaticDependenciesID=bb8388ce2dd4d8d436c1bb7868b50823 
Importing 'GUID: b7428de8f94bd8b40b86b931d04cc89f - Path: Assets/Art/Meshes/Relay_24.asset' with importer (NativeFormatImporter)
Main Object Name 'Relay/combined/Body/Headlight' does not match filename 'Relay_24'
UnityEngine.Debug:ExtractStackTraceNoAlloc (byte*,int,string)
UnityEngine.StackTraceUtility:ExtractStackTrace ()
BuildGame:BakeModels () (at Assets/Editor/BuildGame.cs:22)
BuildGame:Build () (at Assets/Editor/BuildGame.cs:25)

[Assets/Editor/BuildGame.cs line 22]

Imported 'GUID: b7428de8f94bd8b40b86b931d04cc89f' -> (Import Result ID: '6d305b315cabe2534ee2205ff6d5a19a') in 0.001 seconds [static dependencies only]. Details - ImportResultOutputID=ace44d96579c011a6cba19eef2070605 DependenciesID=245b1665149e25ca054678f55d1cd222 StaticDependenciesID=7dec00d35a0f1b2f63dcc243df6c16dc 
Importing 'GUID: c75d99f1e26933f478c69468e75ca4f4 - Path: Assets/Art/Meshes/Spectre_27.asset' with importer (NativeFormatImporter)
Main Object Name 'Spectre/combined/Body/Glass' does not match filename 'Spectre_27'
UnityEngine.Debug:ExtractStackTraceNoAlloc (byte*,int,string)
UnityEngine.StackTraceUtility:ExtractStackTrace ()
BuildGame:BakeModels () (at Assets/Editor/BuildGame.cs:22)
BuildGame:Build () (at Assets/Editor/BuildGame.cs:25)

[Assets/Editor/BuildGame.cs line 22]

Imported 'GUID: c75d99f1e26933f478c69468e75ca4f4' -> (Import Result ID: 'ee87e1db4a06a74fdd688f5629f0e479') in 0.001 seconds [static dependencies only]. Details - ImportResultOutputID=01dc997b22bb01bf9b98343cd78eb07f DependenciesID=2c6318eb7ac74386b44def66bdcbf712 StaticDependenciesID=861d1dd30c5fb523a9b9f30720941628 
Importing 'GUID: d7138dd7ba0b9204fa67c9f3696e2e51 - Path: Assets/Art/Meshes/Nomad_11.asset' with importer (NativeFormatImporter)
Main Object Name 'Nomad/combined/Body/Carbon' does not match filename 'Nomad_11'
UnityEngine.Debug:ExtractStackTraceNoAlloc (byte*,int,string)
UnityEngine.StackTraceUtility:ExtractStackTrace ()
BuildGame:BakeModels () (at Assets/Editor/BuildGame.cs:22)
BuildGame:Build () (at Assets/Editor/BuildGame.cs:25)

[Assets/Editor/BuildGame.cs line 22]

Imported 'GUID: d7138dd7ba0b9204fa67c9f3696e2e51' -> (Import Result ID: 'f3f680dbd9b9246bea2fb0dc7fc2ffc7') in 0.001 seconds [static dependencies only]. Details - ImportResultOutputID=53f0c75c576c885b1bc753d1c4f22b57 DependenciesID=0af92afd03d5cc5f102634d669456f5b StaticDependenciesID=1cdb875b8dfeb2869c3c3cc1972b8323 
Importing 'GUID: e744b1085c1749a4dba396c6b64828ba - Path: Assets/Art/Meshes/Spectre_5.asset' with importer (NativeFormatImporter)
Main Object Name 'Spectre/combined/WheelFL/Tire' does not match filename 'Spectre_5'
UnityEngine.Debug:ExtractStackTraceNoAlloc (byte*,int,string)
UnityEngine.StackTraceUtility:ExtractStackTrace ()
BuildGame:BakeModels () (at Assets/Editor/BuildGame.cs:22)
BuildGame:Build () (at Assets/Editor/BuildGame.cs:25)

[Assets/Editor/BuildGame.cs line 22]

Imported 'GUID: e744b1085c1749a4dba396c6b64828ba' -> (Import Result ID: '92b098a16d90ac95d9b47565a7a0c2b9') in 0.001 seconds [static dependencies only]. Details - ImportResultOutputID=a19d13cb54800396b3afb32d538f9c78 DependenciesID=29b32cacf9af4519a1d8e072367cb0da StaticDependenciesID=5bb49c5e4eddf2f4ab71b16350d1a6bf 
Importing 'GUID: e77a6bbd843fbf2448eee65bafef383f - Path: Assets/Art/Meshes/Cinder_10.asset' with importer (NativeFormatImporter)
Main Object Name 'Cinder/combined/WheelRL/Accent' does not match filename 'Cinder_10'
UnityEngine.Debug:ExtractStackTraceNoAlloc (byte*,int,string)
UnityEngine.StackTraceUtility:ExtractStackTrace ()
BuildGame:BakeModels () (at Assets/Editor/BuildGame.cs:22)
BuildGame:Build () (at Assets/Editor/BuildGame.cs:25)

[Assets/Editor/BuildGame.cs line 22]

Imported 'GUID: e77a6bbd843fbf2448eee65bafef383f' -> (Import Result ID: '7492d839141476c9befac4a3c3820249') in 0.001 seconds [static dependencies only]. Details - ImportResultOutputID=904440daf3e32c911730165d211b85a3 DependenciesID=45bee2f7c2811b5c3f57fa4bdf608627 StaticDependenciesID=d5f238b7c8f953b798200c3d7e8e40e3 
Importing 'GUID: 081dcb255a4f05d4aa4b27e0cdd0caee - Path: Assets/Art/Meshes/Spectre_0.asset' with importer (NativeFormatImporter)
Main Object Name 'Spectre/combined/WheelRL/Carbon' does not match filename 'Spectre_0'
UnityEngine.Debug:ExtractStackTraceNoAlloc (byte*,int,string)
UnityEngine.StackTraceUtility:ExtractStackTrace ()
BuildGame:BakeModels () (at Assets/Editor/BuildGame.cs:22)
BuildGame:Build () (at Assets/Editor/BuildGame.cs:25)

[Assets/Editor/BuildGame.cs line 22]

Imported 'GUID: 081dcb255a4f05d4aa4b27e0cdd0caee' -> (Import Result ID: 'f1e7647baca8b7499fa970716542e30d') in 0.001 seconds [static dependencies only]. Details - ImportResultOutputID=96390bfc8f6aab44d90cc2f58a4e05bf DependenciesID=884a440f947869f4e3c8564c4135beb2 StaticDependenciesID=3a8e42fc037322c8b02c5be5e64cc319 
Importing 'GUID: 289aa85882c02844aa0ce7859fbc2ca4 - Path: Assets/Art/Meshes/Vanta_1.asset' with importer (NativeFormatImporter)
Main Object Name 'Vanta/combined/Body/Carbon' does not match filename 'Vanta_1'
UnityEngine.Debug:ExtractStackTraceNoAlloc (byte*,int,string)
UnityEngine.StackTraceUtility:ExtractStackTrace ()
BuildGame:BakeModels () (at Assets/Editor/BuildGame.cs:22)
BuildGame:Build () (at Assets/Editor/BuildGame.cs:25)

[Assets/Editor/BuildGame.cs line 22]

Imported 'GUID: 289aa85882c02844aa0ce7859fbc2ca4' -> (Import Result ID: 'd438c6dd95fe811fd1b1bf8af30ec838') in 0.001 seconds [static dependencies only]. Details - ImportResultOutputID=054fa3f159fa7b91ee32ef988ea6dac2 DependenciesID=0ed511ad543e63a14414cfec8cc826d6 StaticDependenciesID=b48a920c627a2ebbf5b839cf0f0c9ffa 
Importing 'GUID: 282b92fa72fb98d44a1f18933996c09f - Path: Assets/Art/Meshes/Relay_25.asset' with importer (NativeFormatImporter)
Main Object Name 'Relay/combined/Body/Metal' does not match filename 'Relay_25'
UnityEngine.Debug:ExtractStackTraceNoAlloc (byte*,int,string)
UnityEngine.StackTraceUtility:ExtractStackTrace ()
BuildGame:BakeModels () (at Assets/Editor/BuildGame.cs:22)
BuildGame:Build () (at Assets/Editor/BuildGame.cs:25)

[Assets/Editor/BuildGame.cs line 22]

Imported 'GUID: 282b92fa72fb98d44a1f18933996c09f' -> (Import Result ID: '7b40021ff545e8dab2297492ac42f892') in 0.001 seconds [static dependencies only]. Details - ImportResultOutputID=5f96e43a17512fd6698cb6dfce9e6229 DependenciesID=d70e08914441991cd443e986632aa9b8 StaticDependenciesID=965c20f011190dfe608cd2142b52e78c 
Importing 'GUID: 282e5ea2a895e50468f7fec40a503bfe - Path: Assets/Art/Meshes/Miso_1.asset' with importer (NativeFormatImporter)
Main Object Name 'Miso/combined/WheelRR/Accent' does not match filename 'Miso_1'
UnityEngine.Debug:ExtractStackTraceNoAlloc (byte*,int,string)
UnityEngine.StackTraceUtility:ExtractStackTrace ()
BuildGame:BakeModels () (at Assets/Editor/BuildGame.cs:22)
BuildGame:Build () (at Assets/Editor/BuildGame.cs:25)

[Assets/Editor/BuildGame.cs line 22]

Imported 'GUID: 282e5ea2a895e50468f7fec40a503bfe' -> (Import Result ID: '6af307071f50d4bcbaf2a3cc64187123') in 0.001 seconds [static dependencies only]. Details - ImportResultOutputID=9e7834caa348967549efd751cd8e038e DependenciesID=106defc96f5de0362648735081698a09 StaticDependenciesID=f6b39a8f4e6a21767615067edca06c2e 
Importing 'GUID: 282f1ed74e3458546985766d8aafd5bf - Path: Assets/Art/Meshes/Atlas_2.asset' with importer (NativeFormatImporter)
Main Object Name 'Atlas/combined/WheelRL/Accent' does not match filename 'Atlas_2'
UnityEngine.Debug:ExtractStackTraceNoAlloc (byte*,int,string)
UnityEngine.StackTraceUtility:ExtractStackTrace ()
BuildGame:BakeModels () (at Assets/Editor/BuildGame.cs:22)
BuildGame:Build () (at Assets/Editor/BuildGame.cs:25)

[Assets/Editor/BuildGame.cs line 22]

Imported 'GUID: 282f1ed74e3458546985766d8aafd5bf' -> (Import Result ID: '3f6f986e36a77aaaac3ca7c5f8ab564b') in 0.001 seconds [static dependencies only]. Details - ImportResultOutputID=434f4f43f4a127c4c3ccbc4b1edde4a8 DependenciesID=1cb0321e0e148da004f976b51b079f94 StaticDependenciesID=009ecae2843b0a5330840dbb76dbc732 
Importing 'GUID: 385024786c90dd34985cc82ad5741188 - Path: Assets/Art/Meshes/Atlas_14.asset' with importer (NativeFormatImporter)
Main Object Name 'Atlas/combined/WheelFR/Tire' does not match filename 'Atlas_14'
UnityEngine.Debug:ExtractStackTraceNoAlloc (byte*,int,string)
UnityEngine.StackTraceUtility:ExtractStackTrace ()
BuildGame:BakeModels () (at Assets/Editor/BuildGame.cs:22)
BuildGame:Build () (at Assets/Editor/BuildGame.cs:25)

[Assets/Editor/BuildGame.cs line 22]

Imported 'GUID: 385024786c90dd34985cc82ad5741188' -> (Import Result ID: 'eac6474157110c2fd6ff7c78f6ca9288') in 0.001 seconds [static dependencies only]. Details - ImportResultOutputID=7c6c3f0e7a07b4ba2830d9d6992da062 DependenciesID=2bbbc68c91128fd92e02eb296bf60fc6 StaticDependenciesID=bfa2bb19ba59c03073c46289254503ed 
Importing 'GUID: 58be5ea69a953384081d9c3a04638a15 - Path: Assets/Art/Meshes/Vanta_12.asset' with importer (NativeFormatImporter)
Main Object Name 'Vanta/combined/WheelRL/Carbon' does not match filename 'Vanta_12'
UnityEngine.Debug:ExtractStackTraceNoAlloc (byte*,int,string)
UnityEngine.StackTraceUtility:ExtractStackTrace ()
BuildGame:BakeModels () (at Assets/Editor/BuildGame.cs:22)
BuildGame:Build () (at Assets/Editor/BuildGame.cs:25)

[Assets/Editor/BuildGame.cs line 22]

Imported 'GUID: 58be5ea69a953384081d9c3a04638a15' -> (Import Result ID: 'cbf90b7d43bf4a14c620bb601211b2ad') in 0.001 seconds [static dependencies only]. Details - ImportResultOutputID=f7f476c9cb1cafaac9d3b6afc0badcca DependenciesID=27a3622ed9fb76c5e20dffadc5fe0f71 StaticDependenciesID=e52427cd7041304ee77885045f640ac3 
Importing 'GUID: 7874cc012a6bb5744bac0465a45e5b39 - Path: Assets/Art/Meshes/Cinder_20.asset' with importer (NativeFormatImporter)
Main Object Name 'Cinder/combined/Body/Taillight' does not match filename 'Cinder_20'
UnityEngine.Debug:ExtractStackTraceNoAlloc (byte*,int,string)
UnityEngine.StackTraceUtility:ExtractStackTrace ()
BuildGame:BakeModels () (at Assets/Editor/BuildGame.cs:22)
BuildGame:Build () (at Assets/Editor/BuildGame.cs:25)

[Assets/Editor/BuildGame.cs line 22]

Imported 'GUID: 7874cc012a6bb5744bac0465a45e5b39' -> (Import Result ID: 'd1e606b2093c2c6321dce04d9013ce55') in 0.001 seconds [static dependencies only]. Details - ImportResultOutputID=0544a5affcf3ee7b150d8c33aece726d DependenciesID=138d71b742c985c83bf0e28973e493d2 StaticDependenciesID=814b74c3019dd392be3331e6385f7098 
Importing 'GUID: 782bf47629955e34bbe6dd76e7b36a1d - Path: Assets/Art/Meshes/Miso_15.asset' with importer (NativeFormatImporter)
Main Object Name 'Miso/combined/Body/Accent' does not match filename 'Miso_15'
UnityEngine.Debug:ExtractStackTraceNoAlloc (byte*,int,string)
UnityEngine.StackTraceUtility:ExtractStackTrace ()
BuildGame:BakeModels () (at Assets/Editor/BuildGame.cs:22)
BuildGame:Build () (at Assets/Editor/BuildGame.cs:25)

[Assets/Editor/BuildGame.cs line 22]

Imported 'GUID: 782bf47629955e34bbe6dd76e7b36a1d' -> (Import Result ID: '84c33d6854bf9f104b82b91eafd73f4b') in 0.001 seconds [static dependencies only]. Details - ImportResultOutputID=54bd84b7eb8840807b040a0d30f1b6f8 DependenciesID=b5f0e0ee3b2fcdb1b4a16dfe16bfabd8 StaticDependenciesID=729327f461a5f2e517865a65fa23d4b4 
Importing 'GUID: 8874cc3b8fa96c142821460073a6d2db - Path: Assets/Art/Meshes/Pip_15.asset' with importer (NativeFormatImporter)
Main Object Name 'Pip/combined/WheelRL/Carbon' does not match filename 'Pip_15'
UnityEngine.Debug:ExtractStackTraceNoAlloc (byte*,int,string)
UnityEngine.StackTraceUtility:ExtractStackTrace ()
BuildGame:BakeModels () (at Assets/Editor/BuildGame.cs:22)
BuildGame:Build () (at Assets/Editor/BuildGame.cs:25)

[Assets/Editor/BuildGame.cs line 22]

Imported 'GUID: 8874cc3b8fa96c142821460073a6d2db' -> (Import Result ID: '0a326a063afc9d2f50ae87eb5ba45f61') in 0.001 seconds [static dependencies only]. Details - ImportResultOutputID=05ef808d40b7f00b53784fbfc449c31e DependenciesID=df7a1d772f8de48685542788ba491019 StaticDependenciesID=6c59bcb16205170dd06bce483a890dde 
Importing 'GUID: a8a1e89af5f6e534187b6db2409621d1 - Path: Assets/Art/Meshes/Comet_1.asset' with importer (NativeFormatImporter)
Main Object Name 'Comet/combined/WheelFL/Wheel' does not match filename 'Comet_1'
UnityEngine.Debug:ExtractStackTraceNoAlloc (byte*,int,string)
UnityEngine.StackTraceUtility:ExtractStackTrace ()
BuildGame:BakeModels () (at Assets/Editor/BuildGame.cs:22)
BuildGame:Build () (at Assets/Editor/BuildGame.cs:25)

[Assets/Editor/BuildGame.cs line 22]

Imported 'GUID: a8a1e89af5f6e534187b6db2409621d1' -> (Import Result ID: 'ddafa76e58850a139ef91b2eba3ff4b2') in 0.001 seconds [static dependencies only]. Details - ImportResultOutputID=277ed68604093175c632072cbbd06e95 DependenciesID=d8647fbf4734ef37507e0053964b1253 StaticDependenciesID=5c6f1566337f352c89f48ebef5eae449 
Importing 'GUID: c8e75468b1fd4ac48965ddfc5f5bf929 - Path: Assets/Art/Meshes/Comet_14.asset' with importer (NativeFormatImporter)
Main Object Name 'Comet/combined/WheelRR/Tire' does not match filename 'Comet_14'
UnityEngine.Debug:ExtractStackTraceNoAlloc (byte*,int,string)
UnityEngine.StackTraceUtility:ExtractStackTrace ()
BuildGame:BakeModels () (at Assets/Editor/BuildGame.cs:22)
BuildGame:Build () (at Assets/Editor/BuildGame.cs:25)

[Assets/Editor/BuildGame.cs line 22]

Imported 'GUID: c8e75468b1fd4ac48965ddfc5f5bf929' -> (Import Result ID: 'a3f9f44e9f494c6bc0bbbb134f51ffb0') in 0.001 seconds [static dependencies only]. Details - ImportResultOutputID=e2b0fd9c9301645797045d4bff4ae1f9 DependenciesID=a20942712e2a7e84cb75c5d0547b89d9 StaticDependenciesID=0505272e3065836830325b4df5c1d35d 
Importing 'GUID: 09704ce0a12ad7e4c80b5c58c996bce9 - Path: Assets/Art/Meshes/Cinder_16.asset' with importer (NativeFormatImporter)
Main Object Name 'Cinder/combined/WheelFL/Metal' does not match filename 'Cinder_16'
UnityEngine.Debug:ExtractStackTraceNoAlloc (byte*,int,string)
UnityEngine.StackTraceUtility:ExtractStackTrace ()
BuildGame:BakeModels () (at Assets/Editor/BuildGame.cs:22)
BuildGame:Build () (at Assets/Editor/BuildGame.cs:25)

[Assets/Editor/BuildGame.cs line 22]

Imported 'GUID: 09704ce0a12ad7e4c80b5c58c996bce9' -> (Import Result ID: '20f02f1e13ebaf8a61f9b06e7ea47eab') in 0.001 seconds [static dependencies only]. Details - ImportResultOutputID=af25849c92db16a9bfdcabb8d7aa0b52 DependenciesID=c94819ef7ab22c620c0a1520aa2bb28c StaticDependenciesID=b0a49835668e55a5b59e288a550a8324 
Importing 'GUID: 0931026714888e54881a889708901417 - Path: Assets/Art/Meshes/Miso_14.asset' with importer (NativeFormatImporter)
Main Object Name 'Miso/combined/WheelFL/Wheel' does not match filename 'Miso_14'
UnityEngine.Debug:ExtractStackTraceNoAlloc (byte*,int,string)
UnityEngine.StackTraceUtility:ExtractStackTrace ()
BuildGame:BakeModels () (at Assets/Editor/BuildGame.cs:22)
BuildGame:Build () (at Assets/Editor/BuildGame.cs:25)

[Assets/Editor/BuildGame.cs line 22]

Imported 'GUID: 0931026714888e54881a889708901417' -> (Import Result ID: '14c9fd5a312dda6a8356be9a372483e1') in 0.001 seconds [static dependencies only]. Details - ImportResultOutputID=1179fc0453b0c09d8c1bcdf37f80bd12 DependenciesID=16f517bb6bb97ad105238e7d6e507472 StaticDependenciesID=79ffe2c306c51cdda525cba784a05d66 
Importing 'GUID: 19b4ecba935b4664b956bce713f0a54d - Path: Assets/Art/Meshes/Relay_11.asset' with importer (NativeFormatImporter)
Main Object Name 'Relay/combined/WheelRL/Metal' does not match filename 'Relay_11'
UnityEngine.Debug:ExtractStackTraceNoAlloc (byte*,int,string)
UnityEngine.StackTraceUtility:ExtractStackTrace ()
BuildGame:BakeModels () (at Assets/Editor/BuildGame.cs:22)
BuildGame:Build () (at Assets/Editor/BuildGame.cs:25)

[Assets/Editor/BuildGame.cs line 22]

Imported 'GUID: 19b4ecba935b4664b956bce713f0a54d' -> (Import Result ID: '89d764c991983fe418a38bf1e48c0854') in 0.001 seconds [static dependencies only]. Details - ImportResultOutputID=1442b6198b1a4b7cfd3eb8719d678ba2 DependenciesID=03dcdb1da5646a94910cbbddc3ee751e StaticDependenciesID=0a353adda38e0c54642112b6be4eff8b 
Importing 'GUID: 19e754ae8a2b6b24dba2f93282c50b1e - Path: Assets/Art/Meshes/Relay_22.asset' with importer (NativeFormatImporter)
Main Object Name 'Relay/combined/Body/Carbon' does not match filename 'Relay_22'
UnityEngine.Debug:ExtractStackTraceNoAlloc (byte*,int,string)
UnityEngine.StackTraceUtility:ExtractStackTrace ()
BuildGame:BakeModels () (at Assets/Editor/BuildGame.cs:22)
BuildGame:Build () (at Assets/Editor/BuildGame.cs:25)

[Assets/Editor/BuildGame.cs line 22]

Imported 'GUID: 19e754ae8a2b6b24dba2f93282c50b1e' -> (Import Result ID: 'b63079ae0daf9073b5f513ab9e0dc47c') in 0.001 seconds [static dependencies only]. Details - ImportResultOutputID=1cc8f02fb2c78b64d90dbf340dd154b2 DependenciesID=72204909bff6e00ea55a6a0c8f42e49e StaticDependenciesID=caeed1488298bb7c9eb8e315897a2a9b 
Importing 'GUID: 39937bdb1c3701340a4fb3a87fa31d5d - Path: Assets/Art/Meshes/Miso_7.asset' with importer (NativeFormatImporter)
Main Object Name 'Miso/combined/WheelFR/Accent' does not match filename 'Miso_7'
UnityEngine.Debug:ExtractStackTraceNoAlloc (byte*,int,string)
UnityEngine.StackTraceUtility:ExtractStackTrace ()
BuildGame:BakeModels () (at Assets/Editor/BuildGame.cs:22)
BuildGame:Build () (at Assets/Editor/BuildGame.cs:25)

[Assets/Editor/BuildGame.cs line 22]

Imported 'GUID: 39937bdb1c3701340a4fb3a87fa31d5d' -> (Import Result ID: '1de0e1c263d19f0e6c1e9a1aafb5ffc7') in 0.001 seconds [static dependencies only]. Details - ImportResultOutputID=9836d51ab457d7e74db226b63357ba08 DependenciesID=31f419c91112691ac030dcd20559afa9 StaticDependenciesID=6a9bb524f3b87622bccdf01e4ad12157 
Importing 'GUID: 39d32a19fa0002245a1944a4ed2c9ab8 - Path: Assets/Art/Meshes/Comet_9.asset' with importer (NativeFormatImporter)
Main Object Name 'Comet/combined/WheelRL/Wheel' does not match filename 'Comet_9'
UnityEngine.Debug:ExtractStackTraceNoAlloc (byte*,int,string)
UnityEngine.StackTraceUtility:ExtractStackTrace ()
BuildGame:BakeModels () (at Assets/Editor/BuildGame.cs:22)
BuildGame:Build () (at Assets/Editor/BuildGame.cs:25)

[Assets/Editor/BuildGame.cs line 22]

Imported 'GUID: 39d32a19fa0002245a1944a4ed2c9ab8' -> (Import Result ID: 'bc9fdf04f276b7311835ada95bf62917') in 0.001 seconds [static dependencies only]. Details - ImportResultOutputID=75fafbd4f68a5f6e98b0645b6e12832b DependenciesID=70319e4fdfb273b6a724ba0063443fd6 StaticDependenciesID=636738097ebf511c2d316c36015c211d 
Importing 'GUID: 3956554391f5cfe45b3ebb4c5d23d574 - Path: Assets/Art/Meshes/Miso_12.asset' with importer (NativeFormatImporter)
Main Object Name 'Miso/combined/WheelFL/Tire' does not match filename 'Miso_12'
UnityEngine.Debug:ExtractStackTraceNoAlloc (byte*,int,string)
UnityEngine.StackTraceUtility:ExtractStackTrace ()
BuildGame:BakeModels () (at Assets/Editor/BuildGame.cs:22)
BuildGame:Build () (at Assets/Editor/BuildGame.cs:25)

[Assets/Editor/BuildGame.cs line 22]

Imported 'GUID: 3956554391f5cfe45b3ebb4c5d23d574' -> (Import Result ID: 'b1da82470a2f90fc6832a56da3fd2f80') in 0.001 seconds [static dependencies only]. Details - ImportResultOutputID=598d3dbed99fd8cc67e52de7113ca3d9 DependenciesID=654e971c00dbc5c7433561befd2c95bd StaticDependenciesID=9e7a3b04f9cfd3f1da0102ab404aeae0 
Importing 'GUID: 49a27f7a64db5e543b8fc10eaa98ecae - Path: Assets/Art/Meshes/Miso_6.asset' with importer (NativeFormatImporter)
Main Object Name 'Miso/combined/WheelFR/Metal' does not match filename 'Miso_6'
UnityEngine.Debug:ExtractStackTraceNoAlloc (byte*,int,string)
UnityEngine.StackTraceUtility:ExtractStackTrace ()
BuildGame:BakeModels () (at Assets/Editor/BuildGame.cs:22)
BuildGame:Build () (at Assets/Editor/BuildGame.cs:25)

[Assets/Editor/BuildGame.cs line 22]

Imported 'GUID: 49a27f7a64db5e543b8fc10eaa98ecae' -> (Import Result ID: 'b7c553a39bdf71d7fb29e0d801b6d32c') in 0.001 seconds [static dependencies only]. Details - ImportResultOutputID=621fe59717dbd5f5a72a4d43fc7438f9 DependenciesID=05f0943698aeb4de498fa44fd2c85017 StaticDependenciesID=8c36eb8a7f378742f6c152298904c222 
Importing 'GUID: 49d327c393e6241499ebc330c0803736 - Path: Assets/Art/Meshes/Vanta_21.asset' with importer (NativeFormatImporter)
Main Object Name 'Vanta/combined/WheelFR/Tire' does not match filename 'Vanta_21'
UnityEngine.Debug:ExtractStackTraceNoAlloc (byte*,int,string)
UnityEngine.StackTraceUtility:ExtractStackTrace ()
BuildGame:BakeModels () (at Assets/Editor/BuildGame.cs:22)
BuildGame:Build () (at Assets/Editor/BuildGame.cs:25)

[Assets/Editor/BuildGame.cs line 22]

Imported 'GUID: 49d327c393e6241499ebc330c0803736' -> (Import Result ID: '7925a791962277ba6703ba24170d1c7d') in 0.001 seconds [static dependencies only]. Details - ImportResultOutputID=ff894fac33368172209ecdd35010545e DependenciesID=db08a18e22fd7dc085548411ea110d8c StaticDependenciesID=8ca4e06d855c625e4dde822f3598c233 
Importing 'GUID: 4949c89259b566a48a618152d3927964 - Path: Assets/Art/Meshes/Pip_6.asset' with importer (NativeFormatImporter)
Main Object Name 'Pip/combined/WheelFR/Carbon' does not match filename 'Pip_6'
UnityEngine.Debug:ExtractStackTraceNoAlloc (byte*,int,string)
UnityEngine.StackTraceUtility:ExtractStackTrace ()
BuildGame:BakeModels () (at Assets/Editor/BuildGame.cs:22)
BuildGame:Build () (at Assets/Editor/BuildGame.cs:25)

[Assets/Editor/BuildGame.cs line 22]

Imported 'GUID: 4949c89259b566a48a618152d3927964' -> (Import Result ID: '6482d9cc0e5ded34588e035e8cf9c7f0') in 0.001 seconds [static dependencies only]. Details - ImportResultOutputID=9f05042eb70f63f8ea97ff5f78722831 DependenciesID=5f5379e9254f6a142abe8d26e7334ae1 StaticDependenciesID=25fff8fa6f0d17fadbdc71761d99e2ea 
Importing 'GUID: 69337ea038970fc43b0efbfc952e6931 - Path: Assets/Art/Meshes/Manta_7.asset' with importer (NativeFormatImporter)
Main Object Name 'Manta/combined/WheelFL/Metal' does not match filename 'Manta_7'
UnityEngine.Debug:ExtractStackTraceNoAlloc (byte*,int,string)
UnityEngine.StackTraceUtility:ExtractStackTrace ()
BuildGame:BakeModels () (at Assets/Editor/BuildGame.cs:22)
BuildGame:Build () (at Assets/Editor/BuildGame.cs:25)

[Assets/Editor/BuildGame.cs line 22]

Imported 'GUID: 69337ea038970fc43b0efbfc952e6931' -> (Import Result ID: '626eaf56fcfcc04504efefcc768a3405') in 0.001 seconds [static dependencies only]. Details - ImportResultOutputID=963069c8b127100f42e049f915b27986 DependenciesID=9e60a8e96b79350395d844af1c8eeedd StaticDependenciesID=36c068b1dff6e150cf68fbd828784f7a 
Importing 'GUID: 7990d282c15531c44ba8d845af8922be - Path: Assets/Art/Meshes/Miso_2.asset' with importer (NativeFormatImporter)
Main Object Name 'Miso/combined/WheelRR/Metal' does not match filename 'Miso_2'
UnityEngine.Debug:ExtractStackTraceNoAlloc (byte*,int,string)
UnityEngine.StackTraceUtility:ExtractStackTrace ()
BuildGame:BakeModels () (at Assets/Editor/BuildGame.cs:22)
BuildGame:Build () (at Assets/Editor/BuildGame.cs:25)

[Assets/Editor/BuildGame.cs line 22]

Imported 'GUID: 7990d282c15531c44ba8d845af8922be' -> (Import Result ID: '1c75dbf39770bdc00fe052d597bf45b1') in 0.001 seconds [static dependencies only]. Details - ImportResultOutputID=12785eadd4a25ddd677d2420c2ca3ad9 DependenciesID=d9922ff7e639594a211ffee8d74b87a3 StaticDependenciesID=7b809d4f1ceb03053002cd00f75a6621 
Importing 'GUID: 7955e011ab1b3b647ad0f4033a75bd4c - Path: Assets/Art/Meshes/Comet_13.asset' with importer (NativeFormatImporter)
Main Object Name 'Comet/combined/WheelRR/Wheel' does not match filename 'Comet_13'
UnityEngine.Debug:ExtractStackTraceNoAlloc (byte*,int,string)
UnityEngine.StackTraceUtility:ExtractStackTrace ()
BuildGame:BakeModels () (at Assets/Editor/BuildGame.cs:22)
BuildGame:Build () (at Assets/Editor/BuildGame.cs:25)

[Assets/Editor/BuildGame.cs line 22]

Imported 'GUID: 7955e011ab1b3b647ad0f4033a75bd4c' -> (Import Result ID: 'db5da522b773fc56dc7ed12d5267ae70') in 0.001 seconds [static dependencies only]. Details - ImportResultOutputID=941c06f2753644160c412f36ec635c83 DependenciesID=1429d2bf31e26ee26a2fc92dadf799b4 StaticDependenciesID=9bfc339577b5e36ec524e8b3db4f30cb 
Importing 'GUID: 8977cbfc6c8821b40b6747c9010d1fe7 - Path: Assets/Art/Meshes/Manta_19.asset' with importer (NativeFormatImporter)
Main Object Name 'Manta/combined/WheelFR/Tire' does not match filename 'Manta_19'
UnityEngine.Debug:ExtractStackTraceNoAlloc (byte*,int,string)
UnityEngine.StackTraceUtility:ExtractStackTrace ()
BuildGame:BakeModels () (at Assets/Editor/BuildGame.cs:22)
BuildGame:Build () (at Assets/Editor/BuildGame.cs:25)

[Assets/Editor/BuildGame.cs line 22]

Imported 'GUID: 8977cbfc6c8821b40b6747c9010d1fe7' -> (Import Result ID: 'aca7fee54cea018ab4395d5d2f445520') in 0.001 seconds [static dependencies only]. Details - ImportResultOutputID=1f791d9f36175605926443bd81efa7aa DependenciesID=93c239242159f89ea8bc9eb7e9d7a215 StaticDependenciesID=d384935df0f40db5ecc293181334389a 
Importing 'GUID: 9995b70d7c74dff4eaec674439ecfb7d - Path: Assets/Art/Meshes/AlienTree_1.asset' with importer (NativeFormatImporter)
Main Object Name 'AlienTree/combined/Body/Leaves' does not match filename 'AlienTree_1'
UnityEngine.Debug:ExtractStackTraceNoAlloc (byte*,int,string)
UnityEngine.StackTraceUtility:ExtractStackTrace ()
BuildGame:BakeModels () (at Assets/Editor/BuildGame.cs:22)
BuildGame:Build () (at Assets/Editor/BuildGame.cs:25)

[Assets/Editor/BuildGame.cs line 22]

Imported 'GUID: 9995b70d7c74dff4eaec674439ecfb7d' -> (Import Result ID: '8daeb3ff6b6fc55a700331ad75a93f20') in 0.001 seconds [static dependencies only]. Details - ImportResultOutputID=85511bcc72439495aca7d1b8e1a14573 DependenciesID=b74c14f42002f01aa9d4c6e9a828f8f2 StaticDependenciesID=21ea62ce6807160107d479a913f91673 
Importing 'GUID: 993a11e448980ab4e8a51131a9b5d44c - Path: Assets/Art/Meshes/Atlas_4.asset' with importer (NativeFormatImporter)
Main Object Name 'Atlas/combined/WheelRL/Tire' does not match filename 'Atlas_4'
UnityEngine.Debug:ExtractStackTraceNoAlloc (byte*,int,string)
UnityEngine.StackTraceUtility:ExtractStackTrace ()
BuildGame:BakeModels () (at Assets/Editor/BuildGame.cs:22)
BuildGame:Build () (at Assets/Editor/BuildGame.cs:25)

[Assets/Editor/BuildGame.cs line 22]

Imported 'GUID: 993a11e448980ab4e8a51131a9b5d44c' -> (Import Result ID: '6326d7bdd5671ce4eac1c017d3103d3d') in 0.001 seconds [static dependencies only]. Details - ImportResultOutputID=1c8c5199dc979bed3e79bf1175e1e9aa DependenciesID=8efbd6fa6307de37b6ff3e7d43d8dd08 StaticDependenciesID=32bd89ebf105250f9af6b004ccdaa112 
Importing 'GUID: a962ce1ccced30741a3753e91d8cc0fb - Path: Assets/Art/Meshes/Miso_3.asset' with importer (NativeFormatImporter)
Main Object Name 'Miso/combined/WheelRR/Tire' does not match filename 'Miso_3'
UnityEngine.Debug:ExtractStackTraceNoAlloc (byte*,int,string)
UnityEngine.StackTraceUtility:ExtractStackTrace ()
BuildGame:BakeModels () (at Assets/Editor/BuildGame.cs:22)
BuildGame:Build () (at Assets/Editor/BuildGame.cs:25)

[Assets/Editor/BuildGame.cs line 22]

Imported 'GUID: a962ce1ccced30741a3753e91d8cc0fb' -> (Import Result ID: '0a3151fdef1cb5a129bd738aaa3cc3a1') in 0.001 seconds [static dependencies only]. Details - ImportResultOutputID=7abe733cc0866d636b1c6e43689d922c DependenciesID=f459cef71651bb129e0c8914b056ba83 StaticDependenciesID=07694925e2341dfae743a9b7ab9d9166 
Importing 'GUID: a97c314da02954c4ba5380c858ce4ee9 - Path: Assets/Art/Meshes/Comet_3.asset' with importer (NativeFormatImporter)
Main Object Name 'Comet/combined/WheelFL/Accent' does not match filename 'Comet_3'
UnityEngine.Debug:ExtractStackTraceNoAlloc (byte*,int,string)
UnityEngine.StackTraceUtility:ExtractStackTrace ()
BuildGame:BakeModels () (at Assets/Editor/BuildGame.cs:22)
BuildGame:Build () (at Assets/Editor/BuildGame.cs:25)

[Assets/Editor/BuildGame.cs line 22]

Imported 'GUID: a97c314da02954c4ba5380c858ce4ee9' -> (Import Result ID: '9daeeeb990245d2a609300beeb833a66') in 0.001 seconds [static dependencies only]. Details - ImportResultOutputID=2ed0e0da54f7f59182e25f094131736f DependenciesID=46d06fc90ab8219ebcece8ac0fe2f2a2 StaticDependenciesID=f6dc0a78d58780b73b4afbb0d436dc59 
Importing 'GUID: b9a07522c0199064ca5a5d1acba847a6 - Path: Assets/Art/Meshes/Manta_14.asset' with importer (NativeFormatImporter)
Main Object Name 'Manta/combined/WheelRL/Tire' does not match filename 'Manta_14'
UnityEngine.Debug:ExtractStackTraceNoAlloc (byte*,int,string)
UnityEngine.StackTraceUtility:ExtractStackTrace ()
BuildGame:BakeModels () (at Assets/Editor/BuildGame.cs:22)
BuildGame:Build () (at Assets/Editor/BuildGame.cs:25)

[Assets/Editor/BuildGame.cs line 22]

Imported 'GUID: b9a07522c0199064ca5a5d1acba847a6' -> (Import Result ID: 'b763cb3fd3606b359b27e4df4c934107') in 0.001 seconds [static dependencies only]. Details - ImportResultOutputID=e8d3d6240858d765c1b01f7c91ca021d DependenciesID=cd4783ba1ee382e2ea84edcd45375f36 StaticDependenciesID=2a81b83583d1926a8a5cf43285998e1e 
Importing 'GUID: b95b096647e6ded4f9b02efd1cb61b22 - Path: Assets/Art/Meshes/Miso_17.asset' with importer (NativeFormatImporter)
Main Object Name 'Miso/combined/WheelRL/Accent' does not match filename 'Miso_17'
UnityEngine.Debug:ExtractStackTraceNoAlloc (byte*,int,string)
UnityEngine.StackTraceUtility:ExtractStackTrace ()
BuildGame:BakeModels () (at Assets/Editor/BuildGame.cs:22)
BuildGame:Build () (at Assets/Editor/BuildGame.cs:25)

[Assets/Editor/BuildGame.cs line 22]

Imported 'GUID: b95b096647e6ded4f9b02efd1cb61b22' -> (Import Result ID: 'a489ddb05e787e5b33989e896b672c56') in 0.001 seconds [static dependencies only]. Details - ImportResultOutputID=44cad1032b6e43f4d9d26eab040142d8 DependenciesID=a2aebe5ab21d5683250955e8c6e76163 StaticDependenciesID=4125afb90224f384da1c9d382d860591 
Importing 'GUID: b9aedc71eb77cef47aa40e5c951e0ecc - Path: Assets/Art/Meshes/Vanta_14.asset' with importer (NativeFormatImporter)
Main Object Name 'Vanta/combined/WheelRL/Accent' does not match filename 'Vanta_14'
UnityEngine.Debug:ExtractStackTraceNoAlloc (byte*,int,string)
UnityEngine.StackTraceUtility:ExtractStackTrace ()
BuildGame:BakeModels () (at Assets/Editor/BuildGame.cs:22)
BuildGame:Build () (at Assets/Editor/BuildGame.cs:25)

[Assets/Editor/BuildGame.cs line 22]

Imported 'GUID: b9aedc71eb77cef47aa40e5c951e0ecc' -> (Import Result ID: '74222d4641a4f9415389f0fcce710c3e') in 0.001 seconds [static dependencies only]. Details - ImportResultOutputID=216817eaf4995ca43530bca5dc7c8434 DependenciesID=e5abb3c7317e36f4b9877b738776f9aa StaticDependenciesID=9c3d236486fe86d14b9da1b5edcf3662 
Importing 'GUID: c9f0ff991c26758459c348d16682c3f1 - Path: Assets/Art/Meshes/Manta_3.asset' with importer (NativeFormatImporter)
Main Object Name 'Manta/combined/WheelRR/Wheel' does not match filename 'Manta_3'
UnityEngine.Debug:ExtractStackTraceNoAlloc (byte*,int,string)
UnityEngine.StackTraceUtility:ExtractStackTrace ()
BuildGame:BakeModels () (at Assets/Editor/BuildGame.cs:22)
BuildGame:Build () (at Assets/Editor/BuildGame.cs:25)

[Assets/Editor/BuildGame.cs line 22]

Imported 'GUID: c9f0ff991c26758459c348d16682c3f1' -> (Import Result ID: 'b334199f9da9dd5f07c326cbc2578acc') in 0.001 seconds [static dependencies only]. Details - ImportResultOutputID=3f61fd4d5f5ffacebcf079e3961513ee DependenciesID=141884cc22b926faef6e11ae1979b3ec StaticDependenciesID=d187fb85137bc98fadfbc3a4efe6696d 
Importing 'GUID: c9d52e812c12b1149a3b1cb25fce5a0a - Path: Assets/Art/Meshes/Vanta_0.asset' with importer (NativeFormatImporter)
Main Object Name 'Vanta/combined/Body/Accent' does not match filename 'Vanta_0'
UnityEngine.Debug:ExtractStackTraceNoAlloc (byte*,int,string)
UnityEngine.StackTraceUtility:ExtractStackTrace ()
BuildGame:BakeModels () (at Assets/Editor/BuildGame.cs:22)
BuildGame:Build () (at Assets/Editor/BuildGame.cs:25)

[Assets/Editor/BuildGame.cs line 22]

Imported 'GUID: c9d52e812c12b1149a3b1cb25fce5a0a' -> (Import Result ID: '3ec9a6886a0c59977b2d039d0a52b68a') in 0.001 seconds [static dependencies only]. Details - ImportResultOutputID=6fc6f89622d1fae511b602712071ef13 DependenciesID=a8f022e59ad67741217182b5ee68561f StaticDependenciesID=3647727f2ebc670ab79814f78cad371d 
Importing 'GUID: c9e7966397a0c18438aed911f55a845f - Path: Assets/Art/Meshes/Manta_9.asset' with importer (NativeFormatImporter)
Main Object Name 'Manta/combined/WheelFL/Wheel' does not match filename 'Manta_9'
UnityEngine.Debug:ExtractStackTraceNoAlloc (byte*,int,string)
UnityEngine.StackTraceUtility:ExtractStackTrace ()
BuildGame:BakeModels () (at Assets/Editor/BuildGame.cs:22)
BuildGame:Build () (at Assets/Editor/BuildGame.cs:25)

[Assets/Editor/BuildGame.cs line 22]

Imported 'GUID: c9e7966397a0c18438aed911f55a845f' -> (Import Result ID: '711d27659be6ed0bca473fa538dea664') in 0.001 seconds [static dependencies only]. Details - ImportResultOutputID=f79fbf8f6977f569c1df2d6e24589a9c DependenciesID=eda5ce3c1c1d6b1e1718321c2be3c053 StaticDependenciesID=f27d62dac715694801177cfd0c7987f7 
Importing 'GUID: 1ab1be04694826743b2278c367fd1aa4 - Path: Assets/Art/Meshes/Relay_13.asset' with importer (NativeFormatImporter)
Main Object Name 'Relay/combined/WheelRL/Accent' does not match filename 'Relay_13'
UnityEngine.Debug:ExtractStackTraceNoAlloc (byte*,int,string)
UnityEngine.StackTraceUtility:ExtractStackTrace ()
BuildGame:BakeModels () (at Assets/Editor/BuildGame.cs:22)
BuildGame:Build () (at Assets/Editor/BuildGame.cs:25)

[Assets/Editor/BuildGame.cs line 22]

Imported 'GUID: 1ab1be04694826743b2278c367fd1aa4' -> (Import Result ID: 'b2e95acd8dd780c4bf9b80837b07a892') in 0.001 seconds [static dependencies only]. Details - ImportResultOutputID=1cc3956881c21c152808d3c6d110f323 DependenciesID=2d239c03eb8f3721ffc1d2d2cd444130 StaticDependenciesID=5c3952a62ad8954037410bd78c3339d5 
Importing 'GUID: 4a91f8c229d1c8c48b8a46d123ef9254 - Path: Assets/Art/Meshes/Manta_17.asset' with importer (NativeFormatImporter)
Main Object Name 'Manta/combined/WheelFR/Accent' does not match filename 'Manta_17'
UnityEngine.Debug:ExtractStackTraceNoAlloc (byte*,int,string)
UnityEngine.StackTraceUtility:ExtractStackTrace ()
BuildGame:BakeModels () (at Assets/Editor/BuildGame.cs:22)
BuildGame:Build () (at Assets/Editor/BuildGame.cs:25)

[Assets/Editor/BuildGame.cs line 22]

Imported 'GUID: 4a91f8c229d1c8c48b8a46d123ef9254' -> (Import Result ID: 'f9b56964c29ff5af055051877cc3046d') in 0.001 seconds [static dependencies only]. Details - ImportResultOutputID=e5d9f79d8ff8e71f4e741904646ff2f0 DependenciesID=9bd4a7f8cb9c5224cbf0be257338e88d StaticDependenciesID=53398c19f26a6773f11a8a476b8c6869 
Importing 'GUID: 5a21230a025e2e4488552a0f781c5a22 - Path: Assets/Art/Meshes/Pip_20.asset' with importer (NativeFormatImporter)
Main Object Name 'Pip/combined/Body/Taillight' does not match filename 'Pip_20'
UnityEngine.Debug:ExtractStackTraceNoAlloc (byte*,int,string)
UnityEngine.StackTraceUtility:ExtractStackTrace ()
BuildGame:BakeModels () (at Assets/Editor/BuildGame.cs:22)
BuildGame:Build () (at Assets/Editor/BuildGame.cs:25)

[Assets/Editor/BuildGame.cs line 22]

Imported 'GUID: 5a21230a025e2e4488552a0f781c5a22' -> (Import Result ID: '392f76698f1b90207c890f62dfb4feb4') in 0.001 seconds [static dependencies only]. Details - ImportResultOutputID=52b3fe34e1d44cf62e778d9fcf9f1ad4 DependenciesID=25af6b9cf36288d4b54e2d8dae7f36f3 StaticDependenciesID=ca0efa694cec1ea00751462880524864 
Importing 'GUID: 5a219b9bc83254347ba061b63bcd3e88 - Path: Assets/Art/Meshes/Spectre_23.asset' with importer (NativeFormatImporter)
Main Object Name 'Spectre/combined/Body/Taillight' does not match filename 'Spectre_23'
UnityEngine.Debug:ExtractStackTraceNoAlloc (byte*,int,string)
UnityEngine.StackTraceUtility:ExtractStackTrace ()
BuildGame:BakeModels () (at Assets/Editor/BuildGame.cs:22)
BuildGame:Build () (at Assets/Editor/BuildGame.cs:25)

[Assets/Editor/BuildGame.cs line 22]

Imported 'GUID: 5a219b9bc83254347ba061b63bcd3e88' -> (Import Result ID: 'd3912cdfadf644ef964e087733044952') in 0.001 seconds [static dependencies only]. Details - ImportResultOutputID=3bbdf1bba2f699e563364b306e4f52b3 DependenciesID=cc7ba90459cd57ff09b78bff09e3909b StaticDependenciesID=f05e988cf5f32e183d6539cd247d8142 
Importing 'GUID: 5a878f6fd9f5aba4489c849021e6f09b - Path: Assets/Art/Meshes/Pip_1.asset' with importer (NativeFormatImporter)
Main Object Name 'Pip/combined/WheelFL/Carbon' does not match filename 'Pip_1'
UnityEngine.Debug:ExtractStackTraceNoAlloc (byte*,int,string)
UnityEngine.StackTraceUtility:ExtractStackTrace ()
BuildGame:BakeModels () (at Assets/Editor/BuildGame.cs:22)
BuildGame:Build () (at Assets/Editor/BuildGame.cs:25)

[Assets/Editor/BuildGame.cs line 22]

Imported 'GUID: 5a878f6fd9f5aba4489c849021e6f09b' -> (Import Result ID: '75c7a46741b3ecc0a31c8a432c8895cf') in 0.001 seconds [static dependencies only]. Details - ImportResultOutputID=30cce68d366849150b58fb74e38ff73e DependenciesID=3e397deb515dbce4c57a5050dfaf0d58 StaticDependenciesID=8c67909d12830c3e2c3bbcf31222155c 
Importing 'GUID: 7a0c7210d8c7a2447b71712e790c3e70 - Path: Assets/Art/Meshes/Cinder_13.asset' with importer (NativeFormatImporter)
Main Object Name 'Cinder/combined/WheelRL/Wheel' does not match filename 'Cinder_13'
UnityEngine.Debug:ExtractStackTraceNoAlloc (byte*,int,string)
UnityEngine.StackTraceUtility:ExtractStackTrace ()
BuildGame:BakeModels () (at Assets/Editor/BuildGame.cs:22)
BuildGame:Build () (at Assets/Editor/BuildGame.cs:25)

[Assets/Editor/BuildGame.cs line 22]

Imported 'GUID: 7a0c7210d8c7a2447b71712e790c3e70' -> (Import Result ID: 'f0bd36409af52699f40898d33d7c396d') in 0.001 seconds [static dependencies only]. Details - ImportResultOutputID=3bbcec35d3fdcf58b29b70aa6884066e DependenciesID=a8fb72d0f4b8a02c2d8ecd8e5264bcda StaticDependenciesID=002a009a6e46b37f72d57b8718c386d7 
Importing 'GUID: 8a12ed546e4ae41418c61809d098890a - Path: Assets/Art/Meshes/Nomad_0.asset' with importer (NativeFormatImporter)
Main Object Name 'Nomad/combined/WheelFL/Metal' does not match filename 'Nomad_0'
UnityEngine.Debug:ExtractStackTraceNoAlloc (byte*,int,string)
UnityEngine.StackTraceUtility:ExtractStackTrace ()
BuildGame:BakeModels () (at Assets/Editor/BuildGame.cs:22)
BuildGame:Build () (at Assets/Editor/BuildGame.cs:25)

[Assets/Editor/BuildGame.cs line 22]

Imported 'GUID: 8a12ed546e4ae41418c61809d098890a' -> (Import Result ID: 'de4ff18b6e9dcea7af90fe62b52c16e4') in 0.001 seconds [static dependencies only]. Details - ImportResultOutputID=886c955bd09e76301e39fa417936e685 DependenciesID=bf7da3fc4334c8c2d5c8f656dc41bc6e StaticDependenciesID=c6f761317030b592d819689e42bd199f 
Importing 'GUID: 8a880034f52199b4c99af665affc3f47 - Path: Assets/Art/Meshes/TrackStation_3.asset' with importer (NativeFormatImporter)
Main Object Name 'TrackStation/combined/Body/Accent' does not match filename 'TrackStation_3'
UnityEngine.Debug:ExtractStackTraceNoAlloc (byte*,int,string)
UnityEngine.StackTraceUtility:ExtractStackTrace ()
BuildGame:BakeModels () (at Assets/Editor/BuildGame.cs:22)
BuildGame:Build () (at Assets/Editor/BuildGame.cs:25)

[Assets/Editor/BuildGame.cs line 22]

Imported 'GUID: 8a880034f52199b4c99af665affc3f47' -> (Import Result ID: '5708f1db0a4ea6652fc9338ae378f4cf') in 0.000 seconds [static dependencies only]. Details - ImportResultOutputID=2cb95d8896a6f31984fc5a6a48a09e97 DependenciesID=14f279564332b292a08348e6c1d80439 StaticDependenciesID=77fb33a598ab91a47e3026a05010b0a1 
Importing 'GUID: aac25bb10a6908340b74fdb5b58184be - Path: Assets/Art/Meshes/Comet_10.asset' with importer (NativeFormatImporter)
Main Object Name 'Comet/combined/WheelRR/Accent' does not match filename 'Comet_10'
UnityEngine.Debug:ExtractStackTraceNoAlloc (byte*,int,string)
UnityEngine.StackTraceUtility:ExtractStackTrace ()
BuildGame:BakeModels () (at Assets/Editor/BuildGame.cs:22)
BuildGame:Build () (at Assets/Editor/BuildGame.cs:25)

[Assets/Editor/BuildGame.cs line 22]

Imported 'GUID: aac25bb10a6908340b74fdb5b58184be' -> (Import Result ID: 'b6360cb90dbeb63197d1c37f8b905090') in 0.001 seconds [static dependencies only]. Details - ImportResultOutputID=2f704f88ac08738997c04d1b699efce7 DependenciesID=99b810841bce6966c97119784c1a4753 StaticDependenciesID=99e0e3456db55e5bbe182a6e59dd5537 
Importing 'GUID: aa3c8cd18870a164b8d0d7a5ab1e9013 - Path: Assets/Art/Meshes/Vanta_5.asset' with importer (NativeFormatImporter)
Main Object Name 'Vanta/combined/Body/Headlight' does not match filename 'Vanta_5'
UnityEngine.Debug:ExtractStackTraceNoAlloc (byte*,int,string)
UnityEngine.StackTraceUtility:ExtractStackTrace ()
BuildGame:BakeModels () (at Assets/Editor/BuildGame.cs:22)
BuildGame:Build () (at Assets/Editor/BuildGame.cs:25)

[Assets/Editor/BuildGame.cs line 22]

Imported 'GUID: aa3c8cd18870a164b8d0d7a5ab1e9013' -> (Import Result ID: '80bb281d27732574f6e2acb32f4d41fd') in 0.001 seconds [static dependencies only]. Details - ImportResultOutputID=7dde7e4e78c9882b14e8366c785f8408 DependenciesID=dba1be88b6ead10a7f9c5986314e71dd StaticDependenciesID=1b27a914fcdafb71a118d9239f66930e 
Importing 'GUID: aa1d5bfd093ebd144a48a2aa49df3fdb - Path: Assets/Art/Meshes/Pip_4.asset' with importer (NativeFormatImporter)
Main Object Name 'Pip/combined/WheelFL/Wheel' does not match filename 'Pip_4'
UnityEngine.Debug:ExtractStackTraceNoAlloc (byte*,int,string)
UnityEngine.StackTraceUtility:ExtractStackTrace ()
BuildGame:BakeModels () (at Assets/Editor/BuildGame.cs:22)
BuildGame:Build () (at Assets/Editor/BuildGame.cs:25)

[Assets/Editor/BuildGame.cs line 22]

Imported 'GUID: aa1d5bfd093ebd144a48a2aa49df3fdb' -> (Import Result ID: '076bba9c4e96d75605cb2c557502a0e0') in 0.001 seconds [static dependencies only]. Details - ImportResultOutputID=7dfd53c42cc5073bd4fae28700e530bc DependenciesID=f230a4c760fbfc5d82122bd8f5752a5f StaticDependenciesID=794b89cca02971a892107ebaed5f45cb 
Importing 'GUID: ca54daca7a8a84648b8ff1a9da82736b - Path: Assets/Art/Meshes/Vanta_27.asset' with importer (NativeFormatImporter)
Main Object Name 'Vanta/combined/StockExhaust/Metal' does not match filename 'Vanta_27'
UnityEngine.Debug:ExtractStackTraceNoAlloc (byte*,int,string)
UnityEngine.StackTraceUtility:ExtractStackTrace ()
BuildGame:BakeModels () (at Assets/Editor/BuildGame.cs:22)
BuildGame:Build () (at Assets/Editor/BuildGame.cs:25)

[Assets/Editor/BuildGame.cs line 22]

Imported 'GUID: ca54daca7a8a84648b8ff1a9da82736b' -> (Import Result ID: 'd7287a5877ce211ab8bfd97d4829d9ad') in 0.001 seconds [static dependencies only]. Details - ImportResultOutputID=7a9ad28060e26ba9beba32a776a1b6e7 DependenciesID=a25b9148ff3aebf7152ea19e4057c1e6 StaticDependenciesID=ca3a23889e0720ed52fb68b1de5e25cc 
Importing 'GUID: da3aeed29f9b06b4080bf9beaadf1b0f - Path: Assets/Art/Meshes/Nomad_20.asset' with importer (NativeFormatImporter)
Main Object Name 'Nomad/combined/WheelRR/Metal' does not match filename 'Nomad_20'
UnityEngine.Debug:ExtractStackTraceNoAlloc (byte*,int,string)
UnityEngine.StackTraceUtility:ExtractStackTrace ()
BuildGame:BakeModels () (at Assets/Editor/BuildGame.cs:22)
BuildGame:Build () (at Assets/Editor/BuildGame.cs:25)

[Assets/Editor/BuildGame.cs line 22]

Imported 'GUID: da3aeed29f9b06b4080bf9beaadf1b0f' -> (Import Result ID: '581ef6dad1f8f0886ce53359234daccb') in 0.001 seconds [static dependencies only]. Details - ImportResultOutputID=631bbe00c14a9d1b839d479302aecd4b DependenciesID=328758ec36fdc8944b90f000263c154f StaticDependenciesID=4384b49c14e59b9ffbfeabc609ce3a71 
Importing 'GUID: ea0c6b20e757419469a6381e17b2b69d - Path: Assets/Art/Meshes/Relay_14.asset' with importer (NativeFormatImporter)
Main Object Name 'Relay/combined/WheelRL/Wheel' does not match filename 'Relay_14'
UnityEngine.Debug:ExtractStackTraceNoAlloc (byte*,int,string)
UnityEngine.StackTraceUtility:ExtractStackTrace ()
BuildGame:BakeModels () (at Assets/Editor/BuildGame.cs:22)
BuildGame:Build () (at Assets/Editor/BuildGame.cs:25)

[Assets/Editor/BuildGame.cs line 22]

Imported 'GUID: ea0c6b20e757419469a6381e17b2b69d' -> (Import Result ID: 'e1ecbcb972d0949eb49d21f1cf8a391d') in 0.001 seconds [static dependencies only]. Details - ImportResultOutputID=da23d7279b3f62ac4e79060e36c09825 DependenciesID=604c71fabab167f93b1e7f9d4b28b6ad StaticDependenciesID=191f336142233abe475869f942ba2b36 
Importing 'GUID: fa0bb1973cc1ba246aecef3b0a98d11e - Path: Assets/Art/Meshes/Nomad_5.asset' with importer (NativeFormatImporter)
Main Object Name 'Nomad/combined/WheelFR/Metal' does not match filename 'Nomad_5'
UnityEngine.Debug:ExtractStackTraceNoAlloc (byte*,int,string)
UnityEngine.StackTraceUtility:ExtractStackTrace ()
BuildGame:BakeModels () (at Assets/Editor/BuildGame.cs:22)
BuildGame:Build () (at Assets/Editor/BuildGame.cs:25)

[Assets/Editor/BuildGame.cs line 22]

Imported 'GUID: fa0bb1973cc1ba246aecef3b0a98d11e' -> (Import Result ID: '994168c80a0a4e477743952cd833ad82') in 0.001 seconds [static dependencies only]. Details - ImportResultOutputID=92fd2aa81cfc6adfb59bdfd30ee82dca DependenciesID=9bf0753ce64bcb04a51052b4114e3a39 StaticDependenciesID=fc2f8eb82675e59e55bec5b0630f8511 
Importing 'GUID: fa6de2255d1594b41b25f4212291d0f9 - Path: Assets/Art/Meshes/Nomad_1.asset' with importer (NativeFormatImporter)
Main Object Name 'Nomad/combined/WheelFL/Carbon' does not match filename 'Nomad_1'
UnityEngine.Debug:ExtractStackTraceNoAlloc (byte*,int,string)
UnityEngine.StackTraceUtility:ExtractStackTrace ()
BuildGame:BakeModels () (at Assets/Editor/BuildGame.cs:22)
BuildGame:Build () (at Assets/Editor/BuildGame.cs:25)

[Assets/Editor/BuildGame.cs line 22]

Imported 'GUID: fa6de2255d1594b41b25f4212291d0f9' -> (Import Result ID: '38fff844b2eafe9aefc25e72ce371e91') in 0.001 seconds [static dependencies only]. Details - ImportResultOutputID=f860446eb0e6db341977a5c25f3ab4da DependenciesID=3c93648d0688b85c4fe8457bc8f42021 StaticDependenciesID=bb4616ba3424bc68b0ea4e9832d47a29 
Importing 'GUID: 0bf6bfed49f49a745b4887938076f37c - Path: Assets/Art/Meshes/Atlas_8.asset' with importer (NativeFormatImporter)
Main Object Name 'Atlas/combined/WheelRR/Metal' does not match filename 'Atlas_8'
UnityEngine.Debug:ExtractStackTraceNoAlloc (byte*,int,string)
UnityEngine.StackTraceUtility:ExtractStackTrace ()
BuildGame:BakeModels () (at Assets/Editor/BuildGame.cs:22)
BuildGame:Build () (at Assets/Editor/BuildGame.cs:25)

[Assets/Editor/BuildGame.cs line 22]

Imported 'GUID: 0bf6bfed49f49a745b4887938076f37c' -> (Import Result ID: '2508c4f92db65dc308b3847aefde6584') in 0.001 seconds [static dependencies only]. Details - ImportResultOutputID=d329d5d925192730ea7ca6fa317c2295 DependenciesID=60bc8f1472865464d45aeba7ac8e5b38 StaticDependenciesID=d99c45752ecb879bcb0652542ae2594d 
Importing 'GUID: 0bad3543ff76fd54caff208f459be9d9 - Path: Assets/Art/Meshes/Manta_20.asset' with importer (NativeFormatImporter)
Main Object Name 'Manta/combined/Body/Carbon' does not match filename 'Manta_20'
UnityEngine.Debug:ExtractStackTraceNoAlloc (byte*,int,string)
UnityEngine.StackTraceUtility:ExtractStackTrace ()
BuildGame:BakeModels () (at Assets/Editor/BuildGame.cs:22)
BuildGame:Build () (at Assets/Editor/BuildGame.cs:25)

[Assets/Editor/BuildGame.cs line 22]

Imported 'GUID: 0bad3543ff76fd54caff208f459be9d9' -> (Import Result ID: 'd9eb1776837b54c7ba45e590241177db') in 0.001 seconds [static dependencies only]. Details - ImportResultOutputID=76102e70c834a5391c0dc7001e8d508c DependenciesID=fdb663b0a6473f85e650aa6837135640 StaticDependenciesID=8c024f5cb119ef7245cb70decd6c3a40 
Importing 'GUID: 1b0c786fa5502464b9505b590faeeab3 - Path: Assets/Art/Meshes/Pip_21.asset' with importer (NativeFormatImporter)
Main Object Name 'Pip/combined/Body/Paint' does not match filename 'Pip_21'
UnityEngine.Debug:ExtractStackTraceNoAlloc (byte*,int,string)
UnityEngine.StackTraceUtility:ExtractStackTrace ()
BuildGame:BakeModels () (at Assets/Editor/BuildGame.cs:22)
BuildGame:Build () (at Assets/Editor/BuildGame.cs:25)

[Assets/Editor/BuildGame.cs line 22]

Imported 'GUID: 1b0c786fa5502464b9505b590faeeab3' -> (Import Result ID: 'd777839a4b5fb2ab7102dd398ee3242a') in 0.001 seconds [static dependencies only]. Details - ImportResultOutputID=1619c6ca96d7151858615752883f9bb2 DependenciesID=2160284ec3cb48ab55c8d4f9e3627507 StaticDependenciesID=8234cc95b0b741fb7cc0895e4a043bcf 
Importing 'GUID: 1bfc36d2629457641ab412a0ace879fb - Path: Assets/Art/Meshes/Atlas_0.asset' with importer (NativeFormatImporter)
Main Object Name 'Atlas/combined/WheelRL/Carbon' does not match filename 'Atlas_0'
UnityEngine.Debug:ExtractStackTraceNoAlloc (byte*,int,string)
UnityEngine.StackTraceUtility:ExtractStackTrace ()
BuildGame:BakeModels () (at Assets/Editor/BuildGame.cs:22)
BuildGame:Build () (at Assets/Editor/BuildGame.cs:25)

[Assets/Editor/BuildGame.cs line 22]

Imported 'GUID: 1bfc36d2629457641ab412a0ace879fb' -> (Import Result ID: 'd8bc0e613609e995cafb38312f756642') in 0.001 seconds [static dependencies only]. Details - ImportResultOutputID=746333f2f1d99848c260e0c9914f9404 DependenciesID=1f7cae613dc83134689d469a7c124f63 StaticDependenciesID=cc84ffa72ba607f185318d3523c4a1a8 
Importing 'GUID: 2b74bec1f57a7e149831f8ece7d2816c - Path: Assets/Art/Meshes/Nomad_6.asset' with importer (NativeFormatImporter)
Main Object Name 'Nomad/combined/WheelFR/Accent' does not match filename 'Nomad_6'
UnityEngine.Debug:ExtractStackTraceNoAlloc (byte*,int,string)
UnityEngine.StackTraceUtility:ExtractStackTrace ()
BuildGame:BakeModels () (at Assets/Editor/BuildGame.cs:22)
BuildGame:Build () (at Assets/Editor/BuildGame.cs:25)

[Assets/Editor/BuildGame.cs line 22]

Imported 'GUID: 2b74bec1f57a7e149831f8ece7d2816c' -> (Import Result ID: '1a08992ed7aaf4521b0049ff02299d40') in 0.001 seconds [static dependencies only]. Details - ImportResultOutputID=d0a5f7207424d3f0ae41074754dc897c DependenciesID=024c7cad86221bfc7f447bba571bcd9c StaticDependenciesID=5756eb72326627d5e5ad4f775d9f4cd1 
Importing 'GUID: 2bb61ea32d0672f4a918c2cbd9c767b7 - Path: Assets/Art/Meshes/Cinder_0.asset' with importer (NativeFormatImporter)
Main Object Name 'Cinder/combined/WheelRR/Carbon' does not match filename 'Cinder_0'
UnityEngine.Debug:ExtractStackTraceNoAlloc (byte*,int,string)
UnityEngine.StackTraceUtility:ExtractStackTrace ()
BuildGame:BakeModels () (at Assets/Editor/BuildGame.cs:22)
BuildGame:Build () (at Assets/Editor/BuildGame.cs:25)

[Assets/Editor/BuildGame.cs line 22]

Imported 'GUID: 2bb61ea32d0672f4a918c2cbd9c767b7' -> (Import Result ID: '7c4be85f0815026f18ba6e851bba8e41') in 0.001 seconds [static dependencies only]. Details - ImportResultOutputID=0a5ca3906bdd9873af36985421b551ef DependenciesID=5df21ede2ad5301a70805ce123dc63a7 StaticDependenciesID=65c04df2a49ba238e8003b721441637d 
Importing 'GUID: 2b3d5f6b8c6f2fc44acdaf0f19adf1fd - Path: Assets/Art/Meshes/Miso_18.asset' with importer (NativeFormatImporter)
Main Object Name 'Miso/combined/WheelRL/Metal' does not match filename 'Miso_18'
UnityEngine.Debug:ExtractStackTraceNoAlloc (byte*,int,string)
UnityEngine.StackTraceUtility:ExtractStackTrace ()
BuildGame:BakeModels () (at Assets/Editor/BuildGame.cs:22)
BuildGame:Build () (at Assets/Editor/BuildGame.cs:25)

[Assets/Editor/BuildGame.cs line 22]

Imported 'GUID: 2b3d5f6b8c6f2fc44acdaf0f19adf1fd' -> (Import Result ID: 'a016d40153faa186023622a245462915') in 0.001 seconds [static dependencies only]. Details - ImportResultOutputID=80f4e9c116f830fe5d0ac9cee870ab8f DependenciesID=74295ac227463d2a5931ae7e485685b4 StaticDependenciesID=08834a717dcbd4cd249eeadf3e5787f0 
Importing 'GUID: 4b5dfe98032178345b5b8ea7c88a8f6e - Path: Assets/Art/Meshes/Relay_0.asset' with importer (NativeFormatImporter)
Main Object Name 'Relay/combined/WheelFR/Metal' does not match filename 'Relay_0'
UnityEngine.Debug:ExtractStackTraceNoAlloc (byte*,int,string)
UnityEngine.StackTraceUtility:ExtractStackTrace ()
BuildGame:BakeModels () (at Assets/Editor/BuildGame.cs:22)
BuildGame:Build () (at Assets/Editor/BuildGame.cs:25)

[Assets/Editor/BuildGame.cs line 22]

Imported 'GUID: 4b5dfe98032178345b5b8ea7c88a8f6e' -> (Import Result ID: '03dd20dfadeac5cd469a923dcbcc7e3f') in 0.001 seconds [static dependencies only]. Details - ImportResultOutputID=5ca9527870595e64cd73569eda9a0840 DependenciesID=947ede9d6e47d67048d08c76aef74db9 StaticDependenciesID=1ff1aef48efb8e02360364057216a217 
Importing 'GUID: 5b1bd05d738ad534c97aa93f1d9d40b4 - Path: Assets/Art/Meshes/Relay_7.asset' with importer (NativeFormatImporter)
Main Object Name 'Relay/combined/WheelRR/Metal' does not match filename 'Relay_7'
UnityEngine.Debug:ExtractStackTraceNoAlloc (byte*,int,string)
UnityEngine.StackTraceUtility:ExtractStackTrace ()
BuildGame:BakeModels () (at Assets/Editor/BuildGame.cs:22)
BuildGame:Build () (at Assets/Editor/BuildGame.cs:25)

[Assets/Editor/BuildGame.cs line 22]

Imported 'GUID: 5b1bd05d738ad534c97aa93f1d9d40b4' -> (Import Result ID: 'b5a17b7775cf88c65ba528d4a3ef1a4a') in 0.001 seconds [static dependencies only]. Details - ImportResultOutputID=0ddfd1a471326c7b285fefe68c74490f DependenciesID=2a82194010aa37fadd19a42563787cee StaticDependenciesID=eaa18def9ff863fa733fd3ac00d4ad0e 
Importing 'GUID: 7b07b5a00c631b949bc6ba700fbc1e3f - Path: Assets/Art/Meshes/Nomad_10.asset' with importer (NativeFormatImporter)
Main Object Name 'Nomad/combined/Body/Accent' does not match filename 'Nomad_10'
UnityEngine.Debug:ExtractStackTraceNoAlloc (byte*,int,string)
UnityEngine.StackTraceUtility:ExtractStackTrace ()
BuildGame:BakeModels () (at Assets/Editor/BuildGame.cs:22)
BuildGame:Build () (at Assets/Editor/BuildGame.cs:25)

[Assets/Editor/BuildGame.cs line 22]

Imported 'GUID: 7b07b5a00c631b949bc6ba700fbc1e3f' -> (Import Result ID: 'bcc850889665d831097b48941b10131a') in 0.001 seconds [static dependencies only]. Details - ImportResultOutputID=753effe28dd696d243132d51600c1272 DependenciesID=d35f51b46a0534306b4d8ab95d03e168 StaticDependenciesID=ba6bd51ab9e0c0e17eba5c21ac9b434a 
Importing 'GUID: 7b3fe93a893e8ee41869fca467cb935b - Path: Assets/Art/Meshes/Atlas_12.asset' with importer (NativeFormatImporter)
Main Object Name 'Atlas/combined/WheelFR/Metal' does not match filename 'Atlas_12'
UnityEngine.Debug:ExtractStackTraceNoAlloc (byte*,int,string)
UnityEngine.StackTraceUtility:ExtractStackTrace ()
BuildGame:BakeModels () (at Assets/Editor/BuildGame.cs:22)
BuildGame:Build () (at Assets/Editor/BuildGame.cs:25)

[Assets/Editor/BuildGame.cs line 22]

Imported 'GUID: 7b3fe93a893e8ee41869fca467cb935b' -> (Import Result ID: '80da5bea9401215b43981ba2a1dd978d') in 0.001 seconds [static dependencies only]. Details - ImportResultOutputID=18dbe743f75a6e6621991056833a1086 DependenciesID=f062e52115a2347e99db744cfa8d9ff9 StaticDependenciesID=02e2fc597890861d56d59892aa2c84a6 
Importing 'GUID: 8b37da7011c54f44f9f6cc60df066142 - Path: Assets/Art/Meshes/Comet_5.asset' with importer (NativeFormatImporter)
Main Object Name 'Comet/combined/WheelRL/Accent' does not match filename 'Comet_5'
UnityEngine.Debug:ExtractStackTraceNoAlloc (byte*,int,string)
UnityEngine.StackTraceUtility:ExtractStackTrace ()
BuildGame:BakeModels () (at Assets/Editor/BuildGame.cs:22)
BuildGame:Build () (at Assets/Editor/BuildGame.cs:25)

[Assets/Editor/BuildGame.cs line 22]

Imported 'GUID: 8b37da7011c54f44f9f6cc60df066142' -> (Import Result ID: '05d447dc52dd42ce6f9fbfcf5c8980da') in 0.001 seconds [static dependencies only]. Details - ImportResultOutputID=19b0c140d9f8135d9eb94e26c9aba135 DependenciesID=d20f79c9f5c9501a0466b5d3f0a9a6d2 StaticDependenciesID=9b6258c76d3bb95917682dae76cb4e81 
Importing 'GUID: 9bee25be2fc44bf468b1012b50f33d05 - Path: Assets/Art/Meshes/Vanta_11.asset' with importer (NativeFormatImporter)
Main Object Name 'Vanta/combined/WheelFL/Tire' does not match filename 'Vanta_11'
UnityEngine.Debug:ExtractStackTraceNoAlloc (byte*,int,string)
UnityEngine.StackTraceUtility:ExtractStackTrace ()
BuildGame:BakeModels () (at Assets/Editor/BuildGame.cs:22)
BuildGame:Build () (at Assets/Editor/BuildGame.cs:25)

[Assets/Editor/BuildGame.cs line 22]

Imported 'GUID: 9bee25be2fc44bf468b1012b50f33d05' -> (Import Result ID: '9850cdfcaee5b30ccf670e946b0a76f7') in 0.001 seconds [static dependencies only]. Details - ImportResultOutputID=354c13710e6fa08933c66f9b494b6168 DependenciesID=44c30d6620f82fe5aae9695125ea31f9 StaticDependenciesID=484a05d235a42b1703daf7a5a59e3e55 
Importing 'GUID: ab743238939db0d409ce54e876ea97b4 - Path: Assets/Art/Meshes/Manta_18.asset' with importer (NativeFormatImporter)
Main Object Name 'Manta/combined/WheelFR/Wheel' does not match filename 'Manta_18'
UnityEngine.Debug:ExtractStackTraceNoAlloc (byte*,int,string)
UnityEngine.StackTraceUtility:ExtractStackTrace ()
BuildGame:BakeModels () (at Assets/Editor/BuildGame.cs:22)
BuildGame:Build () (at Assets/Editor/BuildGame.cs:25)

[Assets/Editor/BuildGame.cs line 22]

Imported 'GUID: ab743238939db0d409ce54e876ea97b4' -> (Import Result ID: '2f15ac8c8a7720b580a48b9a1e794b82') in 0.001 seconds [static dependencies only]. Details - ImportResultOutputID=c33d1ec5ec2653908b7bd3b7775a338c DependenciesID=4edf774ab4d4e826a2b7289a118a929d StaticDependenciesID=08a27ca7106aee4200257306ac7906c4 
Importing 'GUID: abe808146aff8414384917571c1c389d - Path: Assets/Art/Meshes/Pip_13.asset' with importer (NativeFormatImporter)
Main Object Name 'Pip/combined/WheelRR/Metal' does not match filename 'Pip_13'
UnityEngine.Debug:ExtractStackTraceNoAlloc (byte*,int,string)
UnityEngine.StackTraceUtility:ExtractStackTrace ()
BuildGame:BakeModels () (at Assets/Editor/BuildGame.cs:22)
BuildGame:Build () (at Assets/Editor/BuildGame.cs:25)

[Assets/Editor/BuildGame.cs line 22]

Imported 'GUID: abe808146aff8414384917571c1c389d' -> (Import Result ID: 'e0462ca58ddcc46aa0dfb9056b643089') in 0.001 seconds [static dependencies only]. Details - ImportResultOutputID=e37313bf89c1eb5a43ab39f21cfa6678 DependenciesID=9211576b78a19994cc1c4bfb602aeaa3 StaticDependenciesID=69ddece61ff3248a28550b0646402197 
Importing 'GUID: abaec466549b4c3499a8e9a6a79469a0 - Path: Assets/Art/Meshes/Cinder_25.asset' with importer (NativeFormatImporter)
Main Object Name 'Cinder/combined/Body/Accent' does not match filename 'Cinder_25'
UnityEngine.Debug:ExtractStackTraceNoAlloc (byte*,int,string)
UnityEngine.StackTraceUtility:ExtractStackTrace ()
BuildGame:BakeModels () (at Assets/Editor/BuildGame.cs:22)
BuildGame:Build () (at Assets/Editor/BuildGame.cs:25)

[Assets/Editor/BuildGame.cs line 22]

Imported 'GUID: abaec466549b4c3499a8e9a6a79469a0' -> (Import Result ID: '8e7f3bae902f9c390abfdc8bb764dd1c') in 0.001 seconds [static dependencies only]. Details - ImportResultOutputID=3c9cc204da959543740d7924b1f0a471 DependenciesID=3ffd55b85cbc7e65a248f9c887408c07 StaticDependenciesID=5de42b6e842c68c62d16305bbe762d26 
Importing 'GUID: bb3d2823f0cdfc9419cc031691a3a1c1 - Path: Assets/Art/Meshes/Relay_26.asset' with importer (NativeFormatImporter)
Main Object Name 'Relay/combined/Body/Paint' does not match filename 'Relay_26'
UnityEngine.Debug:ExtractStackTraceNoAlloc (byte*,int,string)
UnityEngine.StackTraceUtility:ExtractStackTrace ()
BuildGame:BakeModels () (at Assets/Editor/BuildGame.cs:22)
BuildGame:Build () (at Assets/Editor/BuildGame.cs:25)

[Assets/Editor/BuildGame.cs line 22]

Imported 'GUID: bb3d2823f0cdfc9419cc031691a3a1c1' -> (Import Result ID: '031732e50e55a1412db227215f9d466f') in 0.001 seconds [static dependencies only]. Details - ImportResultOutputID=73e7991745c90775357a7e73a41f8683 DependenciesID=dc222646fbbe940c391b337752add62a StaticDependenciesID=bb28e8a9926e7b745afb27a1b9ec3719 
Importing 'GUID: cb4720798f198fe45a142f8aed8659ac - Path: Assets/Art/Meshes/Relay_20.asset' with importer (NativeFormatImporter)
Main Object Name 'Relay/combined/WheelFL/Tire' does not match filename 'Relay_20'
UnityEngine.Debug:ExtractStackTraceNoAlloc (byte*,int,string)
UnityEngine.StackTraceUtility:ExtractStackTrace ()
BuildGame:BakeModels () (at Assets/Editor/BuildGame.cs:22)
BuildGame:Build () (at Assets/Editor/BuildGame.cs:25)

[Assets/Editor/BuildGame.cs line 22]

Imported 'GUID: cb4720798f198fe45a142f8aed8659ac' -> (Import Result ID: '3140173dba94e4359195dec5b05a483a') in 0.001 seconds [static dependencies only]. Details - ImportResultOutputID=3f064232ef00b933e629e04127630269 DependenciesID=51390ed7789da611493d994b87d19a77 StaticDependenciesID=c6be2ba3b6ab593fbdb2f9da33644af6 
Importing 'GUID: db4f7c0e155525241b887ef0d1414746 - Path: Assets/Art/Meshes/Nomad_15.asset' with importer (NativeFormatImporter)
Main Object Name 'Nomad/combined/WheelRL/Metal' does not match filename 'Nomad_15'
UnityEngine.Debug:ExtractStackTraceNoAlloc (byte*,int,string)
UnityEngine.StackTraceUtility:ExtractStackTrace ()
BuildGame:BakeModels () (at Assets/Editor/BuildGame.cs:22)
BuildGame:Build () (at Assets/Editor/BuildGame.cs:25)

[Assets/Editor/BuildGame.cs line 22]

Imported 'GUID: db4f7c0e155525241b887ef0d1414746' -> (Import Result ID: '02cf867e21c4b56fdf073d24795b7310') in 0.001 seconds [static dependencies only]. Details - ImportResultOutputID=d6a6321e0b0da0320f83d520251f6013 DependenciesID=7e7977cc732a8d5089f0e9e261e67534 StaticDependenciesID=3e8b02b77fae45e8fb0898fb36f4e0d3 
Importing 'GUID: eb03d7814b282e147be7f54fc8062cf2 - Path: Assets/Art/Meshes/Spectre_26.asset' with importer (NativeFormatImporter)
Main Object Name 'Spectre/combined/Body/Paint' does not match filename 'Spectre_26'
UnityEngine.Debug:ExtractStackTraceNoAlloc (byte*,int,string)
UnityEngine.StackTraceUtility:ExtractStackTrace ()
BuildGame:BakeModels () (at Assets/Editor/BuildGame.cs:22)
BuildGame:Build () (at Assets/Editor/BuildGame.cs:25)

[Assets/Editor/BuildGame.cs line 22]

Imported 'GUID: eb03d7814b282e147be7f54fc8062cf2' -> (Import Result ID: '21944c265f83a45c8033a61088339614') in 0.001 seconds [static dependencies only]. Details - ImportResultOutputID=edeec99e6353b74a25fd3418991d4ca1 DependenciesID=b4e9d2c427272aba180c9da9c9a1056d StaticDependenciesID=8f95c84042d7fbbbefc2a334d52528fe 
Importing 'GUID: fb91702de928e184b8ce49f6f3a0976e - Path: Assets/Art/Meshes/Comet_26.asset' with importer (NativeFormatImporter)
Main Object Name 'Comet/combined/Body/Glass' does not match filename 'Comet_26'
UnityEngine.Debug:ExtractStackTraceNoAlloc (byte*,int,string)
UnityEngine.StackTraceUtility:ExtractStackTrace ()
BuildGame:BakeModels () (at Assets/Editor/BuildGame.cs:22)
BuildGame:Build () (at Assets/Editor/BuildGame.cs:25)

[Assets/Editor/BuildGame.cs line 22]

Imported 'GUID: fb91702de928e184b8ce49f6f3a0976e' -> (Import Result ID: '774ad741e86000d6969ab96fbcd9947f') in 0.001 seconds [static dependencies only]. Details - ImportResultOutputID=627420c68df7b4fa21d12f71a0ba94ed DependenciesID=76d70c56de46431f0182b1334149c1e5 StaticDependenciesID=9e72fc8c5d4cda9618eb2fe52ba06525 
Importing 'GUID: 0c1d37581f8163d4baf4b8a3d1487a25 - Path: Assets/Art/Meshes/Cinder_12.asset' with importer (NativeFormatImporter)
Main Object Name 'Cinder/combined/WheelRL/Metal' does not match filename 'Cinder_12'
UnityEngine.Debug:ExtractStackTraceNoAlloc (byte*,int,string)
UnityEngine.StackTraceUtility:ExtractStackTrace ()
BuildGame:BakeModels () (at Assets/Editor/BuildGame.cs:22)
BuildGame:Build () (at Assets/Editor/BuildGame.cs:25)

[Assets/Editor/BuildGame.cs line 22]

Imported 'GUID: 0c1d37581f8163d4baf4b8a3d1487a25' -> (Import Result ID: '4093c5bb3bdc676c979f394b345c5ca0') in 0.001 seconds [static dependencies only]. Details - ImportResultOutputID=bf2e974e14130096ab02d3266dbfd7b4 DependenciesID=c1379a45fd4c917cbce67516b9a41280 StaticDependenciesID=8e7872c80bb89df735da14f68c7f5274 
Importing 'GUID: 1ca4b6ee45df42d428fc644ca1af1169 - Path: Assets/Art/Meshes/Nomad_26.asset' with importer (NativeFormatImporter)
Main Object Name 'Nomad/combined/Body/Taillight' does not match filename 'Nomad_26'
UnityEngine.Debug:ExtractStackTraceNoAlloc (byte*,int,string)
UnityEngine.StackTraceUtility:ExtractStackTrace ()
BuildGame:BakeModels () (at Assets/Editor/BuildGame.cs:22)
BuildGame:Build () (at Assets/Editor/BuildGame.cs:25)

[Assets/Editor/BuildGame.cs line 22]

Imported 'GUID: 1ca4b6ee45df42d428fc644ca1af1169' -> (Import Result ID: '204920d1115ce79e127c49c4069aba8e') in 0.001 seconds [static dependencies only]. Details - ImportResultOutputID=62a84feb1cc9d6ab9061cdcb1f79e423 DependenciesID=3f8b90e78ed436456a1710b0f656b389 StaticDependenciesID=bf61e6b247490ffc1934b35776d1c006 
Importing 'GUID: 2c46f7b1a892ce34daac4237444bdb39 - Path: Assets/Art/Meshes/Vanta_15.asset' with importer (NativeFormatImporter)
Main Object Name 'Vanta/combined/WheelRL/Wheel' does not match filename 'Vanta_15'
UnityEngine.Debug:ExtractStackTraceNoAlloc (byte*,int,string)
UnityEngine.StackTraceUtility:ExtractStackTrace ()
BuildGame:BakeModels () (at Assets/Editor/BuildGame.cs:22)
BuildGame:Build () (at Assets/Editor/BuildGame.cs:25)

[Assets/Editor/BuildGame.cs line 22]

Imported 'GUID: 2c46f7b1a892ce34daac4237444bdb39' -> (Import Result ID: 'f0171124ad6f60600962ed029b673d15') in 0.001 seconds [static dependencies only]. Details - ImportResultOutputID=f4e289b9c2ed1e6080e866146c6e4968 DependenciesID=a21de61c6f695895589910d94b2b3c51 StaticDependenciesID=5583c5dd1101800926892599a9d2da94 
Importing 'GUID: 3c11832abcba2df409f6f8e21c838ab8 - Path: Assets/Art/Meshes/Vanta_18.asset' with importer (NativeFormatImporter)
Main Object Name 'Vanta/combined/WheelFR/Carbon' does not match filename 'Vanta_18'
UnityEngine.Debug:ExtractStackTraceNoAlloc (byte*,int,string)
UnityEngine.StackTraceUtility:ExtractStackTrace ()
BuildGame:BakeModels () (at Assets/Editor/BuildGame.cs:22)
BuildGame:Build () (at Assets/Editor/BuildGame.cs:25)

[Assets/Editor/BuildGame.cs line 22]

Imported 'GUID: 3c11832abcba2df409f6f8e21c838ab8' -> (Import Result ID: '245ca2fc3951812a6fe2e80916aac9fb') in 0.001 seconds [static dependencies only]. Details - ImportResultOutputID=fd3e4f4d4eea5b9f4476088b33832599 DependenciesID=e7c4804468dbba72d890786aafd0d30e StaticDependenciesID=a71bbf47ea832bd4de197e2ae02d205d 
Importing 'GUID: 3c65ab7219d2cba4e99a841ac5ed0a9d - Path: Assets/Art/Meshes/Vanta_13.asset' with importer (NativeFormatImporter)
Main Object Name 'Vanta/combined/WheelRL/Metal' does not match filename 'Vanta_13'
UnityEngine.Debug:ExtractStackTraceNoAlloc (byte*,int,string)
UnityEngine.StackTraceUtility:ExtractStackTrace ()
BuildGame:BakeModels () (at Assets/Editor/BuildGame.cs:22)
BuildGame:Build () (at Assets/Editor/BuildGame.cs:25)

[Assets/Editor/BuildGame.cs line 22]

Imported 'GUID: 3c65ab7219d2cba4e99a841ac5ed0a9d' -> (Import Result ID: '437bb0d98a52ef29377a11fe53103f6e') in 0.001 seconds [static dependencies only]. Details - ImportResultOutputID=64c15edf4aa9e54f090682847d65087c DependenciesID=6b400343e33c1b79837c1883ea20137a StaticDependenciesID=4ea6fe12d0fe29067ea873846534a285 
Importing 'GUID: 3c394569e50d7df4f8b153f1239e7f63 - Path: Assets/Art/Meshes/Miso_5.asset' with importer (NativeFormatImporter)
Main Object Name 'Miso/combined/WheelFR/Carbon' does not match filename 'Miso_5'
UnityEngine.Debug:ExtractStackTraceNoAlloc (byte*,int,string)
UnityEngine.StackTraceUtility:ExtractStackTrace ()
BuildGame:BakeModels () (at Assets/Editor/BuildGame.cs:22)
BuildGame:Build () (at Assets/Editor/BuildGame.cs:25)

[Assets/Editor/BuildGame.cs line 22]

Imported 'GUID: 3c394569e50d7df4f8b153f1239e7f63' -> (Import Result ID: '2b837b3c2433cc1c8efe1f39bbb10413') in 0.001 seconds [static dependencies only]. Details - ImportResultOutputID=99d59b39ac572e773159883b5944b66b DependenciesID=5277169329973d7e83ed8bcc45367741 StaticDependenciesID=f920a33d3a94f50a10aa1cdad8451d98 
Importing 'GUID: 4c10ce3e92ba62b45a10a1f713f129d4 - Path: Assets/Art/Meshes/Vanta_3.asset' with importer (NativeFormatImporter)
Main Object Name 'Vanta/combined/StockWing/Accent' does not match filename 'Vanta_3'
UnityEngine.Debug:ExtractStackTraceNoAlloc (byte*,int,string)
UnityEngine.StackTraceUtility:ExtractStackTrace ()
BuildGame:BakeModels () (at Assets/Editor/BuildGame.cs:22)
BuildGame:Build () (at Assets/Editor/BuildGame.cs:25)

[Assets/Editor/BuildGame.cs line 22]

Imported 'GUID: 4c10ce3e92ba62b45a10a1f713f129d4' -> (Import Result ID: '2d7d9cd65ab1200197a777379ad1a147') in 0.001 seconds [static dependencies only]. Details - ImportResultOutputID=c97837fd098fe842843686f0598a5f7c DependenciesID=2eceead5511b09f6bcfea00f5253109a StaticDependenciesID=3e59d3b95646d64342591b05884cedfb 
Importing 'GUID: 4cdfad2a4a9e9214198f51d0b2d58634 - Path: Assets/Art/Meshes/TrackStation_1.asset' with importer (NativeFormatImporter)
Main Object Name 'TrackStation/combined/Body/Building' does not match filename 'TrackStation_1'
UnityEngine.Debug:ExtractStackTraceNoAlloc (byte*,int,string)
UnityEngine.StackTraceUtility:ExtractStackTrace ()
BuildGame:BakeModels () (at Assets/Editor/BuildGame.cs:22)
BuildGame:Build () (at Assets/Editor/BuildGame.cs:25)

[Assets/Editor/BuildGame.cs line 22]

Imported 'GUID: 4cdfad2a4a9e9214198f51d0b2d58634' -> (Import Result ID: '9636d98564ce12b63235a761f24cb62d') in 0.001 seconds [static dependencies only]. Details - ImportResultOutputID=a5f55dad5d2764ca810b365f315dae74 DependenciesID=65c97a6adb04ed451675facfce461593 StaticDependenciesID=275def30235e4cfade9dfa475044c5ac 
Importing 'GUID: 6c34ee1bfff2f574391cebabff3d6bda - Path: Assets/Art/Meshes/Atlas_16.asset' with importer (NativeFormatImporter)
Main Object Name 'Atlas/combined/WheelFL/Wheel' does not match filename 'Atlas_16'
UnityEngine.Debug:ExtractStackTraceNoAlloc (byte*,int,string)
UnityEngine.StackTraceUtility:ExtractStackTrace ()
BuildGame:BakeModels () (at Assets/Editor/BuildGame.cs:22)
BuildGame:Build () (at Assets/Editor/BuildGame.cs:25)

[Assets/Editor/BuildGame.cs line 22]

Imported 'GUID: 6c34ee1bfff2f574391cebabff3d6bda' -> (Import Result ID: '0d51a87df6714fe916a0abf9580aa989') in 0.001 seconds [static dependencies only]. Details - ImportResultOutputID=935c00431a4be3b24d2d74cd9f546eb5 DependenciesID=accf39800b2632b98a1dd2edf653023f StaticDependenciesID=6692666617b439d3330965a7270d537e 
Importing 'GUID: 7c517cb2941224448931557b62b26bdb - Path: Assets/Art/Meshes/Manta_11.asset' with importer (NativeFormatImporter)
Main Object Name 'Manta/combined/WheelRL/Accent' does not match filename 'Manta_11'
UnityEngine.Debug:ExtractStackTraceNoAlloc (byte*,int,string)
UnityEngine.StackTraceUtility:ExtractStackTrace ()
BuildGame:BakeModels () (at Assets/Editor/BuildGame.cs:22)
BuildGame:Build () (at Assets/Editor/BuildGame.cs:25)

[Assets/Editor/BuildGame.cs line 22]

Imported 'GUID: 7c517cb2941224448931557b62b26bdb' -> (Import Result ID: 'a6e253ccbd2a24acf4a73de2302ae833') in 0.001 seconds [static dependencies only]. Details - ImportResultOutputID=fdfdfe7b4185e0838cc15763fd8421c2 DependenciesID=7d30bd1a18e82b1bc285db5ece82e654 StaticDependenciesID=c83945f27c836b69a17ad973bfef7b40 
Importing 'GUID: 7c859980b640b3041ab6f6e5c4dd4371 - Path: Assets/Art/Meshes/Relay_5.asset' with importer (NativeFormatImporter)
Main Object Name 'Relay/combined/WheelRR/Carbon' does not match filename 'Relay_5'
UnityEngine.Debug:ExtractStackTraceNoAlloc (byte*,int,string)
UnityEngine.StackTraceUtility:ExtractStackTrace ()
BuildGame:BakeModels () (at Assets/Editor/BuildGame.cs:22)
BuildGame:Build () (at Assets/Editor/BuildGame.cs:25)

[Assets/Editor/BuildGame.cs line 22]

Imported 'GUID: 7c859980b640b3041ab6f6e5c4dd4371' -> (Import Result ID: 'cadc273cb20336f4b90904a15f48a9bc') in 0.001 seconds [static dependencies only]. Details - ImportResultOutputID=05ae206cead837113a2bd3faa579ec29 DependenciesID=e4155eb03d25050e4e386f225d7a7320 StaticDependenciesID=d8a3c7caf6e0c020231f9771f930d96d 
Importing 'GUID: 7c6929ab84f126d4ca2487e272a823ad - Path: Assets/Art/Meshes/Atlas_15.asset' with importer (NativeFormatImporter)
Main Object Name 'Atlas/combined/WheelFL/Carbon' does not match filename 'Atlas_15'
UnityEngine.Debug:ExtractStackTraceNoAlloc (byte*,int,string)
UnityEngine.StackTraceUtility:ExtractStackTrace ()
BuildGame:BakeModels () (at Assets/Editor/BuildGame.cs:22)
BuildGame:Build () (at Assets/Editor/BuildGame.cs:25)

[Assets/Editor/BuildGame.cs line 22]

Imported 'GUID: 7c6929ab84f126d4ca2487e272a823ad' -> (Import Result ID: 'd8f1ed7019505c11a04a90c37386c6e1') in 0.001 seconds [static dependencies only]. Details - ImportResultOutputID=4479244023f551c3ee9e751233769346 DependenciesID=ec0bc623a274d500901072ff5828cb25 StaticDependenciesID=3568ca6545731b91d7ec6bfbfe2ab9a5 
Importing 'GUID: 8ca3d00984ed5304f8f701834f023882 - Path: Assets/Art/Meshes/Miso_16.asset' with importer (NativeFormatImporter)
Main Object Name 'Miso/combined/WheelRL/Carbon' does not match filename 'Miso_16'
UnityEngine.Debug:ExtractStackTraceNoAlloc (byte*,int,string)
UnityEngine.StackTraceUtility:ExtractStackTrace ()
BuildGame:BakeModels () (at Assets/Editor/BuildGame.cs:22)
BuildGame:Build () (at Assets/Editor/BuildGame.cs:25)

[Assets/Editor/BuildGame.cs line 22]

Imported 'GUID: 8ca3d00984ed5304f8f701834f023882' -> (Import Result ID: '33b484a9865feed4d6796a5f07d2be84') in 0.001 seconds [static dependencies only]. Details - ImportResultOutputID=cdeb37c8d32ccbebb4d46a8b624affa3 DependenciesID=78ed1ef70998b57964eb9260fc3107c5 StaticDependenciesID=b0c9ba8bf9cb9c5fc6e97cab9c7f0d8d 
Importing 'GUID: 9ca5a24ed4d03bf4bb6b575e55507fc4 - Path: Assets/Art/Meshes/Miso_27.asset' with importer (NativeFormatImporter)
Main Object Name 'Miso/combined/Body/Glass' does not match filename 'Miso_27'
UnityEngine.Debug:ExtractStackTraceNoAlloc (byte*,int,string)
UnityEngine.StackTraceUtility:ExtractStackTrace ()
BuildGame:BakeModels () (at Assets/Editor/BuildGame.cs:22)
BuildGame:Build () (at Assets/Editor/BuildGame.cs:25)

[Assets/Editor/BuildGame.cs line 22]

Imported 'GUID: 9ca5a24ed4d03bf4bb6b575e55507fc4' -> (Import Result ID: '23e7accb9b16dec7761a27e5f90f2b57') in 0.000 seconds [static dependencies only]. Details - ImportResultOutputID=689481201a6956b8a20b99f029dab035 DependenciesID=c6a14762cca4080795c25a7114039e8e StaticDependenciesID=104f3a4baaccacbed2d3696c61d6dc14 
Importing 'GUID: 9c56427ccac1e754da2a93aeaf4f97b5 - Path: Assets/Art/Meshes/Pip_26.asset' with importer (NativeFormatImporter)
Main Object Name 'Pip/combined/Body/Glass' does not match filename 'Pip_26'
UnityEngine.Debug:ExtractStackTraceNoAlloc (byte*,int,string)
UnityEngine.StackTraceUtility:ExtractStackTrace ()
BuildGame:BakeModels () (at Assets/Editor/BuildGame.cs:22)
BuildGame:Build () (at Assets/Editor/BuildGame.cs:25)

[Assets/Editor/BuildGame.cs line 22]

Imported 'GUID: 9c56427ccac1e754da2a93aeaf4f97b5' -> (Import Result ID: '16fb8abc9962cfc67fea67a384b444de') in 0.001 seconds [static dependencies only]. Details - ImportResultOutputID=67ecf2ce8b296decf047d5410c9367e9 DependenciesID=bed0c1a32d6c4c9000ddb0f5ad714291 StaticDependenciesID=86b4233a9451f9ce61450d3e4aeac3ed 
Importing 'GUID: ac06183bb0511ec44a7af747a0f419ba - Path: Assets/Art/Meshes/Comet_27.asset' with importer (NativeFormatImporter)
Main Object Name 'Comet/combined/Body/Carbon' does not match filename 'Comet_27'
UnityEngine.Debug:ExtractStackTraceNoAlloc (byte*,int,string)
UnityEngine.StackTraceUtility:ExtractStackTrace ()
BuildGame:BakeModels () (at Assets/Editor/BuildGame.cs:22)
BuildGame:Build () (at Assets/Editor/BuildGame.cs:25)

[Assets/Editor/BuildGame.cs line 22]

Imported 'GUID: ac06183bb0511ec44a7af747a0f419ba' -> (Import Result ID: 'c0902643e68cd90ce7140f262440d659') in 0.001 seconds [static dependencies only]. Details - ImportResultOutputID=ec418d0c67255026551afa4df0365d92 DependenciesID=2e1f7f7a42c01e41fc7c8bdaec4edb52 StaticDependenciesID=b9c379d63b76acf8751e9004bb30080d 
Importing 'GUID: cc33efa912660824b8dae4ca35767238 - Path: Assets/Art/Meshes/Nomad_21.asset' with importer (NativeFormatImporter)
Main Object Name 'Nomad/combined/WheelRR/Tire' does not match filename 'Nomad_21'
UnityEngine.Debug:ExtractStackTraceNoAlloc (byte*,int,string)
UnityEngine.StackTraceUtility:ExtractStackTrace ()
BuildGame:BakeModels () (at Assets/Editor/BuildGame.cs:22)
BuildGame:Build () (at Assets/Editor/BuildGame.cs:25)

[Assets/Editor/BuildGame.cs line 22]

Imported 'GUID: cc33efa912660824b8dae4ca35767238' -> (Import Result ID: 'ff2166aa2ea0df7f9194f4fa546eb161') in 0.001 seconds [static dependencies only]. Details - ImportResultOutputID=d7dbc3ee2d6c0c42edaf7a0782ac5532 DependenciesID=15e6a0f52b54e2e1b48de32b3e561559 StaticDependenciesID=4275a4921f56ebb1a6ca0b84a44adfba 
Importing 'GUID: cc3a131278807df4b911d4940b8c1483 - Path: Assets/Art/Meshes/Atlas_25.asset' with importer (NativeFormatImporter)
Main Object Name 'Atlas/combined/Body/Glass' does not match filename 'Atlas_25'
UnityEngine.Debug:ExtractStackTraceNoAlloc (byte*,int,string)
UnityEngine.StackTraceUtility:ExtractStackTrace ()
BuildGame:BakeModels () (at Assets/Editor/BuildGame.cs:22)
BuildGame:Build () (at Assets/Editor/BuildGame.cs:25)

[Assets/Editor/BuildGame.cs line 22]

Imported 'GUID: cc3a131278807df4b911d4940b8c1483' -> (Import Result ID: '9e9b7efe252075a40617ab36f7049129') in 0.001 seconds [static dependencies only]. Details - ImportResultOutputID=c1e2c54d08f3f2b2639c5af7aa86d663 DependenciesID=40a07f96e097baee8f4f0823d3f4dcc9 StaticDependenciesID=02fb7e19e914e3cd2565991ce582b51c 
Importing 'GUID: fca6cff8990c15945a6d9257f5c3c5b6 - Path: Assets/Art/Meshes/Atlas_20.asset' with importer (NativeFormatImporter)
Main Object Name 'Atlas/combined/Body/Headlight' does not match filename 'Atlas_20'
UnityEngine.Debug:ExtractStackTraceNoAlloc (byte*,int,string)
UnityEngine.StackTraceUtility:ExtractStackTrace ()
BuildGame:BakeModels () (at Assets/Editor/BuildGame.cs:22)
BuildGame:Build () (at Assets/Editor/BuildGame.cs:25)

[Assets/Editor/BuildGame.cs line 22]

Imported 'GUID: fca6cff8990c15945a6d9257f5c3c5b6' -> (Import Result ID: '26a9afbc6bf16aae587207f2ff228c15') in 0.001 seconds [static dependencies only]. Details - ImportResultOutputID=898fdc470d20b9d071f979364e2004a7 DependenciesID=c725f4692ab94b48da32c9bb823ac110 StaticDependenciesID=9d47737ab299d9ccfaeafce78ebcdc18 
Importing 'GUID: 1d8609611f29fab49888d7350510d30a - Path: Assets/Art/Meshes/Manta_0.asset' with importer (NativeFormatImporter)
Main Object Name 'Manta/combined/WheelRR/Carbon' does not match filename 'Manta_0'
UnityEngine.Debug:ExtractStackTraceNoAlloc (byte*,int,string)
UnityEngine.StackTraceUtility:ExtractStackTrace ()
BuildGame:BakeModels () (at Assets/Editor/BuildGame.cs:22)
BuildGame:Build () (at Assets/Editor/BuildGame.cs:25)

[Assets/Editor/BuildGame.cs line 22]

Imported 'GUID: 1d8609611f29fab49888d7350510d30a' -> (Import Result ID: '2bc07325a849066a1201eac83e38f620') in 0.001 seconds [static dependencies only]. Details - ImportResultOutputID=32989f624bc8816a82f96e2aadeafe30 DependenciesID=9337d4b6c7daee884dba6c7f7fa7b1fd StaticDependenciesID=eaf7a963247746d6aadec9fbf48518d9 
Importing 'GUID: 1d2ef127b857b504c8e63a1fd6868239 - Path: Assets/Art/Meshes/Relay_12.asset' with importer (NativeFormatImporter)
Main Object Name 'Relay/combined/WheelRL/Tire' does not match filename 'Relay_12'
UnityEngine.Debug:ExtractStackTraceNoAlloc (byte*,int,string)
UnityEngine.StackTraceUtility:ExtractStackTrace ()
BuildGame:BakeModels () (at Assets/Editor/BuildGame.cs:22)
BuildGame:Build () (at Assets/Editor/BuildGame.cs:25)

[Assets/Editor/BuildGame.cs line 22]

Imported 'GUID: 1d2ef127b857b504c8e63a1fd6868239' -> (Import Result ID: '29b4bd6c156125ac00e8c0491e6b5521') in 0.001 seconds [static dependencies only]. Details - ImportResultOutputID=8a71408811363feeac47fa454828f843 DependenciesID=31f86cabd547f95987590a048c8059a3 StaticDependenciesID=4f2aa8000644dd59d8d707046f4e9d77 
Importing 'GUID: 2d54018da8f2e4d43913f93a159e95da - Path: Assets/Art/Meshes/Spectre_11.asset' with importer (NativeFormatImporter)
Main Object Name 'Spectre/combined/StockWing/Carbon' does not match filename 'Spectre_11'
UnityEngine.Debug:ExtractStackTraceNoAlloc (byte*,int,string)
UnityEngine.StackTraceUtility:ExtractStackTrace ()
BuildGame:BakeModels () (at Assets/Editor/BuildGame.cs:22)
BuildGame:Build () (at Assets/Editor/BuildGame.cs:25)

[Assets/Editor/BuildGame.cs line 22]

Imported 'GUID: 2d54018da8f2e4d43913f93a159e95da' -> (Import Result ID: '291a8b5973a90278c675eefdd815c682') in 0.001 seconds [static dependencies only]. Details - ImportResultOutputID=221ef7d6b2056e407f3d5582c32cc8ff DependenciesID=41e84f0d27ba8173c7133d4b965081ef StaticDependenciesID=89ca7e72bcdda165200de6b07c316e00 
Importing 'GUID: 3dcb75948e885494996b8dded9c4de8a - Path: Assets/Art/Meshes/Pip_18.asset' with importer (NativeFormatImporter)
Main Object Name 'Pip/combined/WheelRL/Tire' does not match filename 'Pip_18'
UnityEngine.Debug:ExtractStackTraceNoAlloc (byte*,int,string)
UnityEngine.StackTraceUtility:ExtractStackTrace ()
BuildGame:BakeModels () (at Assets/Editor/BuildGame.cs:22)
BuildGame:Build () (at Assets/Editor/BuildGame.cs:25)

[Assets/Editor/BuildGame.cs line 22]

Imported 'GUID: 3dcb75948e885494996b8dded9c4de8a' -> (Import Result ID: '6e575ebb9548165f5b9aa7260feaefc9') in 0.001 seconds [static dependencies only]. Details - ImportResultOutputID=665fb5964f1bffce25dc6c64062236b9 DependenciesID=7731ce426df3acaa7801306371975c36 StaticDependenciesID=fa898ae331cf12879f2e784f430dee6b 
Importing 'GUID: 4dc49fd7171bdea409931fce8342823b - Path: Assets/Art/Meshes/Nomad_8.asset' with importer (NativeFormatImporter)
Main Object Name 'Nomad/combined/WheelFR/Tire' does not match filename 'Nomad_8'
UnityEngine.Debug:ExtractStackTraceNoAlloc (byte*,int,string)
UnityEngine.StackTraceUtility:ExtractStackTrace ()
BuildGame:BakeModels () (at Assets/Editor/BuildGame.cs:22)
BuildGame:Build () (at Assets/Editor/BuildGame.cs:25)

[Assets/Editor/BuildGame.cs line 22]

Imported 'GUID: 4dc49fd7171bdea409931fce8342823b' -> (Import Result ID: 'd6709c84e1c3fa00cb28f7962f3d3531') in 0.001 seconds [static dependencies only]. Details - ImportResultOutputID=721b06fdc645dbf4b4428593cc044e19 DependenciesID=da83ffd17eb547e2de1f27ff2fe93738 StaticDependenciesID=25295f10f691880b0fb87b91804c9625 
Importing 'GUID: 5d10da29b62577f4eb0500fbd2ba1478 - Path: Assets/Art/Meshes/Manta_24.asset' with importer (NativeFormatImporter)
Main Object Name 'Manta/combined/Body/Accent' does not match filename 'Manta_24'
UnityEngine.Debug:ExtractStackTraceNoAlloc (byte*,int,string)
UnityEngine.StackTraceUtility:ExtractStackTrace ()
BuildGame:BakeModels () (at Assets/Editor/BuildGame.cs:22)
BuildGame:Build () (at Assets/Editor/BuildGame.cs:25)

[Assets/Editor/BuildGame.cs line 22]

Imported 'GUID: 5d10da29b62577f4eb0500fbd2ba1478' -> (Import Result ID: '01dfe551b8a293b4f3b9d7f17d22ffaf') in 0.001 seconds [static dependencies only]. Details - ImportResultOutputID=6150e7ecbab03f476032163ba418da53 DependenciesID=8cea1a597c161b447e072e74bfebd78f StaticDependenciesID=0f01b75024b7893cd50cbf902b3d13ba 
Importing 'GUID: 5d67982b04fc18448ac0775ceda3136a - Path: Assets/Art/Meshes/Manta_5.asset' with importer (NativeFormatImporter)
Main Object Name 'Manta/combined/WheelFL/Carbon' does not match filename 'Manta_5'
UnityEngine.Debug:ExtractStackTraceNoAlloc (byte*,int,string)
UnityEngine.StackTraceUtility:ExtractStackTrace ()
BuildGame:BakeModels () (at Assets/Editor/BuildGame.cs:22)
BuildGame:Build () (at Assets/Editor/BuildGame.cs:25)

[Assets/Editor/BuildGame.cs line 22]

Imported 'GUID: 5d67982b04fc18448ac0775ceda3136a' -> (Import Result ID: '097379b141aba96be8fe301693f8102a') in 0.001 seconds [static dependencies only]. Details - ImportResultOutputID=5b36920f4891c6848ebe66faab13bedd DependenciesID=44cc5fb91ca2910dbcab78ff8b93491f StaticDependenciesID=316add917b2c429fe2883a9eb2126887 
Importing 'GUID: 5dbabc7ef225f414891d0ab609a2ea8e - Path: Assets/Art/Meshes/Comet_2.asset' with importer (NativeFormatImporter)
Main Object Name 'Comet/combined/WheelFL/Carbon' does not match filename 'Comet_2'
UnityEngine.Debug:ExtractStackTraceNoAlloc (byte*,int,string)
UnityEngine.StackTraceUtility:ExtractStackTrace ()
BuildGame:BakeModels () (at Assets/Editor/BuildGame.cs:22)
BuildGame:Build () (at Assets/Editor/BuildGame.cs:25)

[Assets/Editor/BuildGame.cs line 22]

Imported 'GUID: 5dbabc7ef225f414891d0ab609a2ea8e' -> (Import Result ID: '32d43b1f7cf03578c17f91c327eb999e') in 0.001 seconds [static dependencies only]. Details - ImportResultOutputID=3ace4ca7f03f0107f33e428d703d27d3 DependenciesID=2ec1f801be182fabf2120aba95b81ca5 StaticDependenciesID=5b823ecf650c437ece39ffdfebafb672 
Importing 'GUID: 5dac254041d43344d900f2a2e371fdb1 - Path: Assets/Art/Meshes/Pip_2.asset' with importer (NativeFormatImporter)
Main Object Name 'Pip/combined/WheelFL/Metal' does not match filename 'Pip_2'
UnityEngine.Debug:ExtractStackTraceNoAlloc (byte*,int,string)
UnityEngine.StackTraceUtility:ExtractStackTrace ()
BuildGame:BakeModels () (at Assets/Editor/BuildGame.cs:22)
BuildGame:Build () (at Assets/Editor/BuildGame.cs:25)

[Assets/Editor/BuildGame.cs line 22]

Imported 'GUID: 5dac254041d43344d900f2a2e371fdb1' -> (Import Result ID: '3d547304b549c7eb36823f6ef35bc821') in 0.001 seconds [static dependencies only]. Details - ImportResultOutputID=3483e2389f6b707d063f4eab9000c91e DependenciesID=6ca27847b0764dff0204498482a34319 StaticDependenciesID=949889fc1557cde1e91c228a9c7fdbe9 
Importing 'GUID: 6dd3b319e6b5fec49a575eb61a96bb5b - Path: Assets/Art/Meshes/Miso_23.asset' with importer (NativeFormatImporter)
Main Object Name 'Miso/combined/Body/Headlight' does not match filename 'Miso_23'
UnityEngine.Debug:ExtractStackTraceNoAlloc (byte*,int,string)
UnityEngine.StackTraceUtility:ExtractStackTrace ()
BuildGame:BakeModels () (at Assets/Editor/BuildGame.cs:22)
BuildGame:Build () (at Assets/Editor/BuildGame.cs:25)

[Assets/Editor/BuildGame.cs line 22]

Imported 'GUID: 6dd3b319e6b5fec49a575eb61a96bb5b' -> (Import Result ID: '9fef5648f0e7d0f8c6b6a6b54661b39b') in 0.001 seconds [static dependencies only]. Details - ImportResultOutputID=846bc31d8b1e8fe2c85c2f1a2b37db48 DependenciesID=ca4d1680adcf0595210d28dea554649d StaticDependenciesID=4019dd3b4375884ab19d1282df73c621 
Importing 'GUID: 6d6586f866ed4364c8555426883d5281 - Path: Assets/Art/Meshes/Manta_22.asset' with importer (NativeFormatImporter)
Main Object Name 'Manta/combined/Body/Paint' does not match filename 'Manta_22'
UnityEngine.Debug:ExtractStackTraceNoAlloc (byte*,int,string)
UnityEngine.StackTraceUtility:ExtractStackTrace ()
BuildGame:BakeModels () (at Assets/Editor/BuildGame.cs:22)
BuildGame:Build () (at Assets/Editor/BuildGame.cs:25)

[Assets/Editor/BuildGame.cs line 22]

Imported 'GUID: 6d6586f866ed4364c8555426883d5281' -> (Import Result ID: '6a7aba6d2e72324b57e4f29eb8d58e4e') in 0.001 seconds [static dependencies only]. Details - ImportResultOutputID=344198e705782be81597a857811d7622 DependenciesID=0c5e8d274f65b490affc5a5e3c761f01 StaticDependenciesID=1c6b417d8a1310204b31bd877469678c 
Importing 'GUID: 8db5e303dbb1131408cc0dd54b946de7 - Path: Assets/Art/Meshes/TrackStation_2.asset' with importer (NativeFormatImporter)
Main Object Name 'TrackStation/combined/Body/Glass' does not match filename 'TrackStation_2'
UnityEngine.Debug:ExtractStackTraceNoAlloc (byte*,int,string)
UnityEngine.StackTraceUtility:ExtractStackTrace ()
BuildGame:BakeModels () (at Assets/Editor/BuildGame.cs:22)
BuildGame:Build () (at Assets/Editor/BuildGame.cs:25)

[Assets/Editor/BuildGame.cs line 22]

Imported 'GUID: 8db5e303dbb1131408cc0dd54b946de7' -> (Import Result ID: '06474dfc7b1cdbe07e5da30b84692d2d') in 0.001 seconds [static dependencies only]. Details - ImportResultOutputID=865a9d1b92bc5a4b426cc13618b878b7 DependenciesID=fa845270fccb46e1c9ea58a03eb31b0b StaticDependenciesID=292160e83dd5d3e815148e362ca21e39 
Importing 'GUID: 8daa821562c3f314abde5e5789c6259b - Path: Assets/Art/Meshes/Relay_9.asset' with importer (NativeFormatImporter)
Main Object Name 'Relay/combined/WheelRR/Wheel' does not match filename 'Relay_9'
UnityEngine.Debug:ExtractStackTraceNoAlloc (byte*,int,string)
UnityEngine.StackTraceUtility:ExtractStackTrace ()
BuildGame:BakeModels () (at Assets/Editor/BuildGame.cs:22)
BuildGame:Build () (at Assets/Editor/BuildGame.cs:25)

[Assets/Editor/BuildGame.cs line 22]

Imported 'GUID: 8daa821562c3f314abde5e5789c6259b' -> (Import Result ID: 'd9d9cc2b2803fb82db237df1424d40f4') in 0.001 seconds [static dependencies only]. Details - ImportResultOutputID=09329f6f2e04dcc54f19b04d39d7e339 DependenciesID=09bce9c51da856d84a2415ab2ef13a47 StaticDependenciesID=b29d43eddeaeceb8c20985c411f37012 
Importing 'GUID: 8d4c68a58d40cc64686d79e14837b0f4 - Path: Assets/Art/Meshes/Nomad_23.asset' with importer (NativeFormatImporter)
Main Object Name 'Nomad/combined/Body/Headlight' does not match filename 'Nomad_23'
UnityEngine.Debug:ExtractStackTraceNoAlloc (byte*,int,string)
UnityEngine.StackTraceUtility:ExtractStackTrace ()
BuildGame:BakeModels () (at Assets/Editor/BuildGame.cs:22)
BuildGame:Build () (at Assets/Editor/BuildGame.cs:25)

[Assets/Editor/BuildGame.cs line 22]

Imported 'GUID: 8d4c68a58d40cc64686d79e14837b0f4' -> (Import Result ID: 'cca172986dbc77b98ca02aa271c5b320') in 0.001 seconds [static dependencies only]. Details - ImportResultOutputID=37da490b3de9f34546d6aa044ffcd749 DependenciesID=8a6d85cc4714311651853083894793c2 StaticDependenciesID=9d44a99705c72fd147513cad766ee982 
Importing 'GUID: ad6089270cbff8648a246c16f012be4c - Path: Assets/Art/Meshes/Nomad_27.asset' with importer (NativeFormatImporter)
Main Object Name 'Nomad/combined/StockExhaust/Metal' does not match filename 'Nomad_27'
UnityEngine.Debug:ExtractStackTraceNoAlloc (byte*,int,string)
UnityEngine.StackTraceUtility:ExtractStackTrace ()
BuildGame:BakeModels () (at Assets/Editor/BuildGame.cs:22)
BuildGame:Build () (at Assets/Editor/BuildGame.cs:25)

[Assets/Editor/BuildGame.cs line 22]

Imported 'GUID: ad6089270cbff8648a246c16f012be4c' -> (Import Result ID: '5860ce2b168bc87c5b57db7c5577fc72') in 0.001 seconds [static dependencies only]. Details - ImportResultOutputID=0b1dc7e8c186d9e63b8921e600c65695 DependenciesID=9d39c940f9375636fd805d8ebe70a611 StaticDependenciesID=266e5d9a63fd843dbd47a95904fb4c65 
Importing 'GUID: bd2b9d079f7c9e146af586ada6b7d976 - Path: Assets/Art/Meshes/Pip_12.asset' with importer (NativeFormatImporter)
Main Object Name 'Pip/combined/WheelRR/Wheel' does not match filename 'Pip_12'
UnityEngine.Debug:ExtractStackTraceNoAlloc (byte*,int,string)
UnityEngine.StackTraceUtility:ExtractStackTrace ()
BuildGame:BakeModels () (at Assets/Editor/BuildGame.cs:22)
BuildGame:Build () (at Assets/Editor/BuildGame.cs:25)

[Assets/Editor/BuildGame.cs line 22]

Imported 'GUID: bd2b9d079f7c9e146af586ada6b7d976' -> (Import Result ID: 'f78e3f5896cc7cb306d0b4fe41dce400') in 0.001 seconds [static dependencies only]. Details - ImportResultOutputID=8533bd1fee4a0af0651595e0a8df22dd DependenciesID=c1d96a8f63b635ceb89560fa09f1be9a StaticDependenciesID=a7cb88ffce4971e58e490f8b56db0c45 
Importing 'GUID: cddbf3f5f06f09744a18415054ae6c35 - Path: Assets/Art/Meshes/Pip_16.asset' with importer (NativeFormatImporter)
Main Object Name 'Pip/combined/WheelRL/Metal' does not match filename 'Pip_16'
UnityEngine.Debug:ExtractStackTraceNoAlloc (byte*,int,string)
UnityEngine.StackTraceUtility:ExtractStackTrace ()
BuildGame:BakeModels () (at Assets/Editor/BuildGame.cs:22)
BuildGame:Build () (at Assets/Editor/BuildGame.cs:25)

[Assets/Editor/BuildGame.cs line 22]

Imported 'GUID: cddbf3f5f06f09744a18415054ae6c35' -> (Import Result ID: '1ee47ebfb550a4afe6278f4181e90dd8') in 0.001 seconds [static dependencies only]. Details - ImportResultOutputID=890985183ace2fe1ca54abfb83d73e27 DependenciesID=c9a018a4f75bcd54dc9703bd246e315e StaticDependenciesID=7672d949d85c758f607e0d33f9ef9901 
Importing 'GUID: cd5ea37fde25f9341870eeac18739db3 - Path: Assets/Art/Meshes/Spectre_1.asset' with importer (NativeFormatImporter)
Main Object Name 'Spectre/combined/WheelRL/Accent' does not match filename 'Spectre_1'
UnityEngine.Debug:ExtractStackTraceNoAlloc (byte*,int,string)
UnityEngine.StackTraceUtility:ExtractStackTrace ()
BuildGame:BakeModels () (at Assets/Editor/BuildGame.cs:22)
BuildGame:Build () (at Assets/Editor/BuildGame.cs:25)

[Assets/Editor/BuildGame.cs line 22]

Imported 'GUID: cd5ea37fde25f9341870eeac18739db3' -> (Import Result ID: '5bbf4a8b8b5f27ffb243527c70bed3e4') in 0.001 seconds [static dependencies only]. Details - ImportResultOutputID=2b26ef0e6920936ce85b4fa86c872a1d DependenciesID=f6a8317f76dfc45981152e11e16a87da StaticDependenciesID=8ee7ddbd829064df4051ff43620532dd 
Importing 'GUID: dd71abbdfce17eb44816d5e3eaf3e9a5 - Path: Assets/Art/Meshes/AlienTree_0.asset' with importer (NativeFormatImporter)
Main Object Name 'AlienTree/combined/Body/Bark' does not match filename 'AlienTree_0'
UnityEngine.Debug:ExtractStackTraceNoAlloc (byte*,int,string)
UnityEngine.StackTraceUtility:ExtractStackTrace ()
BuildGame:BakeModels () (at Assets/Editor/BuildGame.cs:22)
BuildGame:Build () (at Assets/Editor/BuildGame.cs:25)

[Assets/Editor/BuildGame.cs line 22]

Imported 'GUID: dd71abbdfce17eb44816d5e3eaf3e9a5' -> (Import Result ID: '7f3d1b3ce0df537a575dcb76040dd663') in 0.001 seconds [static dependencies only]. Details - ImportResultOutputID=c9ea52c858b4ba48907efa507c00012f DependenciesID=ee28a0dfd9a14037d102066c2dc412ed StaticDependenciesID=1b5f3ec0b658a83d622ef230c45e7f05 
Importing 'GUID: ed2b2a8850347d7429984091e52b542e - Path: Assets/Art/Meshes/Spectre_21.asset' with importer (NativeFormatImporter)
Main Object Name 'Spectre/combined/WheelRR/Wheel' does not match filename 'Spectre_21'
UnityEngine.Debug:ExtractStackTraceNoAlloc (byte*,int,string)
UnityEngine.StackTraceUtility:ExtractStackTrace ()
BuildGame:BakeModels () (at Assets/Editor/BuildGame.cs:22)
BuildGame:Build () (at Assets/Editor/BuildGame.cs:25)

[Assets/Editor/BuildGame.cs line 22]

Imported 'GUID: ed2b2a8850347d7429984091e52b542e' -> (Import Result ID: 'a7e807e158601ef6eb7dfb6e67b69976') in 0.001 seconds [static dependencies only]. Details - ImportResultOutputID=dd538433bc307ca88312f6b298f880df DependenciesID=e9e10e40b319292bb6b954f871937798 StaticDependenciesID=c51bf7ab81ecb819f56adeccb045fe0a 
Importing 'GUID: 0e522b78af2832c479eaf6800cf1ddbc - Path: Assets/Art/Meshes/Relay_23.asset' with importer (NativeFormatImporter)
Main Object Name 'Relay/combined/Body/Taillight' does not match filename 'Relay_23'
UnityEngine.Debug:ExtractStackTraceNoAlloc (byte*,int,string)
UnityEngine.StackTraceUtility:ExtractStackTrace ()
BuildGame:BakeModels () (at Assets/Editor/BuildGame.cs:22)
BuildGame:Build () (at Assets/Editor/BuildGame.cs:25)

[Assets/Editor/BuildGame.cs line 22]

Imported 'GUID: 0e522b78af2832c479eaf6800cf1ddbc' -> (Import Result ID: '660a95faf6f946bd691ed172312eb206') in 0.001 seconds [static dependencies only]. Details - ImportResultOutputID=55e93926366f44d1d17a197323aa346e DependenciesID=c3f8c42c95948e40505ad822274d121e StaticDependenciesID=73c7de0ae9f54ba0f57f0038b7c18df5 
Importing 'GUID: 0e5d2e35c91b69945bdbcaa4312def76 - Path: Assets/Art/Meshes/Atlas_1.asset' with importer (NativeFormatImporter)
Main Object Name 'Atlas/combined/WheelRL/Metal' does not match filename 'Atlas_1'
UnityEngine.Debug:ExtractStackTraceNoAlloc (byte*,int,string)
UnityEngine.StackTraceUtility:ExtractStackTrace ()
BuildGame:BakeModels () (at Assets/Editor/BuildGame.cs:22)
BuildGame:Build () (at Assets/Editor/BuildGame.cs:25)

[Assets/Editor/BuildGame.cs line 22]

Imported 'GUID: 0e5d2e35c91b69945bdbcaa4312def76' -> (Import Result ID: '3686f037afc4ad2ab50d04e9641906d7') in 0.001 seconds [static dependencies only]. Details - ImportResultOutputID=31612aaf88c3291534120fecf00453c0 DependenciesID=4684b1ae09f3bdfe07aa63544c6440e5 StaticDependenciesID=fd2031b1fc3661128bab15872c8dd3fb 
Importing 'GUID: 2e2932efcbeb41f4a9783f072d84cfa1 - Path: Assets/Art/Meshes/Pip_17.asset' with importer (NativeFormatImporter)
Main Object Name 'Pip/combined/WheelRL/Accent' does not match filename 'Pip_17'
UnityEngine.Debug:ExtractStackTraceNoAlloc (byte*,int,string)
UnityEngine.StackTraceUtility:ExtractStackTrace ()
BuildGame:BakeModels () (at Assets/Editor/BuildGame.cs:22)
BuildGame:Build () (at Assets/Editor/BuildGame.cs:25)

[Assets/Editor/BuildGame.cs line 22]

Imported 'GUID: 2e2932efcbeb41f4a9783f072d84cfa1' -> (Import Result ID: 'ce0f2eacc09705bacdfbde4726d84c64') in 0.001 seconds [static dependencies only]. Details - ImportResultOutputID=4addc09852f359cf4259225f916a0707 DependenciesID=db271ed60bd9308d20725495f673ba82 StaticDependenciesID=b9c94c6de46b385dd6886ae4a8638f4d 
Importing 'GUID: 3eb23fec121e5964581e14340c4848e1 - Path: Assets/Art/Meshes/Comet_23.asset' with importer (NativeFormatImporter)
Main Object Name 'Comet/combined/Body/Taillight' does not match filename 'Comet_23'
UnityEngine.Debug:ExtractStackTraceNoAlloc (byte*,int,string)
UnityEngine.StackTraceUtility:ExtractStackTrace ()
BuildGame:BakeModels () (at Assets/Editor/BuildGame.cs:22)
BuildGame:Build () (at Assets/Editor/BuildGame.cs:25)

[Assets/Editor/BuildGame.cs line 22]

Imported 'GUID: 3eb23fec121e5964581e14340c4848e1' -> (Import Result ID: 'c05561448360127f4d40ecefd885694f') in 0.001 seconds [static dependencies only]. Details - ImportResultOutputID=eb3e9a3ddfb4ad7098af82f1132a5152 DependenciesID=31b5733ad2032e8542f7634cc3c74664 StaticDependenciesID=346aa6303c1989e84e92b4ca4cbfb848 
Importing 'GUID: 3e7b01229d9fa8e41a68eabc1ec1f8e0 - Path: Assets/Art/Meshes/Comet_25.asset' with importer (NativeFormatImporter)
Main Object Name 'Comet/combined/StockScoop/Carbon' does not match filename 'Comet_25'
UnityEngine.Debug:ExtractStackTraceNoAlloc (byte*,int,string)
UnityEngine.StackTraceUtility:ExtractStackTrace ()
BuildGame:BakeModels () (at Assets/Editor/BuildGame.cs:22)
BuildGame:Build () (at Assets/Editor/BuildGame.cs:25)

[Assets/Editor/BuildGame.cs line 22]

Imported 'GUID: 3e7b01229d9fa8e41a68eabc1ec1f8e0' -> (Import Result ID: 'b902a980919d37cdc321729217050635') in 0.001 seconds [static dependencies only]. Details - ImportResultOutputID=a509b1d6d031e682efa5c72ed1da82e7 DependenciesID=0631062b48e7d734394dabb57c5886ac StaticDependenciesID=0e2f7df89dad07106e19094bb59aaa93 
Importing 'GUID: 6e9415839d16dbc4194f8707c2959a62 - Path: Assets/Art/Meshes/Miso_8.asset' with importer (NativeFormatImporter)
Main Object Name 'Miso/combined/WheelFR/Wheel' does not match filename 'Miso_8'
UnityEngine.Debug:ExtractStackTraceNoAlloc (byte*,int,string)
UnityEngine.StackTraceUtility:ExtractStackTrace ()
BuildGame:BakeModels () (at Assets/Editor/BuildGame.cs:22)
BuildGame:Build () (at Assets/Editor/BuildGame.cs:25)

[Assets/Editor/BuildGame.cs line 22]

Imported 'GUID: 6e9415839d16dbc4194f8707c2959a62' -> (Import Result ID: 'd999cc9e01460886777cf80bbcc6a3f2') in 0.001 seconds [static dependencies only]. Details - ImportResultOutputID=9a86059f2c516852897de1fe18b28d77 DependenciesID=2d7f3f65e9b8c8da6e6fb75461b8f89f StaticDependenciesID=99452025c1727a7e00065358e9fabb40 
Importing 'GUID: 6e470cacc268a8a45bbc7b619214b453 - Path: Assets/Art/Meshes/Cinder_1.asset' with importer (NativeFormatImporter)
Main Object Name 'Cinder/combined/WheelRR/Accent' does not match filename 'Cinder_1'
UnityEngine.Debug:ExtractStackTraceNoAlloc (byte*,int,string)
UnityEngine.StackTraceUtility:ExtractStackTrace ()
BuildGame:BakeModels () (at Assets/Editor/BuildGame.cs:22)
BuildGame:Build () (at Assets/Editor/BuildGame.cs:25)

[Assets/Editor/BuildGame.cs line 22]

Imported 'GUID: 6e470cacc268a8a45bbc7b619214b453' -> (Import Result ID: '8138925cd6da5404dc06cbed9f227400') in 0.001 seconds [static dependencies only]. Details - ImportResultOutputID=1a8f2b6b04d15cb13b583fa23fea5a63 DependenciesID=6a0b7964f42103454c278703ebe530a1 StaticDependenciesID=2f6c766ee7450de953283ce0b16135ec 
Importing 'GUID: 6e7c319bad9e4954f8f1f0e17baff4d8 - Path: Assets/Art/Meshes/Manta_13.asset' with importer (NativeFormatImporter)
Main Object Name 'Manta/combined/WheelRL/Wheel' does not match filename 'Manta_13'
UnityEngine.Debug:ExtractStackTraceNoAlloc (byte*,int,string)
UnityEngine.StackTraceUtility:ExtractStackTrace ()
BuildGame:BakeModels () (at Assets/Editor/BuildGame.cs:22)
BuildGame:Build () (at Assets/Editor/BuildGame.cs:25)

[Assets/Editor/BuildGame.cs line 22]

Imported 'GUID: 6e7c319bad9e4954f8f1f0e17baff4d8' -> (Import Result ID: '4d9421309162fdfabf369bb95fc78984') in 0.001 seconds [static dependencies only]. Details - ImportResultOutputID=216a12d8da1aa421d8634d911576a248 DependenciesID=8e4957bc346afb35e3799f36e29be9d0 StaticDependenciesID=f0d14e73b2ddd0caee2b65695cc95e1b 
Importing 'GUID: 7ef00642ec754f541ac00e3f4194074f - Path: Assets/Art/Meshes/Atlas_21.asset' with importer (NativeFormatImporter)
Main Object Name 'Atlas/combined/Body/Carbon' does not match filename 'Atlas_21'
UnityEngine.Debug:ExtractStackTraceNoAlloc (byte*,int,string)
UnityEngine.StackTraceUtility:ExtractStackTrace ()
BuildGame:BakeModels () (at Assets/Editor/BuildGame.cs:22)
BuildGame:Build () (at Assets/Editor/BuildGame.cs:25)

[Assets/Editor/BuildGame.cs line 22]

Imported 'GUID: 7ef00642ec754f541ac00e3f4194074f' -> (Import Result ID: '821a81c0d3dcc0dd9c0a1d7914db25ff') in 0.001 seconds [static dependencies only]. Details - ImportResultOutputID=89027cae01ed7fb53a7c0e3bd2cbb1d8 DependenciesID=6f4a7af8c5c56fb56e51c20759c37ee8 StaticDependenciesID=e006e2d0ca94d1625a7b33bfb4cbba6a 
Importing 'GUID: 7e1262e94ed9ce64c93dd13c7e1257f7 - Path: Assets/Art/Meshes/Cinder_23.asset' with importer (NativeFormatImporter)
Main Object Name 'Cinder/combined/Body/Glass' does not match filename 'Cinder_23'
UnityEngine.Debug:ExtractStackTraceNoAlloc (byte*,int,string)
UnityEngine.StackTraceUtility:ExtractStackTrace ()
BuildGame:BakeModels () (at Assets/Editor/BuildGame.cs:22)
BuildGame:Build () (at Assets/Editor/BuildGame.cs:25)

[Assets/Editor/BuildGame.cs line 22]

Imported 'GUID: 7e1262e94ed9ce64c93dd13c7e1257f7' -> (Import Result ID: '0390b4b66ae93ff9b163295e7069633f') in 0.001 seconds [static dependencies only]. Details - ImportResultOutputID=1217f0b7d23220a71c6249b4456c075a DependenciesID=676e2cff72c0b9f9fbeaaf6113b2839a StaticDependenciesID=88cfaaf9c2a26481f59db69cf0f26730 
Importing 'GUID: 7ef22f96203e612459a15043e6056fb7 - Path: Assets/Art/Meshes/Pip_23.asset' with importer (NativeFormatImporter)
Main Object Name 'Pip/combined/Body/Headlight' does not match filename 'Pip_23'
UnityEngine.Debug:ExtractStackTraceNoAlloc (byte*,int,string)
UnityEngine.StackTraceUtility:ExtractStackTrace ()
BuildGame:BakeModels () (at Assets/Editor/BuildGame.cs:22)
BuildGame:Build () (at Assets/Editor/BuildGame.cs:25)

[Assets/Editor/BuildGame.cs line 22]

Imported 'GUID: 7ef22f96203e612459a15043e6056fb7' -> (Import Result ID: 'baccdad1eedff4f6d2ec81a48cf09754') in 0.001 seconds [static dependencies only]. Details - ImportResultOutputID=3fa3963e04ddad019c9ff05efaff0af0 DependenciesID=599a7854fded92d925bcdd9597ebbabb StaticDependenciesID=403e56b2ed8562e1b5939a7b7cda9037 
Importing 'GUID: 7e839f0860d01cc47943b3f0b4974150 - Path: Assets/Art/Meshes/Nomad_16.asset' with importer (NativeFormatImporter)
Main Object Name 'Nomad/combined/WheelRL/Tire' does not match filename 'Nomad_16'
UnityEngine.Debug:ExtractStackTraceNoAlloc (byte*,int,string)
UnityEngine.StackTraceUtility:ExtractStackTrace ()
BuildGame:BakeModels () (at Assets/Editor/BuildGame.cs:22)
BuildGame:Build () (at Assets/Editor/BuildGame.cs:25)

[Assets/Editor/BuildGame.cs line 22]

Imported 'GUID: 7e839f0860d01cc47943b3f0b4974150' -> (Import Result ID: 'c3f95a145c7b67a2132254adcb14e338') in 0.001 seconds [static dependencies only]. Details - ImportResultOutputID=5d7b28603520987a719548b91719d917 DependenciesID=8cd97906b197cb29beea285533b1938d StaticDependenciesID=859013465efaacc7e2f79abff5b9c83c 
Importing 'GUID: 9efc9cf3d7d1d6b41b2b8f9e67eb2331 - Path: Assets/Art/Meshes/Cinder_17.asset' with importer (NativeFormatImporter)
Main Object Name 'Cinder/combined/WheelFL/Accent' does not match filename 'Cinder_17'
UnityEngine.Debug:ExtractStackTraceNoAlloc (byte*,int,string)
UnityEngine.StackTraceUtility:ExtractStackTrace ()
BuildGame:BakeModels () (at Assets/Editor/BuildGame.cs:22)
BuildGame:Build () (at Assets/Editor/BuildGame.cs:25)

[Assets/Editor/BuildGame.cs line 22]

Imported 'GUID: 9efc9cf3d7d1d6b41b2b8f9e67eb2331' -> (Import Result ID: 'a4f8e8ab3883aa5337475026380e5484') in 0.001 seconds [static dependencies only]. Details - ImportResultOutputID=9c42c27215d0440255b9554bb6f6aaa9 DependenciesID=8a60223a44c578dd11fdfea82694db4d StaticDependenciesID=ea3aac130b39357b2ad49ad5fa2a1c5f 
Importing 'GUID: ae74c6a93ecb5d94292743b35b0de436 - Path: Assets/Art/Meshes/Nomad_14.asset' with importer (NativeFormatImporter)
Main Object Name 'Nomad/combined/WheelRL/Carbon' does not match filename 'Nomad_14'
UnityEngine.Debug:ExtractStackTraceNoAlloc (byte*,int,string)
UnityEngine.StackTraceUtility:ExtractStackTrace ()
BuildGame:BakeModels () (at Assets/Editor/BuildGame.cs:22)
BuildGame:Build () (at Assets/Editor/BuildGame.cs:25)

[Assets/Editor/BuildGame.cs line 22]

Imported 'GUID: ae74c6a93ecb5d94292743b35b0de436' -> (Import Result ID: '763006f75994b82f118204d571e49c2d') in 0.001 seconds [static dependencies only]. Details - ImportResultOutputID=de62f3b5b21e7f8bd3282f3295e14446 DependenciesID=10ea6c811565dd84c9c9212b08962b18 StaticDependenciesID=44be27c9dc841724e2a5efb9bf753c0e 
Importing 'GUID: bec8951f456c7564d99cf8d0a995a7de - Path: Assets/Art/Meshes/Cinder_18.asset' with importer (NativeFormatImporter)
Main Object Name 'Cinder/combined/WheelFL/Tire' does not match filename 'Cinder_18'
UnityEngine.Debug:ExtractStackTraceNoAlloc (byte*,int,string)
UnityEngine.StackTraceUtility:ExtractStackTrace ()
BuildGame:BakeModels () (at Assets/Editor/BuildGame.cs:22)
BuildGame:Build () (at Assets/Editor/BuildGame.cs:25)

[Assets/Editor/BuildGame.cs line 22]

Imported 'GUID: bec8951f456c7564d99cf8d0a995a7de' -> (Import Result ID: 'e421e0aea2961c80bf44e19a1d6584a7') in 0.001 seconds [static dependencies only]. Details - ImportResultOutputID=3f528fb54afa70894e3774750202f8b0 DependenciesID=c86dbc5741f3ebc3fd476951dea6f927 StaticDependenciesID=2f0eebfce9210507032925e7c87b630f 
Importing 'GUID: be7956e5357bc0f42809d7d264b95ca0 - Path: Assets/Art/Meshes/Nomad_4.asset' with importer (NativeFormatImporter)
Main Object Name 'Nomad/combined/WheelFL/Wheel' does not match filename 'Nomad_4'
UnityEngine.Debug:ExtractStackTraceNoAlloc (byte*,int,string)
UnityEngine.StackTraceUtility:ExtractStackTrace ()
BuildGame:BakeModels () (at Assets/Editor/BuildGame.cs:22)
BuildGame:Build () (at Assets/Editor/BuildGame.cs:25)

[Assets/Editor/BuildGame.cs line 22]

Imported 'GUID: be7956e5357bc0f42809d7d264b95ca0' -> (Import Result ID: 'c736e61026fc48911ef60ee991f06107') in 0.001 seconds [static dependencies only]. Details - ImportResultOutputID=8b8c233e0bc48ef91bfec1e29d71acf4 DependenciesID=562e39ef24da84c946b70b51c6966fbe StaticDependenciesID=a25ba461dafac43c906c6fcd7a2f011b 
Importing 'GUID: dee38f8c318ed4b4b8c5ac32325a81bd - Path: Assets/Art/Meshes/Comet_17.asset' with importer (NativeFormatImporter)
Main Object Name 'Comet/combined/WheelFR/Accent' does not match filename 'Comet_17'
UnityEngine.Debug:ExtractStackTraceNoAlloc (byte*,int,string)
UnityEngine.StackTraceUtility:ExtractStackTrace ()
BuildGame:BakeModels () (at Assets/Editor/BuildGame.cs:22)
BuildGame:Build () (at Assets/Editor/BuildGame.cs:25)

[Assets/Editor/BuildGame.cs line 22]

Imported 'GUID: dee38f8c318ed4b4b8c5ac32325a81bd' -> (Import Result ID: '99e7793dc3c5b4d4e8c50fc7433caec9') in 0.001 seconds [static dependencies only]. Details - ImportResultOutputID=9276bc3f0677f8bd262c26f4532714f7 DependenciesID=ce76b847a419c89bd3462c14ac8a221d StaticDependenciesID=20ed32b209605007a425fd634fc8a265 
Importing 'GUID: 0f15dd56f728f664fbb63b6d056274b0 - Path: Assets/Art/Meshes/Pip_25.asset' with importer (NativeFormatImporter)
Main Object Name 'Pip/combined/Body/Accent' does not match filename 'Pip_25'
UnityEngine.Debug:ExtractStackTraceNoAlloc (byte*,int,string)
UnityEngine.StackTraceUtility:ExtractStackTrace ()
BuildGame:BakeModels () (at Assets/Editor/BuildGame.cs:22)
BuildGame:Build () (at Assets/Editor/BuildGame.cs:25)

[Assets/Editor/BuildGame.cs line 22]

Imported 'GUID: 0f15dd56f728f664fbb63b6d056274b0' -> (Import Result ID: 'bdef16ffa15d577bc44e9b88040fb09e') in 0.001 seconds [static dependencies only]. Details - ImportResultOutputID=016d9aae3031677f12d72da4d8d9e8e9 DependenciesID=f06297d2c9efa666d9972827cfc4659c StaticDependenciesID=3260db84041cdea80dca97542f9880b1 
Importing 'GUID: 0f4c55a8f9c8679439eba7f1ca6120aa - Path: Assets/Art/Meshes/Nomad_22.asset' with importer (NativeFormatImporter)
Main Object Name 'Nomad/combined/WheelRR/Wheel' does not match filename 'Nomad_22'
UnityEngine.Debug:ExtractStackTraceNoAlloc (byte*,int,string)
UnityEngine.StackTraceUtility:ExtractStackTrace ()
BuildGame:BakeModels () (at Assets/Editor/BuildGame.cs:22)
BuildGame:Build () (at Assets/Editor/BuildGame.cs:25)

[Assets/Editor/BuildGame.cs line 22]

Imported 'GUID: 0f4c55a8f9c8679439eba7f1ca6120aa' -> (Import Result ID: '87abdebe218abb27ba5e94b64b915ebc') in 0.001 seconds [static dependencies only]. Details - ImportResultOutputID=e441d21971899fdf807a4a7f4f006ea2 DependenciesID=1c0018d54ad2ae2d5ca7726c8a2e16ae StaticDependenciesID=7b49e2f540b703204847ec7759d58165 
Importing 'GUID: 1f295b0b89de7f04f8c715368e58a967 - Path: Assets/Art/Meshes/Spectre_20.asset' with importer (NativeFormatImporter)
Main Object Name 'Spectre/combined/WheelRR/Metal' does not match filename 'Spectre_20'
UnityEngine.Debug:ExtractStackTraceNoAlloc (byte*,int,string)
UnityEngine.StackTraceUtility:ExtractStackTrace ()
BuildGame:BakeModels () (at Assets/Editor/BuildGame.cs:22)
BuildGame:Build () (at Assets/Editor/BuildGame.cs:25)

[Assets/Editor/BuildGame.cs line 22]

Imported 'GUID: 1f295b0b89de7f04f8c715368e58a967' -> (Import Result ID: '5c99016564b5b3b16437795f696dec8f') in 0.001 seconds [static dependencies only]. Details - ImportResultOutputID=8e74dccd39201f6ac772ade83ab53fad DependenciesID=0cf5e6104b1f8a382293f116f6510def StaticDependenciesID=0f20098f5fdb1d52941065bbfa429b66 
Importing 'GUID: 2f390167c617e344f9717bacc5bc2e67 - Path: Assets/Art/Meshes/Relay_19.asset' with importer (NativeFormatImporter)
Main Object Name 'Relay/combined/WheelFL/Wheel' does not match filename 'Relay_19'
UnityEngine.Debug:ExtractStackTraceNoAlloc (byte*,int,string)
UnityEngine.StackTraceUtility:ExtractStackTrace ()
BuildGame:BakeModels () (at Assets/Editor/BuildGame.cs:22)
BuildGame:Build () (at Assets/Editor/BuildGame.cs:25)

[Assets/Editor/BuildGame.cs line 22]

Imported 'GUID: 2f390167c617e344f9717bacc5bc2e67' -> (Import Result ID: 'b1c9438215a05c7a7dc5479052a92eb4') in 0.001 seconds [static dependencies only]. Details - ImportResultOutputID=df8ca63a0867461d4760b2c40227cf0a DependenciesID=cae7ffb980daada195c7c2f7d2839dbe StaticDependenciesID=371e7f855799058e45beb03ef1716f50 
Importing 'GUID: 2f2f62d7613ae3b44a0c50fea4f20f22 - Path: Assets/Art/Meshes/Vanta_23.asset' with importer (NativeFormatImporter)
Main Object Name 'Vanta/combined/WheelRR/Metal' does not match filename 'Vanta_23'
UnityEngine.Debug:ExtractStackTraceNoAlloc (byte*,int,string)
UnityEngine.StackTraceUtility:ExtractStackTrace ()
BuildGame:BakeModels () (at Assets/Editor/BuildGame.cs:22)
BuildGame:Build () (at Assets/Editor/BuildGame.cs:25)

[Assets/Editor/BuildGame.cs line 22]

Imported 'GUID: 2f2f62d7613ae3b44a0c50fea4f20f22' -> (Import Result ID: 'dbc239420a43fc88e20e9cb15ec5af99') in 0.001 seconds [static dependencies only]. Details - ImportResultOutputID=3794006ec172afd37a6634e0f4ec69b0 DependenciesID=1dfe18ae0985751862eaf768b23a2082 StaticDependenciesID=2d0331ebce40c57fd10b0cc18eec7903 
Importing 'GUID: 3f1db4d19ac7e684d8f9e2cea718f361 - Path: Assets/Art/Meshes/Manta_2.asset' with importer (NativeFormatImporter)
Main Object Name 'Manta/combined/WheelRR/Accent' does not match filename 'Manta_2'
UnityEngine.Debug:ExtractStackTraceNoAlloc (byte*,int,string)
UnityEngine.StackTraceUtility:ExtractStackTrace ()
BuildGame:BakeModels () (at Assets/Editor/BuildGame.cs:22)
BuildGame:Build () (at Assets/Editor/BuildGame.cs:25)

[Assets/Editor/BuildGame.cs line 22]

Imported 'GUID: 3f1db4d19ac7e684d8f9e2cea718f361' -> (Import Result ID: 'cb29f78d6a6ff7e82a702cb79a113ae5') in 0.001 seconds [static dependencies only]. Details - ImportResultOutputID=95852b512c8c60f40a00c58a5701348f DependenciesID=ab92f8bd7511348358c57f5202a4e6a6 StaticDependenciesID=7da7c7c6b830df2d0b19f5e2c68e1dd6 
Importing 'GUID: 3f8fa67eb62d85e44b84f1aaf8b71275 - Path: Assets/Art/Meshes/Cinder_14.asset' with importer (NativeFormatImporter)
Main Object Name 'Cinder/combined/WheelRL/Tire' does not match filename 'Cinder_14'
UnityEngine.Debug:ExtractStackTraceNoAlloc (byte*,int,string)
UnityEngine.StackTraceUtility:ExtractStackTrace ()
BuildGame:BakeModels () (at Assets/Editor/BuildGame.cs:22)
BuildGame:Build () (at Assets/Editor/BuildGame.cs:25)

[Assets/Editor/BuildGame.cs line 22]

Imported 'GUID: 3f8fa67eb62d85e44b84f1aaf8b71275' -> (Import Result ID: 'f2a0e5f4985538f15dfa9e39a0c07034') in 0.001 seconds [static dependencies only]. Details - ImportResultOutputID=ae45a2ca926ba30db3bf1a51c8f28853 DependenciesID=da86dc416022a93efbb25ee2c810b6ee StaticDependenciesID=956f9de14207668d1b2f3cedc37b21ad 
Importing 'GUID: 4fe6c647edb7b404db950eaea16fc403 - Path: Assets/Art/Meshes/Nomad_12.asset' with importer (NativeFormatImporter)
Main Object Name 'Nomad/combined/Body/Metal' does not match filename 'Nomad_12'
UnityEngine.Debug:ExtractStackTraceNoAlloc (byte*,int,string)
UnityEngine.StackTraceUtility:ExtractStackTrace ()
BuildGame:BakeModels () (at Assets/Editor/BuildGame.cs:22)
BuildGame:Build () (at Assets/Editor/BuildGame.cs:25)

[Assets/Editor/BuildGame.cs line 22]

Imported 'GUID: 4fe6c647edb7b404db950eaea16fc403' -> (Import Result ID: 'c49e7fb95282c41a041e97da87ce335c') in 0.001 seconds [static dependencies only]. Details - ImportResultOutputID=5b089c3f4fc3bd2ce986f837e01a06c2 DependenciesID=34692764904034aae23cde9f06ca9c0f StaticDependenciesID=0065dc9da6b9e782035bd25bb0bb589d 
Importing 'GUID: 5fe145adc71300640859a05095d29e5b - Path: Assets/Art/Meshes/Relay_16.asset' with importer (NativeFormatImporter)
Main Object Name 'Relay/combined/WheelFL/Accent' does not match filename 'Relay_16'
UnityEngine.Debug:ExtractStackTraceNoAlloc (byte*,int,string)
UnityEngine.StackTraceUtility:ExtractStackTrace ()
BuildGame:BakeModels () (at Assets/Editor/BuildGame.cs:22)
BuildGame:Build () (at Assets/Editor/BuildGame.cs:25)

[Assets/Editor/BuildGame.cs line 22]

Imported 'GUID: 5fe145adc71300640859a05095d29e5b' -> (Import Result ID: '3d894208714ad2628d792333a0bbf899') in 0.001 seconds [static dependencies only]. Details - ImportResultOutputID=d883053482120fc7465c2b2af00dcba0 DependenciesID=2658aefe7bf0d5bbe45f12afbea62a5c StaticDependenciesID=475d9543a86fa3ce1701b823970e9bc3 
Importing 'GUID: 5fe24cfbbdae2d3468dfa0ec5f5a336e - Path: Assets/Art/Meshes/TrackStation_4.asset' with importer (NativeFormatImporter)
Main Object Name 'TrackStation/combined/Body/Crystal' does not match filename 'TrackStation_4'
UnityEngine.Debug:ExtractStackTraceNoAlloc (byte*,int,string)
UnityEngine.StackTraceUtility:ExtractStackTrace ()
BuildGame:BakeModels () (at Assets/Editor/BuildGame.cs:22)
BuildGame:Build () (at Assets/Editor/BuildGame.cs:25)

[Assets/Editor/BuildGame.cs line 22]

Imported 'GUID: 5fe24cfbbdae2d3468dfa0ec5f5a336e' -> (Import Result ID: '0bfdbdeaf5e63a6d6ba8315c30e885eb') in 0.001 seconds [static dependencies only]. Details - ImportResultOutputID=7e88dd339e8c3070820dea7ee4fcc3bd DependenciesID=408b66cd81f39181f7295a63e47067e8 StaticDependenciesID=d5e432baa33e1ce3591cf60375c040c3 
Importing 'GUID: 5f8f0999f14c41141bb8ae7348604430 - Path: Assets/Art/Meshes/Miso_10.asset' with importer (NativeFormatImporter)
Main Object Name 'Miso/combined/WheelFL/Accent' does not match filename 'Miso_10'
UnityEngine.Debug:ExtractStackTraceNoAlloc (byte*,int,string)
UnityEngine.StackTraceUtility:ExtractStackTrace ()
BuildGame:BakeModels () (at Assets/Editor/BuildGame.cs:22)
BuildGame:Build () (at Assets/Editor/BuildGame.cs:25)

[Assets/Editor/BuildGame.cs line 22]

Imported 'GUID: 5f8f0999f14c41141bb8ae7348604430' -> (Import Result ID: 'c53898b154c473a4079d7b0d47b456e7') in 0.001 seconds [static dependencies only]. Details - ImportResultOutputID=cacd3bd6d2b007e617e717c49db62916 DependenciesID=09a87c7ee662d16546685ac42bab24fa StaticDependenciesID=7f1648306486a631b9b342cb32f97c4b 
Importing 'GUID: 6f2a39587ed46e24eb9f65267c263f8c - Path: Assets/Art/Meshes/Comet_4.asset' with importer (NativeFormatImporter)
Main Object Name 'Comet/combined/WheelFL/Tire' does not match filename 'Comet_4'
UnityEngine.Debug:ExtractStackTraceNoAlloc (byte*,int,string)
UnityEngine.StackTraceUtility:ExtractStackTrace ()
BuildGame:BakeModels () (at Assets/Editor/BuildGame.cs:22)
BuildGame:Build () (at Assets/Editor/BuildGame.cs:25)

[Assets/Editor/BuildGame.cs line 22]

Imported 'GUID: 6f2a39587ed46e24eb9f65267c263f8c' -> (Import Result ID: '9d9e72da6fd47d2f83f6ba7408d8a29b') in 0.001 seconds [static dependencies only]. Details - ImportResultOutputID=1e12849f0169ccc1b9462d1eca7c2888 DependenciesID=154871ba5366d609b426368ec4f6454f StaticDependenciesID=8bd7755f44af7423ede50a029a8a2ea6 
Importing 'GUID: 7f4371fa6c237804e9dadec87eb53047 - Path: Assets/Art/Meshes/Miso_21.asset' with importer (NativeFormatImporter)
Main Object Name 'Miso/combined/Body/Metal' does not match filename 'Miso_21'
UnityEngine.Debug:ExtractStackTraceNoAlloc (byte*,int,string)
UnityEngine.StackTraceUtility:ExtractStackTrace ()
BuildGame:BakeModels () (at Assets/Editor/BuildGame.cs:22)
BuildGame:Build () (at Assets/Editor/BuildGame.cs:25)

[Assets/Editor/BuildGame.cs line 22]

Imported 'GUID: 7f4371fa6c237804e9dadec87eb53047' -> (Import Result ID: 'b7550f3c3ef81a260a75c52b389f6d18') in 0.001 seconds [static dependencies only]. Details - ImportResultOutputID=4d8f50c46d5cad8376bab039a1b0bb7d DependenciesID=f8830f1c921bdcd5203f36a923850a30 StaticDependenciesID=3daab64462322b97f657f3009e3cc590 
Importing 'GUID: bfef17318625e504a89145f266838b79 - Path: Assets/Art/Meshes/Vanta_7.asset' with importer (NativeFormatImporter)
Main Object Name 'Vanta/combined/WheelFL/Metal' does not match filename 'Vanta_7'
UnityEngine.Debug:ExtractStackTraceNoAlloc (byte*,int,string)
UnityEngine.StackTraceUtility:ExtractStackTrace ()
BuildGame:BakeModels () (at Assets/Editor/BuildGame.cs:22)
BuildGame:Build () (at Assets/Editor/BuildGame.cs:25)

[Assets/Editor/BuildGame.cs line 22]

Imported 'GUID: bfef17318625e504a89145f266838b79' -> (Import Result ID: 'ba71f51a618e4f39851b930a78fc67ff') in 0.001 seconds [static dependencies only]. Details - ImportResultOutputID=83d14e3a3c743d758d5e712589082c50 DependenciesID=9d330ee9c7ca8f7c22efc8bd8170f96e StaticDependenciesID=f6076ac0ef1cf6b6c7115d0b7d83599e 
Importing 'GUID: cf4329e6c39437045b7d8e913518a8ed - Path: Assets/Art/Meshes/Comet_18.asset' with importer (NativeFormatImporter)
Main Object Name 'Comet/combined/WheelFR/Tire' does not match filename 'Comet_18'
UnityEngine.Debug:ExtractStackTraceNoAlloc (byte*,int,string)
UnityEngine.StackTraceUtility:ExtractStackTrace ()
BuildGame:BakeModels () (at Assets/Editor/BuildGame.cs:22)
BuildGame:Build () (at Assets/Editor/BuildGame.cs:25)

[Assets/Editor/BuildGame.cs line 22]

Imported 'GUID: cf4329e6c39437045b7d8e913518a8ed' -> (Import Result ID: 'b8aae0c1dd2442bd97e58463d914b3d8') in 0.001 seconds [static dependencies only]. Details - ImportResultOutputID=7ed76ff16b35ffc2bd17166b5afeae99 DependenciesID=7b92380c29b1a1a1a6eb367babbe3a90 StaticDependenciesID=baa8b30e38431b707052105581e0c433 
Importing 'GUID: df40b55108cae604eb40cf6c646005b3 - Path: Assets/Art/Meshes/Nomad_7.asset' with importer (NativeFormatImporter)
Main Object Name 'Nomad/combined/WheelFR/Carbon' does not match filename 'Nomad_7'
UnityEngine.Debug:ExtractStackTraceNoAlloc (byte*,int,string)
UnityEngine.StackTraceUtility:ExtractStackTrace ()
BuildGame:BakeModels () (at Assets/Editor/BuildGame.cs:22)
BuildGame:Build () (at Assets/Editor/BuildGame.cs:25)

[Assets/Editor/BuildGame.cs line 22]

Imported 'GUID: df40b55108cae604eb40cf6c646005b3' -> (Import Result ID: '11b6a35c07626bf0728b988b17e368cd') in 0.001 seconds [static dependencies only]. Details - ImportResultOutputID=b2165ec43144229a8d17b8cc7913dc0c DependenciesID=4266a1db5c53079dfa30f2913a1c2c15 StaticDependenciesID=4cdd6cb73aa7e6f480c4b18d5796974e 
Importing 'GUID: ff884a91cced71a4f93567733fdd9a78 - Path: Assets/Art/Meshes/Atlas_5.asset' with importer (NativeFormatImporter)
Main Object Name 'Atlas/combined/WheelRR/Carbon' does not match filename 'Atlas_5'
UnityEngine.Debug:ExtractStackTraceNoAlloc (byte*,int,string)
UnityEngine.StackTraceUtility:ExtractStackTrace ()
BuildGame:BakeModels () (at Assets/Editor/BuildGame.cs:22)
BuildGame:Build () (at Assets/Editor/BuildGame.cs:25)

[Assets/Editor/BuildGame.cs line 22]

Imported 'GUID: ff884a91cced71a4f93567733fdd9a78' -> (Import Result ID: 'f0959c1f97f301db379c85cecaf2c161') in 0.001 seconds [static dependencies only]. Details - ImportResultOutputID=7b9ed0d292507dd8477ab3b250f23024 DependenciesID=aba0da41d8afc79072d77e1fc698d2ae StaticDependenciesID=182009fc910af234e6ce34c7bcaf0060 
Asset Pipeline Refresh (id=f8a89e50c90e5444483691120d990506): Total: 0.265 seconds - Initiated by StopAssetImportingV2(NoUpdateAssetOptions)
Unloading 0 Unused Serialized files (Serialized files now loaded: 0)
Unloading 1640 unused Assets / (7.0 MB). Loaded Objects now: 1260.
Memory consumption went from 242.2 MB to 235.3 MB.
Total: 11.914700 ms (FindLiveObjects: 0.663000 ms CreateObjectMapping: 0.138100 ms MarkObjects: 8.862700 ms  DeleteObjects: 1.787300 ms)

Importing 'GUID: a5929a916fe0d704c8269d79a17ca826 - Path: Assets/Scenes/AetherGrounds.unity' with importer (DefaultImporter)
Imported 'GUID: a5929a916fe0d704c8269d79a17ca826' -> (Import Result ID: '220c8989132df1dbdc234cbd36e294ac') in 0.002 seconds [static dependencies only]. Details - ImportResultOutputID=5891426d0f91369b943e8cdd2782b3c4 DependenciesID=60b561fb75868df5053e480411764d30 StaticDependenciesID=a5657f35f5ab0e00f0a2f152a0cfe67a 
Asset Pipeline Refresh (id=36a382d9f6ed19141aca81d016339442): Total: 0.009 seconds - Initiated by StopAssetImportingV2(NoUpdateAssetOptions)
Importing 'GUID: 00000000000000004000000000000000 - Path: ProjectSettings/ProjectSettings.asset' with importer (LibraryAssetImporter)
Imported 'GUID: 00000000000000004000000000000000' -> (Import Result ID: 'c534a3198425e38d598a6522157e4f58') in 0.003 seconds [static dependencies only]. Details - ImportResultOutputID=054c890a8f4b6dddbea933bc5e4b7df4 DependenciesID=1af41ed199239041efd57138e17ad587 StaticDependenciesID=befc2270ee3dc6881f866acbb3503a28 
Asset Pipeline Refresh (id=56da95db30454e04e8ceabee3904501a): Total: 0.009 seconds - Initiated by StopAssetImportingV2(NoUpdateAssetOptions)
Starting: C:\Program Files\Unity\Hub\Editor\6000.6.0f1\Editor\Data\Tools\BuildPipeline\bee_backend.exe --ipc --defer-dag-verification --dagfile="Library/Bee/1900b0aESkipCompile.dag" --continue-on-failure --profile="Library/Bee/backend1.traceevents" ScriptAssembliesAndTypeDB
WorkingDir: A:/Python/aether-grounds
ExitCode: 0 Duration: 0s226ms
[2/3        0s] BuildPlayerDataGenerator Library/BuildPlayerData/Editor/TypeDb-All.json
*** Tundra build success (0.19 seconds), 1 items updated, 3 evaluated
Asset Pipeline Refresh (id=41d11651f42e3da42adfce0664dd23be): Total: 0.007 seconds - Initiated by RefreshV2(NoUpdateAssetOptions)
[ScriptCompilation] Requested script compilation because: Recompiling scripts for player build.
BuildPlayer: start building target 19
Starting: C:\Program Files\Unity\Hub\Editor\6000.6.0f1\Editor\Data\Tools\BuildPipeline\bee_backend.exe --ipc --defer-dag-verification --dagfile="Library/Bee/1900b0aP.dag" --continue-on-failure --profile="Library/Bee/backend1.traceevents" ScriptAssembliesAndTypeDB
WorkingDir: A:/Python/aether-grounds
Total cache size 266788968
Total cache size after purge 266788968, took 00:00:00.2700003
ExitCode: 4 Duration: 0s689ms
Rebuilding DAG because FileSignature timestamp changed: Library/Bee/1900b0aP-inputdata.json
[92/99      0s] ILPP-Configuration Library/ilpp-configuration.nevergeneratedoutput
*** Tundra requires additional run (0.66 seconds), 2 items updated, 91 evaluated
Starting: C:\Program Files\Unity\Hub\Editor\6000.6.0f1\Editor\Data\DotNetSdk\dotnet.exe "C:\Program Files\Unity\Hub\Editor\6000.6.0f1\Editor\Data\Tools\BuildPipeline\ScriptCompilationBuildProgram.exe" "Library/Bee/1900b0aP.dag.json" "Library/Bee/1900b0aP-inputdata.json" "Library\Bee\buildprogram0.traceevents"
WorkingDir: A:/Python/aether-grounds
ExitCode: 0 Duration: 0s282ms
Starting: C:\Program Files\Unity\Hub\Editor\6000.6.0f1\Editor\Data\Tools\BuildPipeline\bee_backend.exe --ipc --defer-dag-verification --dagfile="Library/Bee/1900b0aP.dag" --continue-on-failure --dagfilejson="Library\Bee\1900b0aP.dag.json" --profile="Library/Bee/backend2.traceevents" ScriptAssembliesAndTypeDB
WorkingDir: A:/Python/aether-grounds
ExitCode: 0 Duration: 1s900ms
Finished compiling graph: 100 nodes, 286 flattened edges (284 ToBuild, 2 ToUse), maximum node priority 16
[91/99      0s] WriteText Library/Bee/artifacts/1900b0aP.dag/Assembly-CSharp.rsp
[92/99      0s] ILPP-Configuration Library/ilpp-configuration.nevergeneratedoutput
[93/99      0s] Csc Library/Bee/artifacts/1900b0aP.dag/Assembly-CSharp.dll (+2 others)
[94/99      0s] ILPostProcess Library/Bee/artifacts/1900b0aP.dag/post-processed/Assembly-CSharp.dll (+pdb)
Processing assembly Library/Bee/artifacts/1900b0aP.dag/Assembly-CSharp.dll, with 135 defines and 218 references

processors: zzzUnity.Burst.CodeGen.BurstILPostProcessor

1 processor(s) skipped this assembly
[95/99      0s] CopyFiles Library/Bee/PlayerScriptAssemblies/Assembly-CSharp.pdb
[96/99      0s] CopyFiles Library/Bee/PlayerScriptAssemblies/Assembly-CSharp.dll
[98/99      0s] BuildPlayerDataGenerator Library/BuildPlayerData/Player/RuntimeInitializeOnLoads.json (+1 other)
*** Tundra build success (1.87 seconds), 7 items updated, 99 evaluated
Rebuilding Data files because Assets/Scenes/AetherGrounds.unity is dirty (hash)


Mono dependencies included in the build
Dependency assembly - System.Windows.Forms.dll
Dependency assembly - System.IO.dll
Dependency assembly - System.Collections.NonGeneric.dll
Dependency assembly - System.Net.Ping.dll
Dependency assembly - I18N.Other.dll
Dependency assembly - System.Net.dll
Dependency assembly - System.Workflow.Activities.dll
Dependency assembly - System.Buffers.dll
Dependency assembly - System.Net.HttpListener.dll
Dependency assembly - Microsoft.Web.Infrastructure.dll
Dependency assembly - System.ServiceModel.NetTcp.dll
Dependency assembly - Mono.Tasklets.dll
Dependency assembly - System.Workflow.Runtime.dll
Dependency assembly - System.Net.AuthenticationManager.dll
Dependency assembly - System.Core.dll
Dependency assembly - System.Diagnostics.Debug.dll
Dependency assembly - cscompmgd.dll
Dependency assembly - Mono.Security.Win32.dll
Dependency assembly - Mono.Data.Sqlite.dll
Dependency assembly - System.Data.DataSetExtensions.dll
Dependency assembly - System.Net.NameResolution.dll
Dependency assembly - Mono.WebBrowser.dll
Dependency assembly - System.Drawing.Design.dll
Dependency assembly - System.Net.Http.Formatting.dll
Dependency assembly - System.IO.FileSystem.DriveInfo.dll
Dependency assembly - System.Dynamic.Runtime.dll
Dependency assembly - System.IO.Pipes.dll
Dependency assembly - System.Web.DynamicData.dll
Dependency assembly - System.Web.Mvc.dll
Dependency assembly - System.Reflection.Extensions.dll
Dependency assembly - System.Dynamic.dll
Dependency assembly - System.Security.AccessControl.dll
Dependency assembly - System.Threading.AccessControl.dll
Dependency assembly - Microsoft.Extensions.Logging.Abstractions.dll
Dependency assembly - I18N.Rare.dll
Dependency assembly - System.Web.Extensions.dll
Dependency assembly - System.ObjectModel.dll
Dependency assembly - System.Transactions.dll
Dependency assembly - Mono.Messaging.RabbitMQ.dll
Dependency assembly - WebMatrix.Data.dll
Dependency assembly - System.Reactive.Runtime.Remoting.dll
Dependency assembly - System.Xml.Serialization.dll
Dependency assembly - System.IO.FileSystem.Watcher.dll
Dependency assembly - Microsoft.Win32.Registry.AccessControl.dll
Dependency assembly - System.Reactive.Windows.Forms.dll
Dependency assembly - System.IO.FileSystem.Primitives.dll
Dependency assembly - System.IO.MemoryMappedFiles.dll
Dependency assembly - System.IO.FileSystem.dll
Dependency assembly - Assembly-CSharp.dll
Dependency assembly - System.Data.Services.dll
Dependency assembly - System.IO.FileSystem.AccessControl.dll
Dependency assembly - System.Resources.ResourceManager.dll
Dependency assembly - System.Text.Encoding.dll
Dependency assembly - System.Security.Cryptography.Primitives.dll
Dependency assembly - System.Web.Routing.dll
Dependency assembly - System.Messaging.dll
Dependency assembly - System.Reflection.Emit.Lightweight.dll
Dependency assembly - System.ServiceModel.Discovery.dll
Dependency assembly - System.Web.Abstractions.dll
Dependency assembly - SystemWebTestShim.dll
Dependency assembly - System.Reflection.Primitives.dll
Dependency assembly - Mono.Data.Tds.dll
Dependency assembly - Microsoft.Win32.Primitives.dll
Dependency assembly - PEAPI.dll
Dependency assembly - Mono.Messaging.dll
Dependency assembly - System.Runtime.Serialization.Primitives.dll
Dependency assembly - System.Xml.XPath.XDocument.dll
Dependency assembly - System.Drawing.dll
Dependency assembly - System.Security.Cryptography.Encryption.dll
Dependency assembly - System.Resources.Reader.dll
Dependency assembly - System.Runtime.DurableInstancing.dll
Dependency assembly - System.ValueTuple.dll
Dependency assembly - System.DirectoryServices.Protocols.dll
Dependency assembly - Microsoft.Win32.Registry.dll
Dependency assembly - System.Security.Cryptography.DeriveBytes.dll
Dependency assembly - System.Security.Cryptography.Hashing.dll
Dependency assembly - System.Security.Cryptography.X509Certificates.dll
Dependency assembly - System.Security.dll
Dependency assembly - System.Json.dll
Dependency assembly - System.Reactive.Observable.Aliases.dll
Dependency assembly - System.Diagnostics.Tracing.dll
Dependency assembly - System.IO.Compression.dll
Dependency assembly - System.Resources.Writer.dll
Dependency assembly - System.Data.Common.dll
Dependency assembly - System.Threading.Tasks.dll
Dependency assembly - System.Security.Cryptography.Pkcs.dll
Dependency assembly - System.Numerics.Vectors.dll
Dependency assembly - System.Xml.XmlDocument.dll
Dependency assembly - System.Console.dll
Dependency assembly - System.Net.ServicePoint.dll
Dependency assembly - Mono.XBuild.Tasks.dll
Dependency assembly - I18N.West.dll
Dependency assembly - System.Reactive.Debugger.dll
Dependency assembly - System.ComponentModel.TypeConverter.dll
Dependency assembly - System.ServiceModel.Primitives.dll
Dependency assembly - System.Security.Cryptography.Encryption.Aes.dll
Dependency assembly - System.Reactive.Interfaces.dll
Dependency assembly - System.Runtime.Caching.dll
Dependency assembly - System.IO.UnmanagedMemoryStream.dll
Dependency assembly - System.Security.Cryptography.Csp.dll
Dependency assembly - System.Web.dll
Dependency assembly - System.Web.Mobile.dll
Dependency assembly - System.Runtime.Serialization.Xml.dll
Dependency assembly - System.Diagnostics.Contracts.dll
Dependency assembly - System.Diagnostics.TextWriterTraceListener.dll
Dependency assembly - System.Runtime.Numerics.dll
Dependency assembly - Mono.C5.dll
Dependency assembly - System.Xml.ReaderWriter.dll
Dependency assembly - Microsoft.Build.Utilities.v4.0.dll
Dependency assembly - Microsoft.Build.Tasks.v4.0.dll
Dependency assembly - System.ServiceModel.Internals.dll
Dependency assembly - System.ServiceProcess.ServiceController.dll
Dependency assembly - System.Reactive.Experimental.dll
Dependency assembly - Microsoft.Build.Engine.dll
Dependency assembly - System.Linq.Expressions.dll
Dependency assembly - System.Security.Cryptography.OpenSsl.dll
Dependency assembly - System.Reactive.Core.dll
Dependency assembly - System.Security.Principal.dll
Dependency assembly - System.Security.Principal.Windows.dll
Dependency assembly - System.Memory.dll
Dependency assembly - System.Diagnostics.StackTrace.dll
Dependency assembly - System.Design.dll
Dependency assembly - ICSharpCode.SharpZipLib.dll
Dependency assembly - System.Security.Cryptography.Cng.dll
Dependency assembly - System.Collections.dll
Dependency assembly - System.ServiceModel.Http.dll
Dependency assembly - System.Security.Cryptography.ProtectedData.dll
Dependency assembly - System.ComponentModel.Annotations.dll
Dependency assembly - System.Net.Mail.dll
Dependency assembly - Mono.Btls.Interface.dll
Dependency assembly - System.Numerics.dll
Dependency assembly - System.Data.OracleClient.dll
Dependency assembly - I18N.MidEast.dll
Dependency assembly - System.ServiceModel.Activation.dll
Dependency assembly - System.Text.Json.dll
Dependency assembly - System.ComponentModel.dll
Dependency assembly - CustomMarshalers.dll
Dependency assembly - System.Data.Entity.dll
Dependency assembly - System.Diagnostics.Tools.dll
Dependency assembly - System.Net.WebSockets.dll
Dependency assembly - System.Runtime.dll
Dependency assembly - System.ServiceModel.Web.dll
Dependency assembly - System.Text.Encodings.Web.dll
Dependency assembly - System.Runtime.InteropServices.WindowsRuntime.dll
Dependency assembly - System.Net.Primitives.dll
Dependency assembly - System.Reflection.TypeExtensions.dll
Dependency assembly - System.Text.Encoding.CodePages.dll
Dependency assembly - System.Collections.Immutable.dll
Dependency assembly - Mono.Posix.dll
Dependency assembly - Mono.Security.dll
Dependency assembly - System.Web.Services.dll
Dependency assembly - System.Net.Cache.dll
Dependency assembly - System.Web.WebPages.dll
Dependency assembly - System.Reactive.Linq.dll
Dependency assembly - System.Net.NetworkInformation.dll
Dependency assembly - System.Diagnostics.Process.dll
Dependency assembly - System.Security.Cryptography.RSA.dll
Dependency assembly - Microsoft.Extensions.DependencyInjection.Abstractions.dll
Dependency assembly - System.Threading.ThreadPool.dll
Dependency assembly - System.Drawing.Primitives.dll
Dependency assembly - Accessibility.dll
Dependency assembly - System.Data.Linq.dll
Dependency assembly - System.Deployment.dll
Dependency assembly - System.Reflection.Emit.dll
Dependency assembly - System.Threading.Tasks.Extensions.dll
Dependency assembly - System.Workflow.ComponentModel.dll
Dependency assembly - System.Runtime.Extensions.dll
Dependency assembly - System.Reactive.PlatformServices.dll
Dependency assembly - Mono.Cairo.dll
Dependency assembly - System.Linq.dll
Dependency assembly - System.IO.IsolatedStorage.dll
Dependency assembly - Mono.Management.dll
Dependency assembly - System.Runtime.CompilerServices.Unsafe.dll
Dependency assembly - System.Web.Http.dll
Dependency assembly - System.Runtime.Loader.dll
Dependency assembly - System.Text.Encoding.Extensions.dll
Dependency assembly - Microsoft.Build.Framework.dll
Dependency assembly - System.Net.Http.Rtc.dll
Dependency assembly - System.Xml.Linq.dll
Dependency assembly - Mono.Simd.dll
Dependency assembly - System.Security.Cryptography.Encoding.dll
Dependency assembly - System.Security.Cryptography.Encryption.ECDsa.dll
Dependency assembly - System.IO.Compression.FileSystem.dll
Dependency assembly - System.ServiceModel.Routing.dll
Dependency assembly - System.Web.WebPages.Razor.dll
Dependency assembly - System.Resources.ReaderWriter.dll
Dependency assembly - System.Reflection.DispatchProxy.dll
Dependency assembly - Mono.CompilerServices.SymbolWriter.dll
Dependency assembly - System.ServiceModel.dll
Dependency assembly - Mono.CSharp.dll
Dependency assembly - System.Xml.XDocument.dll
Dependency assembly - System.Windows.Forms.DataVisualization.dll
Dependency assembly - System.Reflection.Metadata.dll
Dependency assembly - System.ServiceProcess.dll
Dependency assembly - I18N.dll
Dependency assembly - System.Collections.Concurrent.dll
Dependency assembly - System.Web.Extensions.Design.dll
Dependency assembly - System.Runtime.InteropServices.RuntimeInformation.dll
Dependency assembly - System.Threading.Tasks.Dataflow.dll
Dependency assembly - Mono.Options.dll
Dependency assembly - System.Web.ApplicationServices.dll
Dependency assembly - System.Globalization.Calendars.dll
Dependency assembly - System.Web.WebPages.Deployment.dll
Dependency assembly - System.Diagnostics.FileVersionInfo.dll
Dependency assembly - System.Xml.XPath.dll
Dependency assembly - RabbitMQ.Client.dll
Dependency assembly - Microsoft.Bcl.AsyncInterfaces.dll
Dependency assembly - System.Net.Utilities.dll
Dependency assembly - System.Collections.Specialized.dll
Dependency assembly - System.Net.WebHeaderCollection.dll
Dependency assembly - System.Security.SecureString.dll
Dependency assembly - System.dll
Dependency assembly - System.Xml.XPath.XmlDocument.dll
Dependency assembly - System.Management.dll
Dependency assembly - System.Runtime.Remoting.dll
Dependency assembly - System.Configuration.dll
Dependency assembly - System.Diagnostics.TraceEvent.dll
Dependency assembly - System.Runtime.Serialization.Json.dll
Dependency assembly - System.Reflection.Emit.ILGeneration.dll
Dependency assembly - System.Xaml.dll
Dependency assembly - System.Net.Http.dll
Dependency assembly - System.Xml.Xsl.Primitives.dll
Dependency assembly - System.Web.Http.SelfHost.dll
Dependency assembly - System.Security.Claims.dll
Dependency assembly - System.Security.Cryptography.Hashing.Algorithms.dll
Dependency assembly - System.ComponentModel.Composition.dll
Dependency assembly - System.ComponentModel.EventBasedAsync.dll
Dependency assembly - System.Diagnostics.TraceSource.dll
Dependency assembly - System.IO.Compression.ZipFile.dll
Dependency assembly - System.Data.Services.Client.dll
Dependency assembly - Mono.Http.dll
Dependency assembly - System.Web.Http.WebHost.dll
Dependency assembly - System.Threading.Overlapped.dll
Dependency assembly - Mono.Profiler.Log.dll
Dependency assembly - System.Reflection.dll
Dependency assembly - Commons.Xml.Relaxng.dll
Dependency assembly - System.Xml.dll
Dependency assembly - System.Linq.Parallel.dll
Dependency assembly - mscorlib.dll
Dependency assembly - I18N.CJK.dll
Dependency assembly - System.Threading.dll
Dependency assembly - System.Runtime.Serialization.Formatters.Soap.dll
Dependency assembly - System.Reactive.Windows.Threading.dll
Dependency assembly - System.ServiceModel.Duplex.dll
Dependency assembly - System.Data.dll
Dependency assembly - System.Threading.Timer.dll
Dependency assembly - System.AppContext.dll
Dependency assembly - System.ServiceModel.Security.dll
Dependency assembly - System.Globalization.Extensions.dll
Dependency assembly - Microsoft.VisualC.dll
Dependency assembly - System.Text.RegularExpressions.dll
Dependency assembly - System.Runtime.InteropServices.dll
Dependency assembly - System.Configuration.Install.dll
Dependency assembly - monodoc.dll
Dependency assembly - System.Security.Cryptography.Algorithms.dll
Dependency assembly - Mono.Parallel.dll
Dependency assembly - System.Threading.Thread.dll
Dependency assembly - System.IdentityModel.dll
Dependency assembly - Microsoft.Build.dll
Dependency assembly - System.Windows.dll
Dependency assembly - IBM.Data.DB2.dll
Dependency assembly - System.Threading.Tasks.Parallel.dll
Dependency assembly - System.Net.Http.WebRequest.dll
Dependency assembly - System.IO.Hashing.dll
Dependency assembly - System.Net.Sockets.dll
Dependency assembly - System.Runtime.CompilerServices.VisualC.dll
Dependency assembly - System.Data.SqlClient.dll
Dependency assembly - System.Diagnostics.DiagnosticSource.dll
Dependency assembly - System.Net.Security.dll
Dependency assembly - System.Linq.Queryable.dll
Dependency assembly - System.Security.Cryptography.Encryption.ECDiffieHellman.dll
Dependency assembly - Microsoft.CSharp.dll
Dependency assembly - System.EnterpriseServices.dll
Dependency assembly - System.Web.RegularExpressions.dll
Dependency assembly - System.ComponentModel.Primitives.dll
Dependency assembly - netstandard.dll
Dependency assembly - SMDiagnostics.dll
Dependency assembly - System.Net.WebSockets.Client.dll
Dependency assembly - System.IdentityModel.Selectors.dll
Dependency assembly - System.ComponentModel.DataAnnotations.dll
Dependency assembly - WindowsBase.dll
Dependency assembly - System.Runtime.Serialization.dll
Dependency assembly - System.Web.Razor.dll
Dependency assembly - System.Json.Microsoft.dll
Dependency assembly - System.Runtime.Handles.dll
Dependency assembly - Novell.Directory.Ldap.dll
Dependency assembly - System.Reflection.Context.dll
Dependency assembly - System.Globalization.dll
Dependency assembly - System.Runtime.Serialization.Formatters.dll
Dependency assembly - System.Net.Requests.dll
Dependency assembly - System.Security.Cryptography.RandomNumberGenerator.dll
Dependency assembly - System.Xml.XmlSerializer.dll
Dependency assembly - System.Reactive.Providers.dll
Dependency assembly - System.DirectoryServices.dll

Opening scene 'Assets/Scenes/AetherGrounds.unity'
Unloading 2 Unused Serialized files (Serialized files now loaded: 0)
Loaded scene 'Assets/Scenes/AetherGrounds.unity'
	Deserialize:            0.982 ms
	Integration:            6.677 ms
	Integration of assets:  0.002 ms
	Thread Wait Time:       0.010 ms
	Total Operation Time:   7.671 ms
Unloading 27 unused Assets / (0.8 MB). Loaded Objects now: 1578.
Memory consumption went from 245.9 MB to 245.1 MB.
Total: 10.780300 ms (FindLiveObjects: 0.278900 ms CreateObjectMapping: 0.025400 ms MarkObjects: 9.642100 ms  DeleteObjects: 0.593900 ms)

Unloading 74 Unused Serialized files (Serialized files now loaded: 0)
Unloading 255 unused Assets / (1.1 MB). Loaded Objects now: 1280.
Memory consumption went from 253.7 MB to 252.6 MB.
Total: 9.926600 ms (FindLiveObjects: 0.170800 ms CreateObjectMapping: 0.023100 ms MarkObjects: 8.713600 ms  DeleteObjects: 0.823400 ms)

Unloading 0 Unused Serialized files (Serialized files now loaded: 0)
Unloading 0 unused Assets / (Unknown). Loaded Objects now: 1280.
Memory consumption went from 241.7 MB to 241.7 MB.
Total: 9.885400 ms (FindLiveObjects: 0.441800 ms CreateObjectMapping: 0.050400 ms MarkObjects: 9.114800 ms  DeleteObjects: 0.008900 ms)

Total cache size 266788968
Total cache size after purge 266788968, took 00:00:00.3142438
Unloading 1 Unused Serialized files (Serialized files now loaded: 0)
Unloading 177 unused Assets / (149.5 MB). Loaded Objects now: 1280.
Memory consumption went from 392.2 MB to 242.7 MB.
Total: 20.635700 ms (FindLiveObjects: 0.234200 ms CreateObjectMapping: 0.036900 ms MarkObjects: 8.028600 ms  DeleteObjects: 12.175100 ms)

Compiling shader "Aether/Toon"
  Pass "FORWARD" (vp)
    Target graphics API: dx11
    Full variant space:         664
    After settings filtering:   664
    After built-in stripping:   8
    After scriptable stripping: 8
    Processed in 0.01 seconds
    Target graphics API: dx12
    Full variant space:         664
    After settings filtering:   664
    After built-in stripping:   8
    After scriptable stripping: 8
    Processed in 0.00 seconds
  Pass "FORWARD" (fp)
    Target graphics API: dx11
    Full variant space:         504
    After settings filtering:   504
    After built-in stripping:   4
    After scriptable stripping: 4
    Processed in 0.00 seconds
    Target graphics API: dx12
    Full variant space:         504
    After settings filtering:   504
    After built-in stripping:   4
    After scriptable stripping: 4
    Processed in 0.00 seconds
  Pass "FORWARD" (vp)
    Target graphics API: dx11
    Full variant space:         188
    After settings filtering:   188
    After built-in stripping:   13
    After scriptable stripping: 13
    Processed in 0.00 seconds
    Target graphics API: dx12
    Full variant space:         188
    After settings filtering:   188
    After built-in stripping:   13
    After scriptable stripping: 13
    Processed in 0.00 seconds
  Pass "FORWARD" (fp)
    Target graphics API: dx11
    Full variant space:         188
    After settings filtering:   188
    After built-in stripping:   13
    After scriptable stripping: 13
    Processed in 0.00 seconds
    Target graphics API: dx12
    Full variant space:         188
    After settings filtering:   188
    After built-in stripping:   13
    After scriptable stripping: 13
    Processed in 0.00 seconds
  Pass "DEFERRED" (vp)
    Target graphics API: dx11
    Full variant space:         76
    After settings filtering:   76
    After built-in stripping:   4
    After scriptable stripping: 4
    Processed in 0.00 seconds
    Target graphics API: dx12
    Full variant space:         76
    After settings filtering:   76
    After built-in stripping:   4
    After scriptable stripping: 4
    Processed in 0.00 seconds
  Pass "DEFERRED" (fp)
    Target graphics API: dx11
    Full variant space:         76
    After settings filtering:   76
    After built-in stripping:   4
    After scriptable stripping: 4
    Processed in 0.00 seconds
    Target graphics API: dx12
    Full variant space:         76
    After settings filtering:   76
    After built-in stripping:   4
    After scriptable stripping: 4
    Processed in 0.00 seconds
  Pass "ShadowCaster" (vp)
    Target graphics API: dx11
    Full variant space:         4
    After settings filtering:   4
    After built-in stripping:   2
    After scriptable stripping: 2
    Processed in 0.00 seconds
    Target graphics API: dx12
    Full variant space:         4
    After settings filtering:   4
    After built-in stripping:   2
    After scriptable stripping: 2
    Processed in 0.00 seconds
  Pass "ShadowCaster" (fp)
    Target graphics API: dx11
    Full variant space:         4
    After settings filtering:   4
    After built-in stripping:   2
    After scriptable stripping: 2
    Processed in 0.00 seconds
    Target graphics API: dx12
    Full variant space:         4
    After settings filtering:   4
    After built-in stripping:   2
    After scriptable stripping: 2
    Processed in 0.00 seconds
  Pass FORWARD (vp, dx11) finished in 0.01 seconds. Local cache hits 8 (0.00s CPU time), remote cache hits 0 (0.00s CPU time), compiled 0 variants (0.00s CPU time), skipped 0 variants.
  Pass FORWARD (vp, dx12) finished in 0.01 seconds. Local cache hits 8 (0.00s CPU time), remote cache hits 0 (0.00s CPU time), compiled 0 variants (0.00s CPU time), skipped 0 variants.
    Prepared data for serialisation in 0.00s
  Pass FORWARD (fp, dx11) finished in 0.01 seconds. Local cache hits 4 (0.00s CPU time), remote cache hits 0 (0.00s CPU time), compiled 0 variants (0.00s CPU time), skipped 0 variants.
  Pass FORWARD (fp, dx12) finished in 0.01 seconds. Local cache hits 4 (0.00s CPU time), remote cache hits 0 (0.00s CPU time), compiled 0 variants (0.00s CPU time), skipped 0 variants.
    Prepared data for serialisation in 0.00s
  Pass FORWARD (vp, dx11) finished in 0.01 seconds. Local cache hits 13 (0.00s CPU time), remote cache hits 0 (0.00s CPU time), compiled 0 variants (0.00s CPU time), skipped 0 variants.
  Pass FORWARD (vp, dx12) finished in 0.00 seconds. Local cache hits 13 (0.00s CPU time), remote cache hits 0 (0.00s CPU time), compiled 0 variants (0.00s CPU time), skipped 0 variants.
    Prepared data for serialisation in 0.00s
  Pass FORWARD (fp, dx11) finished in 0.00 seconds. Local cache hits 13 (0.00s CPU time), remote cache hits 0 (0.00s CPU time), compiled 0 variants (0.00s CPU time), skipped 0 variants.
  Pass FORWARD (fp, dx12) finished in 0.00 seconds. Local cache hits 13 (0.00s CPU time), remote cache hits 0 (0.00s CPU time), compiled 0 variants (0.00s CPU time), skipped 0 variants.
    Prepared data for serialisation in 0.00s
  Pass DEFERRED (vp, dx11) finished in 0.00 seconds. Local cache hits 4 (0.00s CPU time), remote cache hits 0 (0.00s CPU time), compiled 0 variants (0.00s CPU time), skipped 0 variants.
  Pass DEFERRED (vp, dx12) finished in 0.00 seconds. Local cache hits 4 (0.00s CPU time), remote cache hits 0 (0.00s CPU time), compiled 0 variants (0.00s CPU time), skipped 0 variants.
    Prepared data for serialisation in 0.00s
  Pass DEFERRED (fp, dx11) finished in 0.00 seconds. Local cache hits 4 (0.00s CPU time), remote cache hits 0 (0.00s CPU time), compiled 0 variants (0.00s CPU time), skipped 0 variants.
  Pass DEFERRED (fp, dx12) finished in 0.00 seconds. Local cache hits 4 (0.00s CPU time), remote cache hits 0 (0.00s CPU time), compiled 0 variants (0.00s CPU time), skipped 0 variants.
    Prepared data for serialisation in 0.00s
  Pass ShadowCaster (vp, dx11) finished in 0.00 seconds. Local cache hits 2 (0.00s CPU time), remote cache hits 0 (0.00s CPU time), compiled 0 variants (0.00s CPU time), skipped 0 variants.
  Pass ShadowCaster (vp, dx12) finished in 0.00 seconds. Local cache hits 2 (0.00s CPU time), remote cache hits 0 (0.00s CPU time), compiled 0 variants (0.00s CPU time), skipped 0 variants.
    Prepared data for serialisation in 0.00s
  Pass ShadowCaster (fp, dx11) finished in 0.00 seconds. Local cache hits 2 (0.00s CPU time), remote cache hits 0 (0.00s CPU time), compiled 0 variants (0.00s CPU time), skipped 0 variants.
  Pass ShadowCaster (fp, dx12) finished in 0.00 seconds. Local cache hits 2 (0.00s CPU time), remote cache hits 0 (0.00s CPU time), compiled 0 variants (0.00s CPU time), skipped 0 variants.
    Prepared data for serialisation in 0.00s
Serialized binary data for shader Aether/Toon in 0.00s
    dx11 (total internal programs: 50, unique: 50)
    dx12 (total internal programs: 50, unique: 50)
Compiling shader "Aether/Water"
  Pass "" (vp)
    Target graphics API: dx11
    Full variant space:         4
    After settings filtering:   4
    After built-in stripping:   1
    After scriptable stripping: 1
    Processed in 0.00 seconds
    Target graphics API: dx12
    Full variant space:         4
    After settings filtering:   4
    After built-in stripping:   1
    After scriptable stripping: 1
    Processed in 0.00 seconds
  Pass "" (fp)
    Target graphics API: dx11
    Full variant space:         4
    After settings filtering:   4
    After built-in stripping:   1
    After scriptable stripping: 1
    Processed in 0.00 seconds
    Target graphics API: dx12
    Full variant space:         4
    After settings filtering:   4
    After built-in stripping:   1
    After scriptable stripping: 1
    Processed in 0.00 seconds
  Pass  (vp, dx11) finished in 0.00 seconds. Local cache hits 1 (0.00s CPU time), remote cache hits 0 (0.00s CPU time), compiled 0 variants (0.00s CPU time), skipped 0 variants.
  Pass  (vp, dx12) finished in 0.00 seconds. Local cache hits 1 (0.00s CPU time), remote cache hits 0 (0.00s CPU time), compiled 0 variants (0.00s CPU time), skipped 0 variants.
    Prepared data for serialisation in 0.00s
  Pass  (fp, dx11) finished in 0.00 seconds. Local cache hits 1 (0.00s CPU time), remote cache hits 0 (0.00s CPU time), compiled 0 variants (0.00s CPU time), skipped 0 variants.
  Pass  (fp, dx12) finished in 0.00 seconds. Local cache hits 1 (0.00s CPU time), remote cache hits 0 (0.00s CPU time), compiled 0 variants (0.00s CPU time), skipped 0 variants.
    Prepared data for serialisation in 0.00s
Serialized binary data for shader Aether/Water in 0.00s
    dx11 (total internal programs: 2, unique: 2)
    dx12 (total internal programs: 2, unique: 2)
Compiling shader "Hidden/Aether/Post"
  Pass "" (vp)
    Target graphics API: dx11
    Full variant space:         1
    After settings filtering:   1
    After built-in stripping:   1
    After scriptable stripping: 1
    Processed in 0.00 seconds
    Target graphics API: dx12
    Full variant space:         1
    After settings filtering:   1
    After built-in stripping:   1
    After scriptable stripping: 1
    Processed in 0.00 seconds
  Pass "" (fp)
    Target graphics API: dx11
    Full variant space:         1
    After settings filtering:   1
    After built-in stripping:   1
    After scriptable stripping: 1
    Processed in 0.00 seconds
    Target graphics API: dx12
    Full variant space:         1
    After settings filtering:   1
    After built-in stripping:   1
    After scriptable stripping: 1
    Processed in 0.00 seconds
  Pass "" (vp)
    Target graphics API: dx11
    Full variant space:         1
    After settings filtering:   1
    After built-in stripping:   1
    After scriptable stripping: 1
    Processed in 0.00 seconds
    Target graphics API: dx12
    Full variant space:         1
    After settings filtering:   1
    After built-in stripping:   1
    After scriptable stripping: 1
    Processed in 0.00 seconds
  Pass "" (fp)
    Target graphics API: dx11
    Full variant space:         1
    After settings filtering:   1
    After built-in stripping:   1
    After scriptable stripping: 1
    Processed in 0.00 seconds
    Target graphics API: dx12
    Full variant space:         1
    After settings filtering:   1
    After built-in stripping:   1
    After scriptable stripping: 1
    Processed in 0.00 seconds
  Pass "" (vp)
    Target graphics API: dx11
    Full variant space:         1
    After settings filtering:   1
    After built-in stripping:   1
    After scriptable stripping: 1
    Processed in 0.00 seconds
    Target graphics API: dx12
    Full variant space:         1
    After settings filtering:   1
    After built-in stripping:   1
    After scriptable stripping: 1
    Processed in 0.00 seconds
  Pass "" (fp)
    Target graphics API: dx11
    Full variant space:         1
    After settings filtering:   1
    After built-in stripping:   1
    After scriptable stripping: 1
    Processed in 0.00 seconds
    Target graphics API: dx12
    Full variant space:         1
    After settings filtering:   1
    After built-in stripping:   1
    After scriptable stripping: 1
    Processed in 0.00 seconds
  Pass  (vp, dx11) finished in 0.00 seconds. Local cache hits 1 (0.00s CPU time), remote cache hits 0 (0.00s CPU time), compiled 0 variants (0.00s CPU time), skipped 0 variants.
  Pass  (vp, dx12) finished in 0.00 seconds. Local cache hits 1 (0.00s CPU time), remote cache hits 0 (0.00s CPU time), compiled 0 variants (0.00s CPU time), skipped 0 variants.
    Prepared data for serialisation in 0.00s
  Pass  (fp, dx11) finished in 0.00 seconds. Local cache hits 1 (0.00s CPU time), remote cache hits 0 (0.00s CPU time), compiled 0 variants (0.00s CPU time), skipped 0 variants.
  Pass  (fp, dx12) finished in 0.00 seconds. Local cache hits 1 (0.00s CPU time), remote cache hits 0 (0.00s CPU time), compiled 0 variants (0.00s CPU time), skipped 0 variants.
    Prepared data for serialisation in 0.00s
  Pass  (vp, dx11) finished in 0.00 seconds. Local cache hits 1 (0.00s CPU time), remote cache hits 0 (0.00s CPU time), compiled 0 variants (0.00s CPU time), skipped 0 variants.
  Pass  (vp, dx12) finished in 0.00 seconds. Local cache hits 1 (0.00s CPU time), remote cache hits 0 (0.00s CPU time), compiled 0 variants (0.00s CPU time), skipped 0 variants.
    Prepared data for serialisation in 0.00s
  Pass  (fp, dx11) finished in 0.00 seconds. Local cache hits 1 (0.00s CPU time), remote cache hits 0 (0.00s CPU time), compiled 0 variants (0.00s CPU time), skipped 0 variants.
  Pass  (fp, dx12) finished in 0.00 seconds. Local cache hits 1 (0.00s CPU time), remote cache hits 0 (0.00s CPU time), compiled 0 variants (0.00s CPU time), skipped 0 variants.
    Prepared data for serialisation in 0.00s
  Pass  (vp, dx11) finished in 0.00 seconds. Local cache hits 1 (0.00s CPU time), remote cache hits 0 (0.00s CPU time), compiled 0 variants (0.00s CPU time), skipped 0 variants.
  Pass  (vp, dx12) finished in 0.00 seconds. Local cache hits 1 (0.00s CPU time), remote cache hits 0 (0.00s CPU time), compiled 0 variants (0.00s CPU time), skipped 0 variants.
    Prepared data for serialisation in 0.00s
  Pass  (fp, dx11) finished in 0.00 seconds. Local cache hits 1 (0.00s CPU time), remote cache hits 0 (0.00s CPU time), compiled 0 variants (0.00s CPU time), skipped 0 variants.
  Pass  (fp, dx12) finished in 0.00 seconds. Local cache hits 1 (0.00s CPU time), remote cache hits 0 (0.00s CPU time), compiled 0 variants (0.00s CPU time), skipped 0 variants.
    Prepared data for serialisation in 0.00s
Serialized binary data for shader Hidden/Aether/Post in 0.00s
    dx11 (total internal programs: 6, unique: 4)
    dx12 (total internal programs: 6, unique: 4)
Compiling shader "Aether/Shield"
  Pass "" (vp)
    Target graphics API: dx11
    Full variant space:         1
    After settings filtering:   1
    After built-in stripping:   1
    After scriptable stripping: 1
    Processed in 0.00 seconds
    Target graphics API: dx12
    Full variant space:         1
    After settings filtering:   1
    After built-in stripping:   1
    After scriptable stripping: 1
    Processed in 0.00 seconds
  Pass "" (fp)
    Target graphics API: dx11
    Full variant space:         1
    After settings filtering:   1
    After built-in stripping:   1
    After scriptable stripping: 1
    Processed in 0.00 seconds
    Target graphics API: dx12
    Full variant space:         1
    After settings filtering:   1
    After built-in stripping:   1
    After scriptable stripping: 1
    Processed in 0.00 seconds
  Pass  (vp, dx11) finished in 0.00 seconds. Local cache hits 1 (0.00s CPU time), remote cache hits 0 (0.00s CPU time), compiled 0 variants (0.00s CPU time), skipped 0 variants.
  Pass  (vp, dx12) finished in 0.00 seconds. Local cache hits 1 (0.00s CPU time), remote cache hits 0 (0.00s CPU time), compiled 0 variants (0.00s CPU time), skipped 0 variants.
    Prepared data for serialisation in 0.00s
  Pass  (fp, dx11) finished in 0.00 seconds. Local cache hits 1 (0.00s CPU time), remote cache hits 0 (0.00s CPU time), compiled 0 variants (0.00s CPU time), skipped 0 variants.
  Pass  (fp, dx12) finished in 0.00 seconds. Local cache hits 1 (0.00s CPU time), remote cache hits 0 (0.00s CPU time), compiled 0 variants (0.00s CPU time), skipped 0 variants.
    Prepared data for serialisation in 0.00s
Serialized binary data for shader Aether/Shield in 0.00s
    dx11 (total internal programs: 2, unique: 2)
    dx12 (total internal programs: 2, unique: 2)
Compiling shader "Aether/Sky"
  Pass "" (vp)
    Target graphics API: dx11
    Full variant space:         1
    After settings filtering:   1
    After built-in stripping:   1
    After scriptable stripping: 1
    Processed in 0.00 seconds
    Target graphics API: dx12
    Full variant space:         1
    After settings filtering:   1
    After built-in stripping:   1
    After scriptable stripping: 1
    Processed in 0.00 seconds
  Pass "" (fp)
    Target graphics API: dx11
    Full variant space:         1
    After settings filtering:   1
    After built-in stripping:   1
    After scriptable stripping: 1
    Processed in 0.00 seconds
    Target graphics API: dx12
    Full variant space:         1
    After settings filtering:   1
    After built-in stripping:   1
    After scriptable stripping: 1
    Processed in 0.00 seconds
  Pass  (vp, dx11) finished in 0.00 seconds. Local cache hits 1 (0.00s CPU time), remote cache hits 0 (0.00s CPU time), compiled 0 variants (0.00s CPU time), skipped 0 variants.
  Pass  (vp, dx12) finished in 0.00 seconds. Local cache hits 1 (0.00s CPU time), remote cache hits 0 (0.00s CPU time), compiled 0 variants (0.00s CPU time), skipped 0 variants.
    Prepared data for serialisation in 0.00s
  Pass  (fp, dx11) finished in 0.00 seconds. Local cache hits 1 (0.00s CPU time), remote cache hits 0 (0.00s CPU time), compiled 0 variants (0.00s CPU time), skipped 0 variants.
  Pass  (fp, dx12) finished in 0.00 seconds. Local cache hits 1 (0.00s CPU time), remote cache hits 0 (0.00s CPU time), compiled 0 variants (0.00s CPU time), skipped 0 variants.
    Prepared data for serialisation in 0.00s
Serialized binary data for shader Aether/Sky in 0.00s
    dx11 (total internal programs: 2, unique: 2)
    dx12 (total internal programs: 2, unique: 2)
Compiling shader "Aether/StructureText"
  Pass "" (vp)
    Target graphics API: dx11
    Full variant space:         1
    After settings filtering:   1
    After built-in stripping:   1
    After scriptable stripping: 1
    Processed in 0.00 seconds
    Target graphics API: dx12
    Full variant space:         1
    After settings filtering:   1
    After built-in stripping:   1
    After scriptable stripping: 1
    Processed in 0.00 seconds
  Pass "" (fp)
    Target graphics API: dx11
    Full variant space:         1
    After settings filtering:   1
    After built-in stripping:   1
    After scriptable stripping: 1
    Processed in 0.00 seconds
    Target graphics API: dx12
    Full variant space:         1
    After settings filtering:   1
    After built-in stripping:   1
    After scriptable stripping: 1
    Processed in 0.00 seconds
  Pass  (vp, dx11) finished in 0.00 seconds. Local cache hits 1 (0.00s CPU time), remote cache hits 0 (0.00s CPU time), compiled 0 variants (0.00s CPU time), skipped 0 variants.
  Pass  (vp, dx12) finished in 0.00 seconds. Local cache hits 1 (0.00s CPU time), remote cache hits 0 (0.00s CPU time), compiled 0 variants (0.00s CPU time), skipped 0 variants.
    Prepared data for serialisation in 0.00s
  Pass  (fp, dx11) finished in 0.00 seconds. Local cache hits 1 (0.00s CPU time), remote cache hits 0 (0.00s CPU time), compiled 0 variants (0.00s CPU time), skipped 0 variants.
  Pass  (fp, dx12) finished in 0.00 seconds. Local cache hits 1 (0.00s CPU time), remote cache hits 0 (0.00s CPU time), compiled 0 variants (0.00s CPU time), skipped 0 variants.
    Prepared data for serialisation in 0.00s
Serialized binary data for shader Aether/StructureText in 0.00s
    dx11 (total internal programs: 2, unique: 2)
    dx12 (total internal programs: 2, unique: 2)
Compiling shader "Aether/LegacyToon"
  Pass "" (vp)
    Target graphics API: dx11
    Full variant space:         332
    After settings filtering:   332
    After built-in stripping:   8
    After scriptable stripping: 8
    Processed in 0.00 seconds
    Target graphics API: dx12
    Full variant space:         332
    After settings filtering:   332
    After built-in stripping:   8
    After scriptable stripping: 8
    Processed in 0.00 seconds
  Pass "" (fp)
    Target graphics API: dx11
    Full variant space:         252
    After settings filtering:   252
    After built-in stripping:   4
    After scriptable stripping: 4
    Processed in 0.00 seconds
    Target graphics API: dx12
    Full variant space:         252
    After settings filtering:   252
    After built-in stripping:   4
    After scriptable stripping: 4
    Processed in 0.00 seconds
  Pass "" (vp)
    Target graphics API: dx11
    Full variant space:         1
    After settings filtering:   1
    After built-in stripping:   1
    After scriptable stripping: 1
    Processed in 0.00 seconds
    Target graphics API: dx12
    Full variant space:         1
    After settings filtering:   1
    After built-in stripping:   1
    After scriptable stripping: 1
    Processed in 0.00 seconds
  Pass "" (fp)
    Target graphics API: dx11
    Full variant space:         1
    After settings filtering:   1
    After built-in stripping:   1
    After scriptable stripping: 1
    Processed in 0.00 seconds
    Target graphics API: dx12
    Full variant space:         1
    After settings filtering:   1
    After built-in stripping:   1
    After scriptable stripping: 1
    Processed in 0.00 seconds
  Pass  (vp, dx11) finished in 0.00 seconds. Local cache hits 8 (0.00s CPU time), remote cache hits 0 (0.00s CPU time), compiled 0 variants (0.00s CPU time), skipped 0 variants.
  Pass  (vp, dx12) finished in 0.00 seconds. Local cache hits 8 (0.00s CPU time), remote cache hits 0 (0.00s CPU time), compiled 0 variants (0.00s CPU time), skipped 0 variants.
    Prepared data for serialisation in 0.00s
  Pass  (fp, dx11) finished in 0.00 seconds. Local cache hits 4 (0.00s CPU time), remote cache hits 0 (0.00s CPU time), compiled 0 variants (0.00s CPU time), skipped 0 variants.
  Pass  (fp, dx12) finished in 0.00 seconds. Local cache hits 4 (0.00s CPU time), remote cache hits 0 (0.00s CPU time), compiled 0 variants (0.00s CPU time), skipped 0 variants.
    Prepared data for serialisation in 0.00s
  Pass  (vp, dx11) finished in 0.00 seconds. Local cache hits 1 (0.00s CPU time), remote cache hits 0 (0.00s CPU time), compiled 0 variants (0.00s CPU time), skipped 0 variants.
  Pass  (vp, dx12) finished in 0.00 seconds. Local cache hits 1 (0.00s CPU time), remote cache hits 0 (0.00s CPU time), compiled 0 variants (0.00s CPU time), skipped 0 variants.
    Prepared data for serialisation in 0.00s
  Pass  (fp, dx11) finished in 0.00 seconds. Local cache hits 1 (0.00s CPU time), remote cache hits 0 (0.00s CPU time), compiled 0 variants (0.00s CPU time), skipped 0 variants.
  Pass  (fp, dx12) finished in 0.00 seconds. Local cache hits 1 (0.00s CPU time), remote cache hits 0 (0.00s CPU time), compiled 0 variants (0.00s CPU time), skipped 0 variants.
    Prepared data for serialisation in 0.00s
Serialized binary data for shader Aether/LegacyToon in 0.00s
    dx11 (total internal programs: 14, unique: 14)
    dx12 (total internal programs: 14, unique: 14)
Compiling shader "Skybox/Procedural"
  Pass "" (vp)
    Target graphics API: dx11
    Full variant space:         3
    After settings filtering:   3
    After built-in stripping:   3
    After scriptable stripping: 3
    Processed in 0.00 seconds
    Target graphics API: dx12
    Full variant space:         3
    After settings filtering:   3
    After built-in stripping:   3
    After scriptable stripping: 3
    Processed in 0.00 seconds
  Pass "" (fp)
    Target graphics API: dx11
    Full variant space:         3
    After settings filtering:   3
    After built-in stripping:   3
    After scriptable stripping: 3
    Processed in 0.00 seconds
    Target graphics API: dx12
    Full variant space:         3
    After settings filtering:   3
    After built-in stripping:   3
    After scriptable stripping: 3
    Processed in 0.00 seconds
  Pass  (vp, dx11) finished in 0.00 seconds. Local cache hits 3 (0.00s CPU time), remote cache hits 0 (0.00s CPU time), compiled 0 variants (0.00s CPU time), skipped 0 variants.
  Pass  (vp, dx12) finished in 0.00 seconds. Local cache hits 3 (0.00s CPU time), remote cache hits 0 (0.00s CPU time), compiled 0 variants (0.00s CPU time), skipped 0 variants.
    Prepared data for serialisation in 0.00s
  Pass  (fp, dx11) finished in 0.00 seconds. Local cache hits 3 (0.00s CPU time), remote cache hits 0 (0.00s CPU time), compiled 0 variants (0.00s CPU time), skipped 0 variants.
  Pass  (fp, dx12) finished in 0.00 seconds. Local cache hits 3 (0.00s CPU time), remote cache hits 0 (0.00s CPU time), compiled 0 variants (0.00s CPU time), skipped 0 variants.
    Prepared data for serialisation in 0.00s
Serialized binary data for shader Skybox/Procedural in 0.00s
    dx11 (total internal programs: 6, unique: 6)
    dx12 (total internal programs: 6, unique: 6)
Compiling shader "Legacy Shaders/VertexLit"
  Pass "" (vp)
    Target graphics API: dx11
    Full variant space:         12
    After settings filtering:   12
    After built-in stripping:   3
    After scriptable stripping: 3
    Processed in 0.00 seconds
    Target graphics API: dx12
    Full variant space:         12
    After settings filtering:   12
    After built-in stripping:   3
    After scriptable stripping: 3
    Processed in 0.00 seconds
  Pass "" (fp)
    Target graphics API: dx11
    Full variant space:         12
    After settings filtering:   12
    After built-in stripping:   3
    After scriptable stripping: 3
    Processed in 0.00 seconds
    Target graphics API: dx12
    Full variant space:         12
    After settings filtering:   12
    After built-in stripping:   3
    After scriptable stripping: 3
    Processed in 0.00 seconds
  Pass "" (vp)
    Target graphics API: dx11
    Full variant space:         4
    After settings filtering:   4
    After built-in stripping:   1
    After scriptable stripping: 1
    Processed in 0.00 seconds
    Target graphics API: dx12
    Full variant space:         4
    After settings filtering:   4
    After built-in stripping:   1
    After scriptable stripping: 1
    Processed in 0.00 seconds
  Pass "" (fp)
    Target graphics API: dx11
    Full variant space:         4
    After settings filtering:   4
    After built-in stripping:   1
    After scriptable stripping: 1
    Processed in 0.00 seconds
    Target graphics API: dx12
    Full variant space:         4
    After settings filtering:   4
    After built-in stripping:   1
    After scriptable stripping: 1
    Processed in 0.00 seconds
  Pass "ShadowCaster" (vp)
    Target graphics API: dx11
    Full variant space:         4
    After settings filtering:   4
    After built-in stripping:   2
    After scriptable stripping: 2
    Processed in 0.00 seconds
    Target graphics API: dx12
    Full variant space:         4
    After settings filtering:   4
    After built-in stripping:   2
    After scriptable stripping: 2
    Processed in 0.00 seconds
  Pass "ShadowCaster" (fp)
    Target graphics API: dx11
    Full variant space:         4
    After settings filtering:   4
    After built-in stripping:   2
    After scriptable stripping: 2
    Processed in 0.00 seconds
    Target graphics API: dx12
    Full variant space:         4
    After settings filtering:   4
    After built-in stripping:   2
    After scriptable stripping: 2
    Processed in 0.00 seconds
  Pass  (vp, dx11) finished in 0.00 seconds. Local cache hits 3 (0.00s CPU time), remote cache hits 0 (0.00s CPU time), compiled 0 variants (0.00s CPU time), skipped 0 variants.
  Pass  (vp, dx12) finished in 0.00 seconds. Local cache hits 3 (0.00s CPU time), remote cache hits 0 (0.00s CPU time), compiled 0 variants (0.00s CPU time), skipped 0 variants.
    Prepared data for serialisation in 0.00s
  Pass  (fp, dx11) finished in 0.00 seconds. Local cache hits 3 (0.00s CPU time), remote cache hits 0 (0.00s CPU time), compiled 0 variants (0.00s CPU time), skipped 0 variants.
  Pass  (fp, dx12) finished in 0.00 seconds. Local cache hits 3 (0.00s CPU time), remote cache hits 0 (0.00s CPU time), compiled 0 variants (0.00s CPU time), skipped 0 variants.
    Prepared data for serialisation in 0.00s
  Pass  (vp, dx11) finished in 0.00 seconds. Local cache hits 1 (0.00s CPU time), remote cache hits 0 (0.00s CPU time), compiled 0 variants (0.00s CPU time), skipped 0 variants.
  Pass  (vp, dx12) finished in 0.00 seconds. Local cache hits 1 (0.00s CPU time), remote cache hits 0 (0.00s CPU time), compiled 0 variants (0.00s CPU time), skipped 0 variants.
    Prepared data for serialisation in 0.00s
  Pass  (fp, dx11) finished in 0.00 seconds. Local cache hits 1 (0.00s CPU time), remote cache hits 0 (0.00s CPU time), compiled 0 variants (0.00s CPU time), skipped 0 variants.
  Pass  (fp, dx12) finished in 0.00 seconds. Local cache hits 1 (0.00s CPU time), remote cache hits 0 (0.00s CPU time), compiled 0 variants (0.00s CPU time), skipped 0 variants.
    Prepared data for serialisation in 0.00s
  Pass ShadowCaster (vp, dx11) finished in 0.00 seconds. Local cache hits 2 (0.00s CPU time), remote cache hits 0 (0.00s CPU time), compiled 0 variants (0.00s CPU time), skipped 0 variants.
  Pass ShadowCaster (vp, dx12) finished in 0.00 seconds. Local cache hits 2 (0.00s CPU time), remote cache hits 0 (0.00s CPU time), compiled 0 variants (0.00s CPU time), skipped 0 variants.
    Prepared data for serialisation in 0.00s
  Pass ShadowCaster (fp, dx11) finished in 0.00 seconds. Local cache hits 2 (0.00s CPU time), remote cache hits 0 (0.00s CPU time), compiled 0 variants (0.00s CPU time), skipped 0 variants.
  Pass ShadowCaster (fp, dx12) finished in 0.00 seconds. Local cache hits 2 (0.00s CPU time), remote cache hits 0 (0.00s CPU time), compiled 0 variants (0.00s CPU time), skipped 0 variants.
    Prepared data for serialisation in 0.00s
Serialized binary data for shader Legacy Shaders/VertexLit in 0.00s
    dx11 (total internal programs: 12, unique: 12)
    dx12 (total internal programs: 12, unique: 12)
Compiling shader "Legacy Shaders/Diffuse"
  Pass "FORWARD" (vp)
    Target graphics API: dx11
    Full variant space:         664
    After settings filtering:   664
    After built-in stripping:   8
    After scriptable stripping: 8
    Processed in 0.00 seconds
    Target graphics API: dx12
    Full variant space:         664
    After settings filtering:   664
    After built-in stripping:   8
    After scriptable stripping: 8
    Processed in 0.00 seconds
  Pass "FORWARD" (fp)
    Target graphics API: dx11
    Full variant space:         504
    After settings filtering:   504
    After built-in stripping:   4
    After scriptable stripping: 4
    Processed in 0.00 seconds
    Target graphics API: dx12
    Full variant space:         504
    After settings filtering:   504
    After built-in stripping:   4
    After scriptable stripping: 4
    Processed in 0.00 seconds
  Pass "FORWARD" (vp)
    Target graphics API: dx11
    Full variant space:         20
    After settings filtering:   20
    After built-in stripping:   5
    After scriptable stripping: 5
    Processed in 0.00 seconds
    Target graphics API: dx12
    Full variant space:         20
    After settings filtering:   20
    After built-in stripping:   5
    After scriptable stripping: 5
    Processed in 0.00 seconds
  Pass "FORWARD" (fp)
    Target graphics API: dx11
    Full variant space:         20
    After settings filtering:   20
    After built-in stripping:   5
    After scriptable stripping: 5
    Processed in 0.00 seconds
    Target graphics API: dx12
    Full variant space:         20
    After settings filtering:   20
    After built-in stripping:   5
    After scriptable stripping: 5
    Processed in 0.00 seconds
  Pass "DEFERRED" (vp)
    Target graphics API: dx11
    Full variant space:         76
    After settings filtering:   76
    After built-in stripping:   4
    After scriptable stripping: 4
    Processed in 0.00 seconds
    Target graphics API: dx12
    Full variant space:         76
    After settings filtering:   76
    After built-in stripping:   4
    After scriptable stripping: 4
    Processed in 0.00 seconds
  Pass "DEFERRED" (fp)
    Target graphics API: dx11
    Full variant space:         76
    After settings filtering:   76
    After built-in stripping:   4
    After scriptable stripping: 4
    Processed in 0.00 seconds
    Target graphics API: dx12
    Full variant space:         76
    After settings filtering:   76
    After built-in stripping:   4
    After scriptable stripping: 4
    Processed in 0.00 seconds
  Pass FORWARD (vp, dx11) finished in 0.01 seconds. Local cache hits 8 (0.00s CPU time), remote cache hits 0 (0.00s CPU time), compiled 0 variants (0.00s CPU time), skipped 0 variants.
  Pass FORWARD (vp, dx12) finished in 0.01 seconds. Local cache hits 8 (0.00s CPU time), remote cache hits 0 (0.00s CPU time), compiled 0 variants (0.00s CPU time), skipped 0 variants.
    Prepared data for serialisation in 0.00s
  Pass FORWARD (fp, dx11) finished in 0.01 seconds. Local cache hits 4 (0.00s CPU time), remote cache hits 0 (0.00s CPU time), compiled 0 variants (0.00s CPU time), skipped 0 variants.
  Pass FORWARD (fp, dx12) finished in 0.01 seconds. Local cache hits 4 (0.00s CPU time), remote cache hits 0 (0.00s CPU time), compiled 0 variants (0.00s CPU time), skipped 0 variants.
    Prepared data for serialisation in 0.00s
  Pass FORWARD (vp, dx11) finished in 0.01 seconds. Local cache hits 5 (0.00s CPU time), remote cache hits 0 (0.00s CPU time), compiled 0 variants (0.00s CPU time), skipped 0 variants.
  Pass FORWARD (vp, dx12) finished in 0.01 seconds. Local cache hits 5 (0.00s CPU time), remote cache hits 0 (0.00s CPU time), compiled 0 variants (0.00s CPU time), skipped 0 variants.
    Prepared data for serialisation in 0.00s
  Pass FORWARD (fp, dx11) finished in 0.01 seconds. Local cache hits 5 (0.00s CPU time), remote cache hits 0 (0.00s CPU time), compiled 0 variants (0.00s CPU time), skipped 0 variants.
  Pass FORWARD (fp, dx12) finished in 0.00 seconds. Local cache hits 5 (0.00s CPU time), remote cache hits 0 (0.00s CPU time), compiled 0 variants (0.00s CPU time), skipped 0 variants.
    Prepared data for serialisation in 0.00s
  Pass DEFERRED (vp, dx11) finished in 0.00 seconds. Local cache hits 4 (0.00s CPU time), remote cache hits 0 (0.00s CPU time), compiled 0 variants (0.00s CPU time), skipped 0 variants.
  Pass DEFERRED (vp, dx12) finished in 0.00 seconds. Local cache hits 4 (0.00s CPU time), remote cache hits 0 (0.00s CPU time), compiled 0 variants (0.00s CPU time), skipped 0 variants.
    Prepared data for serialisation in 0.00s
  Pass DEFERRED (fp, dx11) finished in 0.00 seconds. Local cache hits 4 (0.00s CPU time), remote cache hits 0 (0.00s CPU time), compiled 0 variants (0.00s CPU time), skipped 0 variants.
  Pass DEFERRED (fp, dx12) finished in 0.00 seconds. Local cache hits 4 (0.00s CPU time), remote cache hits 0 (0.00s CPU time), compiled 0 variants (0.00s CPU time), skipped 0 variants.
    Prepared data for serialisation in 0.00s
Serialized binary data for shader Legacy Shaders/Diffuse in 0.00s
    dx11 (total internal programs: 30, unique: 30)
    dx12 (total internal programs: 30, unique: 30)
Compiling shader "Hidden/Internal-StencilWrite"
  Pass "" (vp)
    Target graphics API: dx11
    Full variant space:         1
    After settings filtering:   1
    After built-in stripping:   1
    After scriptable stripping: 1
    Processed in 0.00 seconds
    Target graphics API: dx12
    Full variant space:         1
    After settings filtering:   1
    After built-in stripping:   1
    After scriptable stripping: 1
    Processed in 0.00 seconds
  Pass "" (fp)
    Target graphics API: dx11
    Full variant space:         1
    After settings filtering:   1
    After built-in stripping:   1
    After scriptable stripping: 1
    Processed in 0.00 seconds
    Target graphics API: dx12
    Full variant space:         1
    After settings filtering:   1
    After built-in stripping:   1
    After scriptable stripping: 1
    Processed in 0.00 seconds
  Pass  (vp, dx11) finished in 0.00 seconds. Local cache hits 1 (0.00s CPU time), remote cache hits 0 (0.00s CPU time), compiled 0 variants (0.00s CPU time), skipped 0 variants.
  Pass  (vp, dx12) finished in 0.00 seconds. Local cache hits 1 (0.00s CPU time), remote cache hits 0 (0.00s CPU time), compiled 0 variants (0.00s CPU time), skipped 0 variants.
    Prepared data for serialisation in 0.00s
  Pass  (fp, dx11) finished in 0.00 seconds. Local cache hits 1 (0.00s CPU time), remote cache hits 0 (0.00s CPU time), compiled 0 variants (0.00s CPU time), skipped 0 variants.
  Pass  (fp, dx12) finished in 0.00 seconds. Local cache hits 1 (0.00s CPU time), remote cache hits 0 (0.00s CPU time), compiled 0 variants (0.00s CPU time), skipped 0 variants.
    Prepared data for serialisation in 0.00s
Serialized binary data for shader Hidden/Internal-StencilWrite in 0.00s
    dx11 (total internal programs: 2, unique: 2)
    dx12 (total internal programs: 2, unique: 2)
Compiling shader "Standard"
  Pass "FORWARD" (vp)
    Target graphics API: dx11
    Full variant space:         664
    After settings filtering:   664
    After built-in stripping:   8
    After scriptable stripping: 8
    Processed in 0.00 seconds
    Target graphics API: dx12
    Full variant space:         664
    After settings filtering:   664
    After built-in stripping:   8
    After scriptable stripping: 8
    Processed in 0.00 seconds
  Pass "FORWARD" (fp)
    Target graphics API: dx11
    Full variant space:         504
    After settings filtering:   504
    After built-in stripping:   4
    After scriptable stripping: 4
    Processed in 0.00 seconds
    Target graphics API: dx12
    Full variant space:         504
    After settings filtering:   504
    After built-in stripping:   4
    After scriptable stripping: 4
    Processed in 0.00 seconds
  Pass "FORWARD_DELTA" (vp)
    Target graphics API: dx11
    Full variant space:         188
    After settings filtering:   188
    After built-in stripping:   13
    After scriptable stripping: 13
    Processed in 0.00 seconds
    Target graphics API: dx12
    Full variant space:         188
    After settings filtering:   188
    After built-in stripping:   13
    After scriptable stripping: 13
    Processed in 0.00 seconds
  Pass "FORWARD_DELTA" (fp)
    Target graphics API: dx11
    Full variant space:         188
    After settings filtering:   188
    After built-in stripping:   13
    After scriptable stripping: 13
    Processed in 0.00 seconds
    Target graphics API: dx12
    Full variant space:         188
    After settings filtering:   188
    After built-in stripping:   13
    After scriptable stripping: 13
    Processed in 0.00 seconds
  Pass "ShadowCaster" (vp)
    Target graphics API: dx11
    Full variant space:         4
    After settings filtering:   4
    After built-in stripping:   2
    After scriptable stripping: 2
    Processed in 0.00 seconds
    Target graphics API: dx12
    Full variant space:         4
    After settings filtering:   4
    After built-in stripping:   2
    After scriptable stripping: 2
    Processed in 0.00 seconds
  Pass "ShadowCaster" (fp)
    Target graphics API: dx11
    Full variant space:         4
    After settings filtering:   4
    After built-in stripping:   2
    After scriptable stripping: 2
    Processed in 0.00 seconds
    Target graphics API: dx12
    Full variant space:         4
    After settings filtering:   4
    After built-in stripping:   2
    After scriptable stripping: 2
    Processed in 0.00 seconds
  Pass "DEFERRED" (vp)
    Target graphics API: dx11
    Full variant space:         76
    After settings filtering:   76
    After built-in stripping:   4
    After scriptable stripping: 4
    Processed in 0.00 seconds
    Target graphics API: dx12
    Full variant space:         76
    After settings filtering:   76
    After built-in stripping:   4
    After scriptable stripping: 4
    Processed in 0.00 seconds
  Pass "DEFERRED" (fp)
    Target graphics API: dx11
    Full variant space:         76
    After settings filtering:   76
    After built-in stripping:   4
    After scriptable stripping: 4
    Processed in 0.00 seconds
    Target graphics API: dx12
    Full variant space:         76
    After settings filtering:   76
    After built-in stripping:   4
    After scriptable stripping: 4
    Processed in 0.00 seconds
  Pass "FORWARD" (vp)
    Target graphics API: dx11
    Full variant space:         208
    After settings filtering:   208
    After built-in stripping:   8
    After scriptable stripping: 8
    Processed in 0.00 seconds
    Target graphics API: dx12
    Full variant space:         208
    After settings filtering:   208
    After built-in stripping:   8
    After scriptable stripping: 8
    Processed in 0.00 seconds
  Pass "FORWARD" (fp)
    Target graphics API: dx11
    Full variant space:         148
    After settings filtering:   148
    After built-in stripping:   4
    After scriptable stripping: 4
    Processed in 0.00 seconds
    Target graphics API: dx12
    Full variant space:         148
    After settings filtering:   148
    After built-in stripping:   4
    After scriptable stripping: 4
    Processed in 0.00 seconds
  Pass "FORWARD_DELTA" (vp)
    Target graphics API: dx11
    Full variant space:         140
    After settings filtering:   140
    After built-in stripping:   10
    After scriptable stripping: 10
    Processed in 0.00 seconds
    Target graphics API: dx12
    Full variant space:         140
    After settings filtering:   140
    After built-in stripping:   10
    After scriptable stripping: 10
    Processed in 0.00 seconds
  Pass "FORWARD_DELTA" (fp)
    Target graphics API: dx11
    Full variant space:         140
    After settings filtering:   140
    After built-in stripping:   10
    After scriptable stripping: 10
    Processed in 0.00 seconds
    Target graphics API: dx12
    Full variant space:         140
    After settings filtering:   140
    After built-in stripping:   10
    After scriptable stripping: 10
    Processed in 0.00 seconds
  Pass "ShadowCaster" (vp)
    Target graphics API: dx11
    Full variant space:         2
    After settings filtering:   2
    After built-in stripping:   2
    After scriptable stripping: 2
    Processed in 0.00 seconds
    Target graphics API: dx12
    Full variant space:         2
    After settings filtering:   2
    After built-in stripping:   2
    After scriptable stripping: 2
    Processed in 0.00 seconds
  Pass "ShadowCaster" (fp)
    Target graphics API: dx11
    Full variant space:         2
    After settings filtering:   2
    After built-in stripping:   2
    After scriptable stripping: 2
    Processed in 0.00 seconds
    Target graphics API: dx12
    Full variant space:         2
    After settings filtering:   2
    After built-in stripping:   2
    After scriptable stripping: 2
    Processed in 0.00 seconds
  Pass FORWARD (vp, dx11) finished in 0.02 seconds. Local cache hits 8 (0.00s CPU time), remote cache hits 0 (0.00s CPU time), compiled 0 variants (0.00s CPU time), skipped 0 variants.
  Pass FORWARD (vp, dx12) finished in 0.02 seconds. Local cache hits 8 (0.00s CPU time), remote cache hits 0 (0.00s CPU time), compiled 0 variants (0.00s CPU time), skipped 0 variants.
    Prepared data for serialisation in 0.00s
  Pass FORWARD (fp, dx11) finished in 0.02 seconds. Local cache hits 4 (0.00s CPU time), remote cache hits 0 (0.00s CPU time), compiled 0 variants (0.00s CPU time), skipped 0 variants.
  Pass FORWARD (fp, dx12) finished in 0.02 seconds. Local cache hits 4 (0.00s CPU time), remote cache hits 0 (0.00s CPU time), compiled 0 variants (0.00s CPU time), skipped 0 variants.
    Prepared data for serialisation in 0.00s
  Pass FORWARD_DELTA (vp, dx11) finished in 0.02 seconds. Local cache hits 13 (0.00s CPU time), remote cache hits 0 (0.00s CPU time), compiled 0 variants (0.00s CPU time), skipped 0 variants.
  Pass FORWARD_DELTA (vp, dx12) finished in 0.01 seconds. Local cache hits 13 (0.00s CPU time), remote cache hits 0 (0.00s CPU time), compiled 0 variants (0.00s CPU time), skipped 0 variants.
    Prepared data for serialisation in 0.00s
  Pass FORWARD_DELTA (fp, dx11) finished in 0.01 seconds. Local cache hits 13 (0.00s CPU time), remote cache hits 0 (0.00s CPU time), compiled 0 variants (0.00s CPU time), skipped 0 variants.
  Pass FORWARD_DELTA (fp, dx12) finished in 0.01 seconds. Local cache hits 13 (0.00s CPU time), remote cache hits 0 (0.00s CPU time), compiled 0 variants (0.00s CPU time), skipped 0 variants.
    Prepared data for serialisation in 0.00s
  Pass ShadowCaster (vp, dx11) finished in 0.01 seconds. Local cache hits 2 (0.00s CPU time), remote cache hits 0 (0.00s CPU time), compiled 0 variants (0.00s CPU time), skipped 0 variants.
  Pass ShadowCaster (vp, dx12) finished in 0.01 seconds. Local cache hits 2 (0.00s CPU time), remote cache hits 0 (0.00s CPU time), compiled 0 variants (0.00s CPU time), skipped 0 variants.
    Prepared data for serialisation in 0.00s
  Pass ShadowCaster (fp, dx11) finished in 0.01 seconds. Local cache hits 2 (0.00s CPU time), remote cache hits 0 (0.00s CPU time), compiled 0 variants (0.00s CPU time), skipped 0 variants.
  Pass ShadowCaster (fp, dx12) finished in 0.01 seconds. Local cache hits 2 (0.00s CPU time), remote cache hits 0 (0.00s CPU time), compiled 0 variants (0.00s CPU time), skipped 0 variants.
    Prepared data for serialisation in 0.00s
  Pass DEFERRED (vp, dx11) finished in 0.01 seconds. Local cache hits 4 (0.00s CPU time), remote cache hits 0 (0.00s CPU time), compiled 0 variants (0.00s CPU time), skipped 0 variants.
  Pass DEFERRED (vp, dx12) finished in 0.01 seconds. Local cache hits 4 (0.00s CPU time), remote cache hits 0 (0.00s CPU time), compiled 0 variants (0.00s CPU time), skipped 0 variants.
    Prepared data for serialisation in 0.00s
  Pass DEFERRED (fp, dx11) finished in 0.01 seconds. Local cache hits 4 (0.00s CPU time), remote cache hits 0 (0.00s CPU time), compiled 0 variants (0.00s CPU time), skipped 0 variants.
  Pass DEFERRED (fp, dx12) finished in 0.01 seconds. Local cache hits 4 (0.00s CPU time), remote cache hits 0 (0.00s CPU time), compiled 0 variants (0.00s CPU time), skipped 0 variants.
    Prepared data for serialisation in 0.00s
  Pass FORWARD (vp, dx11) finished in 0.01 seconds. Local cache hits 8 (0.00s CPU time), remote cache hits 0 (0.00s CPU time), compiled 0 variants (0.00s CPU time), skipped 0 variants.
  Pass FORWARD (vp, dx12) finished in 0.01 seconds. Local cache hits 8 (0.00s CPU time), remote cache hits 0 (0.00s CPU time), compiled 0 variants (0.00s CPU time), skipped 0 variants.
    Prepared data for serialisation in 0.00s
  Pass FORWARD (fp, dx11) finished in 0.00 seconds. Local cache hits 4 (0.00s CPU time), remote cache hits 0 (0.00s CPU time), compiled 0 variants (0.00s CPU time), skipped 0 variants.
  Pass FORWARD (fp, dx12) finished in 0.00 seconds. Local cache hits 4 (0.00s CPU time), remote cache hits 0 (0.00s CPU time), compiled 0 variants (0.00s CPU time), skipped 0 variants.
    Prepared data for serialisation in 0.00s
  Pass FORWARD_DELTA (vp, dx11) finished in 0.00 seconds. Local cache hits 10 (0.00s CPU time), remote cache hits 0 (0.00s CPU time), compiled 0 variants (0.00s CPU time), skipped 0 variants.
  Pass FORWARD_DELTA (vp, dx12) finished in 0.00 seconds. Local cache hits 10 (0.00s CPU time), remote cache hits 0 (0.00s CPU time), compiled 0 variants (0.00s CPU time), skipped 0 variants.
    Prepared data for serialisation in 0.00s
  Pass FORWARD_DELTA (fp, dx11) finished in 0.00 seconds. Local cache hits 10 (0.00s CPU time), remote cache hits 0 (0.00s CPU time), compiled 0 variants (0.00s CPU time), skipped 0 variants.
  Pass FORWARD_DELTA (fp, dx12) finished in 0.00 seconds. Local cache hits 10 (0.00s CPU time), remote cache hits 0 (0.00s CPU time), compiled 0 variants (0.00s CPU time), skipped 0 variants.
    Prepared data for serialisation in 0.00s
  Pass ShadowCaster (vp, dx11) finished in 0.00 seconds. Local cache hits 2 (0.00s CPU time), remote cache hits 0 (0.00s CPU time), compiled 0 variants (0.00s CPU time), skipped 0 variants.
  Pass ShadowCaster (vp, dx12) finished in 0.00 seconds. Local cache hits 2 (0.00s CPU time), remote cache hits 0 (0.00s CPU time), compiled 0 variants (0.00s CPU time), skipped 0 variants.
    Prepared data for serialisation in 0.00s
  Pass ShadowCaster (fp, dx11) finished in 0.00 seconds. Local cache hits 2 (0.00s CPU time), remote cache hits 0 (0.00s CPU time), compiled 0 variants (0.00s CPU time), skipped 0 variants.
  Pass ShadowCaster (fp, dx12) finished in 0.00 seconds. Local cache hits 2 (0.00s CPU time), remote cache hits 0 (0.00s CPU time), compiled 0 variants (0.00s CPU time), skipped 0 variants.
    Prepared data for serialisation in 0.00s
Serialized binary data for shader Standard in 0.00s
    dx11 (total internal programs: 86, unique: 72)
    dx12 (total internal programs: 86, unique: 72)
Compiling shader "Hidden/Internal-DepthNormalsTexture"
  Pass "" (vp)
    Target graphics API: dx11
    Full variant space:         1
    After settings filtering:   1
    After built-in stripping:   1
    After scriptable stripping: 1
    Processed in 0.00 seconds
    Target graphics API: dx12
    Full variant space:         1
    After settings filtering:   1
    After built-in stripping:   1
    After scriptable stripping: 1
    Processed in 0.00 seconds
  Pass "" (fp)
    Target graphics API: dx11
    Full variant space:         1
    After settings filtering:   1
    After built-in stripping:   1
    After scriptable stripping: 1
    Processed in 0.00 seconds
    Target graphics API: dx12
    Full variant space:         1
    After settings filtering:   1
    After built-in stripping:   1
    After scriptable stripping: 1
    Processed in 0.00 seconds
  Pass "" (vp)
    Target graphics API: dx11
    Full variant space:         1
    After settings filtering:   1
    After built-in stripping:   1
    After scriptable stripping: 1
    Processed in 0.00 seconds
    Target graphics API: dx12
    Full variant space:         1
    After settings filtering:   1
    After built-in stripping:   1
    After scriptable stripping: 1
    Processed in 0.00 seconds
  Pass "" (fp)
    Target graphics API: dx11
    Full variant space:         1
    After settings filtering:   1
    After built-in stripping:   1
    After scriptable stripping: 1
    Processed in 0.00 seconds
    Target graphics API: dx12
    Full variant space:         1
    After settings filtering:   1
    After built-in stripping:   1
    After scriptable stripping: 1
    Processed in 0.00 seconds
  Pass "" (vp)
    Target graphics API: dx11
    Full variant space:         1
    After settings filtering:   1
    After built-in stripping:   1
    After scriptable stripping: 1
    Processed in 0.00 seconds
    Target graphics API: dx12
    Full variant space:         1
    After settings filtering:   1
    After built-in stripping:   1
    After scriptable stripping: 1
    Processed in 0.00 seconds
  Pass "" (fp)
    Target graphics API: dx11
    Full variant space:         1
    After settings filtering:   1
    After built-in stripping:   1
    After scriptable stripping: 1
    Processed in 0.00 seconds
    Target graphics API: dx12
    Full variant space:         1
    After settings filtering:   1
    After built-in stripping:   1
    After scriptable stripping: 1
    Processed in 0.00 seconds
  Pass "" (vp)
    Target graphics API: dx11
    Full variant space:         1
    After settings filtering:   1
    After built-in stripping:   1
    After scriptable stripping: 1
    Processed in 0.00 seconds
    Target graphics API: dx12
    Full variant space:         1
    After settings filtering:   1
    After built-in stripping:   1
    After scriptable stripping: 1
    Processed in 0.00 seconds
  Pass "" (fp)
    Target graphics API: dx11
    Full variant space:         1
    After settings filtering:   1
    After built-in stripping:   1
    After scriptable stripping: 1
    Processed in 0.00 seconds
    Target graphics API: dx12
    Full variant space:         1
    After settings filtering:   1
    After built-in stripping:   1
    After scriptable stripping: 1
    Processed in 0.00 seconds
  Pass "" (vp)
    Target graphics API: dx11
    Full variant space:         1
    After settings filtering:   1
    After built-in stripping:   1
    After scriptable stripping: 1
    Processed in 0.00 seconds
    Target graphics API: dx12
    Full variant space:         1
    After settings filtering:   1
    After built-in stripping:   1
    After scriptable stripping: 1
    Processed in 0.00 seconds
  Pass "" (fp)
    Target graphics API: dx11
    Full variant space:         1
    After settings filtering:   1
    After built-in stripping:   1
    After scriptable stripping: 1
    Processed in 0.00 seconds
    Target graphics API: dx12
    Full variant space:         1
    After settings filtering:   1
    After built-in stripping:   1
    After scriptable stripping: 1
    Processed in 0.00 seconds
  Pass "" (vp)
    Target graphics API: dx11
    Full variant space:         1
    After settings filtering:   1
    After built-in stripping:   1
    After scriptable stripping: 1
    Processed in 0.00 seconds
    Target graphics API: dx12
    Full variant space:         1
    After settings filtering:   1
    After built-in stripping:   1
    After scriptable stripping: 1
    Processed in 0.00 seconds
  Pass "" (fp)
    Target graphics API: dx11
    Full variant space:         1
    After settings filtering:   1
    After built-in stripping:   1
    After scriptable stripping: 1
    Processed in 0.00 seconds
    Target graphics API: dx12
    Full variant space:         1
    After settings filtering:   1
    After built-in stripping:   1
    After scriptable stripping: 1
    Processed in 0.00 seconds
  Pass "" (vp)
    Target graphics API: dx11
    Full variant space:         1
    After settings filtering:   1
    After built-in stripping:   1
    After scriptable stripping: 1
    Processed in 0.00 seconds
    Target graphics API: dx12
    Full variant space:         1
    After settings filtering:   1
    After built-in stripping:   1
    After scriptable stripping: 1
    Processed in 0.00 seconds
  Pass "" (fp)
    Target graphics API: dx11
    Full variant space:         1
    After settings filtering:   1
    After built-in stripping:   1
    After scriptable stripping: 1
    Processed in 0.00 seconds
    Target graphics API: dx12
    Full variant space:         1
    After settings filtering:   1
    After built-in stripping:   1
    After scriptable stripping: 1
    Processed in 0.00 seconds
  Pass "" (vp)
    Target graphics API: dx11
    Full variant space:         1
    After settings filtering:   1
    After built-in stripping:   1
    After scriptable stripping: 1
    Processed in 0.00 seconds
    Target graphics API: dx12
    Full variant space:         1
    After settings filtering:   1
    After built-in stripping:   1
    After scriptable stripping: 1
    Processed in 0.00 seconds
  Pass "" (fp)
    Target graphics API: dx11
    Full variant space:         1
    After settings filtering:   1
    After built-in stripping:   1
    After scriptable stripping: 1
    Processed in 0.00 seconds
    Target graphics API: dx12
    Full variant space:         1
    After settings filtering:   1
    After built-in stripping:   1
    After scriptable stripping: 1
    Processed in 0.00 seconds
  Pass "" (vp)
    Target graphics API: dx11
    Full variant space:         1
    After settings filtering:   1
    After built-in stripping:   1
    After scriptable stripping: 1
    Processed in 0.00 seconds
    Target graphics API: dx12
    Full variant space:         1
    After settings filtering:   1
    After built-in stripping:   1
    After scriptable stripping: 1
    Processed in 0.00 seconds
  Pass "" (fp)
    Target graphics API: dx11
    Full variant space:         1
    After settings filtering:   1
    After built-in stripping:   1
    After scriptable stripping: 1
    Processed in 0.00 seconds
    Target graphics API: dx12
    Full variant space:         1
    After settings filtering:   1
    After built-in stripping:   1
    After scriptable stripping: 1
    Processed in 0.00 seconds
  Pass "" (vp)
    Target graphics API: dx11
    Full variant space:         1
    After settings filtering:   1
    After built-in stripping:   1
    After scriptable stripping: 1
    Processed in 0.00 seconds
    Target graphics API: dx12
    Full variant space:         1
    After settings filtering:   1
    After built-in stripping:   1
    After scriptable stripping: 1
    Processed in 0.00 seconds
  Pass "" (fp)
    Target graphics API: dx11
    Full variant space:         1
    After settings filtering:   1
    After built-in stripping:   1
    After scriptable stripping: 1
    Processed in 0.00 seconds
    Target graphics API: dx12
    Full variant space:         1
    After settings filtering:   1
    After built-in stripping:   1
    After scriptable stripping: 1
    Processed in 0.00 seconds
  Pass  (vp, dx11) finished in 0.02 seconds. Local cache hits 1 (0.00s CPU time), remote cache hits 0 (0.00s CPU time), compiled 0 variants (0.00s CPU time), skipped 0 variants.
  Pass  (vp, dx12) finished in 0.02 seconds. Local cache hits 1 (0.00s CPU time), remote cache hits 0 (0.00s CPU time), compiled 0 variants (0.00s CPU time), skipped 0 variants.
    Prepared data for serialisation in 0.00s
  Pass  (fp, dx11) finished in 0.02 seconds. Local cache hits 1 (0.00s CPU time), remote cache hits 0 (0.00s CPU time), compiled 0 variants (0.00s CPU time), skipped 0 variants.
  Pass  (fp, dx12) finished in 0.02 seconds. Local cache hits 1 (0.00s CPU time), remote cache hits 0 (0.00s CPU time), compiled 0 variants (0.00s CPU time), skipped 0 variants.
    Prepared data for serialisation in 0.00s
  Pass  (vp, dx11) finished in 0.02 seconds. Local cache hits 1 (0.00s CPU time), remote cache hits 0 (0.00s CPU time), compiled 0 variants (0.00s CPU time), skipped 0 variants.
  Pass  (vp, dx12) finished in 0.02 seconds. Local cache hits 1 (0.00s CPU time), remote cache hits 0 (0.00s CPU time), compiled 0 variants (0.00s CPU time), skipped 0 variants.
    Prepared data for serialisation in 0.00s
  Pass  (fp, dx11) finished in 0.02 seconds. Local cache hits 1 (0.00s CPU time), remote cache hits 0 (0.00s CPU time), compiled 0 variants (0.00s CPU time), skipped 0 variants.
  Pass  (fp, dx12) finished in 0.02 seconds. Local cache hits 1 (0.00s CPU time), remote cache hits 0 (0.00s CPU time), compiled 0 variants (0.00s CPU time), skipped 0 variants.
    Prepared data for serialisation in 0.00s
  Pass  (vp, dx11) finished in 0.02 seconds. Local cache hits 1 (0.00s CPU time), remote cache hits 0 (0.00s CPU time), compiled 0 variants (0.00s CPU time), skipped 0 variants.
  Pass  (vp, dx12) finished in 0.02 seconds. Local cache hits 1 (0.00s CPU time), remote cache hits 0 (0.00s CPU time), compiled 0 variants (0.00s CPU time), skipped 0 variants.
    Prepared data for serialisation in 0.00s
  Pass  (fp, dx11) finished in 0.02 seconds. Local cache hits 1 (0.00s CPU time), remote cache hits 0 (0.00s CPU time), compiled 0 variants (0.00s CPU time), skipped 0 variants.
  Pass  (fp, dx12) finished in 0.02 seconds. Local cache hits 1 (0.00s CPU time), remote cache hits 0 (0.00s CPU time), compiled 0 variants (0.00s CPU time), skipped 0 variants.
    Prepared data for serialisation in 0.00s
  Pass  (vp, dx11) finished in 0.02 seconds. Local cache hits 1 (0.00s CPU time), remote cache hits 0 (0.00s CPU time), compiled 0 variants (0.00s CPU time), skipped 0 variants.
  Pass  (vp, dx12) finished in 0.02 seconds. Local cache hits 1 (0.00s CPU time), remote cache hits 0 (0.00s CPU time), compiled 0 variants (0.00s CPU time), skipped 0 variants.
    Prepared data for serialisation in 0.00s
  Pass  (fp, dx11) finished in 0.02 seconds. Local cache hits 1 (0.00s CPU time), remote cache hits 0 (0.00s CPU time), compiled 0 variants (0.00s CPU time), skipped 0 variants.
  Pass  (fp, dx12) finished in 0.02 seconds. Local cache hits 1 (0.00s CPU time), remote cache hits 0 (0.00s CPU time), compiled 0 variants (0.00s CPU time), skipped 0 variants.
    Prepared data for serialisation in 0.00s
  Pass  (vp, dx11) finished in 0.02 seconds. Local cache hits 1 (0.00s CPU time), remote cache hits 0 (0.00s CPU time), compiled 0 variants (0.00s CPU time), skipped 0 variants.
  Pass  (vp, dx12) finished in 0.02 seconds. Local cache hits 1 (0.00s CPU time), remote cache hits 0 (0.00s CPU time), compiled 0 variants (0.00s CPU time), skipped 0 variants.
    Prepared data for serialisation in 0.00s
  Pass  (fp, dx11) finished in 0.02 seconds. Local cache hits 1 (0.00s CPU time), remote cache hits 0 (0.00s CPU time), compiled 0 variants (0.00s CPU time), skipped 0 variants.
  Pass  (fp, dx12) finished in 0.02 seconds. Local cache hits 1 (0.00s CPU time), remote cache hits 0 (0.00s CPU time), compiled 0 variants (0.00s CPU time), skipped 0 variants.
    Prepared data for serialisation in 0.00s
  Pass  (vp, dx11) finished in 0.02 seconds. Local cache hits 1 (0.00s CPU time), remote cache hits 0 (0.00s CPU time), compiled 0 variants (0.00s CPU time), skipped 0 variants.
  Pass  (vp, dx12) finished in 0.02 seconds. Local cache hits 1 (0.00s CPU time), remote cache hits 0 (0.00s CPU time), compiled 0 variants (0.00s CPU time), skipped 0 variants.
    Prepared data for serialisation in 0.00s
  Pass  (fp, dx11) finished in 0.02 seconds. Local cache hits 1 (0.00s CPU time), remote cache hits 0 (0.00s CPU time), compiled 0 variants (0.00s CPU time), skipped 0 variants.
  Pass  (fp, dx12) finished in 0.02 seconds. Local cache hits 1 (0.00s CPU time), remote cache hits 0 (0.00s CPU time), compiled 0 variants (0.00s CPU time), skipped 0 variants.
    Prepared data for serialisation in 0.00s
  Pass  (vp, dx11) finished in 0.02 seconds. Local cache hits 1 (0.00s CPU time), remote cache hits 0 (0.00s CPU time), compiled 0 variants (0.00s CPU time), skipped 0 variants.
  Pass  (vp, dx12) finished in 0.02 seconds. Local cache hits 1 (0.00s CPU time), remote cache hits 0 (0.00s CPU time), compiled 0 variants (0.00s CPU time), skipped 0 variants.
    Prepared data for serialisation in 0.00s
  Pass  (fp, dx11) finished in 0.02 seconds. Local cache hits 1 (0.00s CPU time), remote cache hits 0 (0.00s CPU time), compiled 0 variants (0.00s CPU time), skipped 0 variants.
  Pass  (fp, dx12) finished in 0.01 seconds. Local cache hits 1 (0.00s CPU time), remote cache hits 0 (0.00s CPU time), compiled 0 variants (0.00s CPU time), skipped 0 variants.
    Prepared data for serialisation in 0.00s
  Pass  (vp, dx11) finished in 0.01 seconds. Local cache hits 1 (0.00s CPU time), remote cache hits 0 (0.00s CPU time), compiled 0 variants (0.00s CPU time), skipped 0 variants.
  Pass  (vp, dx12) finished in 0.01 seconds. Local cache hits 1 (0.00s CPU time), remote cache hits 0 (0.00s CPU time), compiled 0 variants (0.00s CPU time), skipped 0 variants.
    Prepared data for serialisation in 0.00s
  Pass  (fp, dx11) finished in 0.01 seconds. Local cache hits 1 (0.00s CPU time), remote cache hits 0 (0.00s CPU time), compiled 0 variants (0.00s CPU time), skipped 0 variants.
  Pass  (fp, dx12) finished in 0.01 seconds. Local cache hits 1 (0.00s CPU time), remote cache hits 0 (0.00s CPU time), compiled 0 variants (0.00s CPU time), skipped 0 variants.
    Prepared data for serialisation in 0.00s
  Pass  (vp, dx11) finished in 0.01 seconds. Local cache hits 1 (0.00s CPU time), remote cache hits 0 (0.00s CPU time), compiled 0 variants (0.00s CPU time), skipped 0 variants.
  Pass  (vp, dx12) finished in 0.01 seconds. Local cache hits 1 (0.00s CPU time), remote cache hits 0 (0.00s CPU time), compiled 0 variants (0.00s CPU time), skipped 0 variants.
    Prepared data for serialisation in 0.00s
  Pass  (fp, dx11) finished in 0.01 seconds. Local cache hits 1 (0.00s CPU time), remote cache hits 0 (0.00s CPU time), compiled 0 variants (0.00s CPU time), skipped 0 variants.
  Pass  (fp, dx12) finished in 0.00 seconds. Local cache hits 1 (0.00s CPU time), remote cache hits 0 (0.00s CPU time), compiled 0 variants (0.00s CPU time), skipped 0 variants.
    Prepared data for serialisation in 0.00s
  Pass  (vp, dx11) finished in 0.00 seconds. Local cache hits 1 (0.00s CPU time), remote cache hits 0 (0.00s CPU time), compiled 0 variants (0.00s CPU time), skipped 0 variants.
  Pass  (vp, dx12) finished in 0.00 seconds. Local cache hits 1 (0.00s CPU time), remote cache hits 0 (0.00s CPU time), compiled 0 variants (0.00s CPU time), skipped 0 variants.
    Prepared data for serialisation in 0.00s
  Pass  (fp, dx11) finished in 0.00 seconds. Local cache hits 1 (0.00s CPU time), remote cache hits 0 (0.00s CPU time), compiled 0 variants (0.00s CPU time), skipped 0 variants.
  Pass  (fp, dx12) finished in 0.00 seconds. Local cache hits 1 (0.00s CPU time), remote cache hits 0 (0.00s CPU time), compiled 0 variants (0.00s CPU time), skipped 0 variants.
    Prepared data for serialisation in 0.00s
Serialized binary data for shader Hidden/Internal-DepthNormalsTexture in 0.00s
    dx11 (total internal programs: 20, unique: 17)
    dx12 (total internal programs: 20, unique: 17)
Compiling shader "Hidden/Internal-ScreenSpaceShadows"
  Pass "" (vp)
    Target graphics API: dx11
    Full variant space:         4
    After settings filtering:   4
    After built-in stripping:   4
    After scriptable stripping: 4
    Processed in 0.00 seconds
    Target graphics API: dx12
    Full variant space:         4
    After settings filtering:   4
    After built-in stripping:   4
    After scriptable stripping: 4
    Processed in 0.00 seconds
  Pass "" (fp)
    Target graphics API: dx11
    Full variant space:         4
    After settings filtering:   4
    After built-in stripping:   4
    After scriptable stripping: 4
    Processed in 0.00 seconds
    Target graphics API: dx12
    Full variant space:         4
    After settings filtering:   4
    After built-in stripping:   4
    After scriptable stripping: 4
    Processed in 0.00 seconds
  Pass "" (vp)
    Target graphics API: dx11
    Full variant space:         4
    After settings filtering:   4
    After built-in stripping:   4
    After scriptable stripping: 4
    Processed in 0.00 seconds
    Target graphics API: dx12
    Full variant space:         4
    After settings filtering:   4
    After built-in stripping:   4
    After scriptable stripping: 4
    Processed in 0.00 seconds
  Pass "" (fp)
    Target graphics API: dx11
    Full variant space:         4
    After settings filtering:   4
    After built-in stripping:   4
    After scriptable stripping: 4
    Processed in 0.00 seconds
    Target graphics API: dx12
    Full variant space:         4
    After settings filtering:   4
    After built-in stripping:   4
    After scriptable stripping: 4
    Processed in 0.00 seconds
  Pass "" (vp)
    Target graphics API: dx11
    Full variant space:         4
    After settings filtering:   4
    After built-in stripping:   4
    After scriptable stripping: 4
    Processed in 0.00 seconds
    Target graphics API: dx12
    Full variant space:         4
    After settings filtering:   4
    After built-in stripping:   4
    After scriptable stripping: 4
    Processed in 0.00 seconds
  Pass "" (fp)
    Target graphics API: dx11
    Full variant space:         4
    After settings filtering:   4
    After built-in stripping:   4
    After scriptable stripping: 4
    Processed in 0.00 seconds
    Target graphics API: dx12
    Full variant space:         4
    After settings filtering:   4
    After built-in stripping:   4
    After scriptable stripping: 4
    Processed in 0.00 seconds
  Pass "" (vp)
    Target graphics API: dx11
    Full variant space:         4
    After settings filtering:   4
    After built-in stripping:   4
    After scriptable stripping: 4
    Processed in 0.00 seconds
    Target graphics API: dx12
    Full variant space:         4
    After settings filtering:   4
    After built-in stripping:   4
    After scriptable stripping: 4
    Processed in 0.00 seconds
  Pass "" (fp)
    Target graphics API: dx11
    Full variant space:         4
    After settings filtering:   4
    After built-in stripping:   4
    After scriptable stripping: 4
    Processed in 0.00 seconds
    Target graphics API: dx12
    Full variant space:         4
    After settings filtering:   4
    After built-in stripping:   4
    After scriptable stripping: 4
    Processed in 0.00 seconds
  Pass  (vp, dx11) finished in 0.01 seconds. Local cache hits 4 (0.00s CPU time), remote cache hits 0 (0.00s CPU time), compiled 0 variants (0.00s CPU time), skipped 0 variants.
  Pass  (vp, dx12) finished in 0.01 seconds. Local cache hits 4 (0.00s CPU time), remote cache hits 0 (0.00s CPU time), compiled 0 variants (0.00s CPU time), skipped 0 variants.
    Prepared data for serialisation in 0.00s
  Pass  (fp, dx11) finished in 0.01 seconds. Local cache hits 4 (0.00s CPU time), remote cache hits 0 (0.00s CPU time), compiled 0 variants (0.00s CPU time), skipped 0 variants.
  Pass  (fp, dx12) finished in 0.01 seconds. Local cache hits 4 (0.00s CPU time), remote cache hits 0 (0.00s CPU time), compiled 0 variants (0.00s CPU time), skipped 0 variants.
    Prepared data for serialisation in 0.00s
  Pass  (vp, dx11) finished in 0.01 seconds. Local cache hits 4 (0.00s CPU time), remote cache hits 0 (0.00s CPU time), compiled 0 variants (0.00s CPU time), skipped 0 variants.
  Pass  (vp, dx12) finished in 0.01 seconds. Local cache hits 4 (0.00s CPU time), remote cache hits 0 (0.00s CPU time), compiled 0 variants (0.00s CPU time), skipped 0 variants.
    Prepared data for serialisation in 0.00s
  Pass  (fp, dx11) finished in 0.01 seconds. Local cache hits 4 (0.00s CPU time), remote cache hits 0 (0.00s CPU time), compiled 0 variants (0.00s CPU time), skipped 0 variants.
  Pass  (fp, dx12) finished in 0.01 seconds. Local cache hits 4 (0.00s CPU time), remote cache hits 0 (0.00s CPU time), compiled 0 variants (0.00s CPU time), skipped 0 variants.
    Prepared data for serialisation in 0.00s
  Pass  (vp, dx11) finished in 0.01 seconds. Local cache hits 4 (0.00s CPU time), remote cache hits 0 (0.00s CPU time), compiled 0 variants (0.00s CPU time), skipped 0 variants.
  Pass  (vp, dx12) finished in 0.01 seconds. Local cache hits 4 (0.00s CPU time), remote cache hits 0 (0.00s CPU time), compiled 0 variants (0.00s CPU time), skipped 0 variants.
    Prepared data for serialisation in 0.00s
  Pass  (fp, dx11) finished in 0.01 seconds. Local cache hits 4 (0.00s CPU time), remote cache hits 0 (0.00s CPU time), compiled 0 variants (0.00s CPU time), skipped 0 variants.
  Pass  (fp, dx12) finished in 0.01 seconds. Local cache hits 4 (0.00s CPU time), remote cache hits 0 (0.00s CPU time), compiled 0 variants (0.00s CPU time), skipped 0 variants.
    Prepared data for serialisation in 0.00s
  Pass  (vp, dx11) finished in 0.01 seconds. Local cache hits 4 (0.00s CPU time), remote cache hits 0 (0.00s CPU time), compiled 0 variants (0.00s CPU time), skipped 0 variants.
  Pass  (vp, dx12) finished in 0.01 seconds. Local cache hits 4 (0.00s CPU time), remote cache hits 0 (0.00s CPU time), compiled 0 variants (0.00s CPU time), skipped 0 variants.
    Prepared data for serialisation in 0.00s
  Pass  (fp, dx11) finished in 0.00 seconds. Local cache hits 4 (0.00s CPU time), remote cache hits 0 (0.00s CPU time), compiled 0 variants (0.00s CPU time), skipped 0 variants.
  Pass  (fp, dx12) finished in 0.00 seconds. Local cache hits 4 (0.00s CPU time), remote cache hits 0 (0.00s CPU time), compiled 0 variants (0.00s CPU time), skipped 0 variants.
    Prepared data for serialisation in 0.00s
Serialized binary data for shader Hidden/Internal-ScreenSpaceShadows in 0.00s
    dx11 (total internal programs: 32, unique: 20)
    dx12 (total internal programs: 32, unique: 20)
Compiling shader "Hidden/Internal-CombineDepthNormals"
  Pass "" (vp)
    Target graphics API: dx11
    Full variant space:         1
    After settings filtering:   1
    After built-in stripping:   1
    After scriptable stripping: 1
    Processed in 0.00 seconds
    Target graphics API: dx12
    Full variant space:         1
    After settings filtering:   1
    After built-in stripping:   1
    After scriptable stripping: 1
    Processed in 0.00 seconds
  Pass "" (fp)
    Target graphics API: dx11
    Full variant space:         1
    After settings filtering:   1
    After built-in stripping:   1
    After scriptable stripping: 1
    Processed in 0.00 seconds
    Target graphics API: dx12
    Full variant space:         1
    After settings filtering:   1
    After built-in stripping:   1
    After scriptable stripping: 1
    Processed in 0.00 seconds
  Pass  (vp, dx11) finished in 0.00 seconds. Local cache hits 1 (0.00s CPU time), remote cache hits 0 (0.00s CPU time), compiled 0 variants (0.00s CPU time), skipped 0 variants.
  Pass  (vp, dx12) finished in 0.00 seconds. Local cache hits 1 (0.00s CPU time), remote cache hits 0 (0.00s CPU time), compiled 0 variants (0.00s CPU time), skipped 0 variants.
    Prepared data for serialisation in 0.00s
  Pass  (fp, dx11) finished in 0.00 seconds. Local cache hits 1 (0.00s CPU time), remote cache hits 0 (0.00s CPU time), compiled 0 variants (0.00s CPU time), skipped 0 variants.
  Pass  (fp, dx12) finished in 0.00 seconds. Local cache hits 1 (0.00s CPU time), remote cache hits 0 (0.00s CPU time), compiled 0 variants (0.00s CPU time), skipped 0 variants.
    Prepared data for serialisation in 0.00s
Serialized binary data for shader Hidden/Internal-CombineDepthNormals in 0.00s
    dx11 (total internal programs: 2, unique: 2)
    dx12 (total internal programs: 2, unique: 2)
Compiling shader "Hidden/BlitCopy"
  Pass "" (vp)
    Target graphics API: dx11
    Full variant space:         1
    After settings filtering:   1
    After built-in stripping:   1
    After scriptable stripping: 1
    Processed in 0.00 seconds
    Target graphics API: dx12
    Full variant space:         1
    After settings filtering:   1
    After built-in stripping:   1
    After scriptable stripping: 1
    Processed in 0.00 seconds
  Pass "" (fp)
    Target graphics API: dx11
    Full variant space:         1
    After settings filtering:   1
    After built-in stripping:   1
    After scriptable stripping: 1
    Processed in 0.00 seconds
    Target graphics API: dx12
    Full variant space:         1
    After settings filtering:   1
    After built-in stripping:   1
    After scriptable stripping: 1
    Processed in 0.00 seconds
  Pass  (vp, dx11) finished in 0.00 seconds. Local cache hits 1 (0.00s CPU time), remote cache hits 0 (0.00s CPU time), compiled 0 variants (0.00s CPU time), skipped 0 variants.
  Pass  (vp, dx12) finished in 0.00 seconds. Local cache hits 1 (0.00s CPU time), remote cache hits 0 (0.00s CPU time), compiled 0 variants (0.00s CPU time), skipped 0 variants.
    Prepared data for serialisation in 0.00s
  Pass  (fp, dx11) finished in 0.00 seconds. Local cache hits 1 (0.00s CPU time), remote cache hits 0 (0.00s CPU time), compiled 0 variants (0.00s CPU time), skipped 0 variants.
  Pass  (fp, dx12) finished in 0.00 seconds. Local cache hits 1 (0.00s CPU time), remote cache hits 0 (0.00s CPU time), compiled 0 variants (0.00s CPU time), skipped 0 variants.
    Prepared data for serialisation in 0.00s
Serialized binary data for shader Hidden/BlitCopy in 0.00s
    dx11 (total internal programs: 2, unique: 2)
    dx12 (total internal programs: 2, unique: 2)
Compiling shader "Hidden/BlitCopyDepth"
  Pass "" (vp)
    Target graphics API: dx11
    Full variant space:         1
    After settings filtering:   1
    After built-in stripping:   1
    After scriptable stripping: 1
    Processed in 0.00 seconds
    Target graphics API: dx12
    Full variant space:         1
    After settings filtering:   1
    After built-in stripping:   1
    After scriptable stripping: 1
    Processed in 0.00 seconds
  Pass "" (fp)
    Target graphics API: dx11
    Full variant space:         1
    After settings filtering:   1
    After built-in stripping:   1
    After scriptable stripping: 1
    Processed in 0.00 seconds
    Target graphics API: dx12
    Full variant space:         1
    After settings filtering:   1
    After built-in stripping:   1
    After scriptable stripping: 1
    Processed in 0.00 seconds
  Pass  (vp, dx11) finished in 0.00 seconds. Local cache hits 1 (0.00s CPU time), remote cache hits 0 (0.00s CPU time), compiled 0 variants (0.00s CPU time), skipped 0 variants.
  Pass  (vp, dx12) finished in 0.00 seconds. Local cache hits 1 (0.00s CPU time), remote cache hits 0 (0.00s CPU time), compiled 0 variants (0.00s CPU time), skipped 0 variants.
    Prepared data for serialisation in 0.00s
  Pass  (fp, dx11) finished in 0.00 seconds. Local cache hits 1 (0.00s CPU time), remote cache hits 0 (0.00s CPU time), compiled 0 variants (0.00s CPU time), skipped 0 variants.
  Pass  (fp, dx12) finished in 0.00 seconds. Local cache hits 1 (0.00s CPU time), remote cache hits 0 (0.00s CPU time), compiled 0 variants (0.00s CPU time), skipped 0 variants.
    Prepared data for serialisation in 0.00s
Serialized binary data for shader Hidden/BlitCopyDepth in 0.00s
    dx11 (total internal programs: 2, unique: 2)
    dx12 (total internal programs: 2, unique: 2)
Compiling shader "Hidden/ConvertTexture"
  Pass "" (vp)
    Target graphics API: dx11
    Full variant space:         1
    After settings filtering:   1
    After built-in stripping:   1
    After scriptable stripping: 1
    Processed in 0.00 seconds
    Target graphics API: dx12
    Full variant space:         1
    After settings filtering:   1
    After built-in stripping:   1
    After scriptable stripping: 1
    Processed in 0.00 seconds
  Pass "" (fp)
    Target graphics API: dx11
    Full variant space:         1
    After settings filtering:   1
    After built-in stripping:   1
    After scriptable stripping: 1
    Processed in 0.00 seconds
    Target graphics API: dx12
    Full variant space:         1
    After settings filtering:   1
    After built-in stripping:   1
    After scriptable stripping: 1
    Processed in 0.00 seconds
  Pass  (vp, dx11) finished in 0.00 seconds. Local cache hits 1 (0.00s CPU time), remote cache hits 0 (0.00s CPU time), compiled 0 variants (0.00s CPU time), skipped 0 variants.
  Pass  (vp, dx12) finished in 0.00 seconds. Local cache hits 1 (0.00s CPU time), remote cache hits 0 (0.00s CPU time), compiled 0 variants (0.00s CPU time), skipped 0 variants.
    Prepared data for serialisation in 0.00s
  Pass  (fp, dx11) finished in 0.00 seconds. Local cache hits 1 (0.00s CPU time), remote cache hits 0 (0.00s CPU time), compiled 0 variants (0.00s CPU time), skipped 0 variants.
  Pass  (fp, dx12) finished in 0.00 seconds. Local cache hits 1 (0.00s CPU time), remote cache hits 0 (0.00s CPU time), compiled 0 variants (0.00s CPU time), skipped 0 variants.
    Prepared data for serialisation in 0.00s
Serialized binary data for shader Hidden/ConvertTexture in 0.00s
    dx11 (total internal programs: 2, unique: 2)
    dx12 (total internal programs: 2, unique: 2)
Compiling shader "Hidden/Internal-DeferredShading"
  Pass "" (vp)
    Target graphics API: dx11
    Full variant space:         94
    After settings filtering:   94
    After built-in stripping:   26
    After scriptable stripping: 26
    Processed in 0.00 seconds
    Target graphics API: dx12
    Full variant space:         94
    After settings filtering:   94
    After built-in stripping:   26
    After scriptable stripping: 26
    Processed in 0.00 seconds
  Pass "" (fp)
    Target graphics API: dx11
    Full variant space:         94
    After settings filtering:   94
    After built-in stripping:   26
    After scriptable stripping: 26
    Processed in 0.00 seconds
    Target graphics API: dx12
    Full variant space:         94
    After settings filtering:   94
    After built-in stripping:   26
    After scriptable stripping: 26
    Processed in 0.00 seconds
  Pass "" (vp)
    Target graphics API: dx11
    Full variant space:         1
    After settings filtering:   1
    After built-in stripping:   1
    After scriptable stripping: 1
    Processed in 0.00 seconds
    Target graphics API: dx12
    Full variant space:         1
    After settings filtering:   1
    After built-in stripping:   1
    After scriptable stripping: 1
    Processed in 0.00 seconds
  Pass "" (fp)
    Target graphics API: dx11
    Full variant space:         1
    After settings filtering:   1
    After built-in stripping:   1
    After scriptable stripping: 1
    Processed in 0.00 seconds
    Target graphics API: dx12
    Full variant space:         1
    After settings filtering:   1
    After built-in stripping:   1
    After scriptable stripping: 1
    Processed in 0.00 seconds
  Pass  (vp, dx11) finished in 0.00 seconds. Local cache hits 26 (0.01s CPU time), remote cache hits 0 (0.00s CPU time), compiled 0 variants (0.00s CPU time), skipped 0 variants.
  Pass  (vp, dx12) finished in 0.00 seconds. Local cache hits 26 (0.00s CPU time), remote cache hits 0 (0.00s CPU time), compiled 0 variants (0.00s CPU time), skipped 0 variants.
    Prepared data for serialisation in 0.00s
  Pass  (fp, dx11) finished in 0.00 seconds. Local cache hits 26 (0.01s CPU time), remote cache hits 0 (0.00s CPU time), compiled 0 variants (0.00s CPU time), skipped 0 variants.
  Pass  (fp, dx12) finished in 0.00 seconds. Local cache hits 26 (0.00s CPU time), remote cache hits 0 (0.00s CPU time), compiled 0 variants (0.00s CPU time), skipped 0 variants.
    Prepared data for serialisation in 0.00s
  Pass  (vp, dx11) finished in 0.00 seconds. Local cache hits 1 (0.00s CPU time), remote cache hits 0 (0.00s CPU time), compiled 0 variants (0.00s CPU time), skipped 0 variants.
  Pass  (vp, dx12) finished in 0.00 seconds. Local cache hits 1 (0.00s CPU time), remote cache hits 0 (0.00s CPU time), compiled 0 variants (0.00s CPU time), skipped 0 variants.
    Prepared data for serialisation in 0.00s
  Pass  (fp, dx11) finished in 0.00 seconds. Local cache hits 1 (0.00s CPU time), remote cache hits 0 (0.00s CPU time), compiled 0 variants (0.00s CPU time), skipped 0 variants.
  Pass  (fp, dx12) finished in 0.00 seconds. Local cache hits 1 (0.00s CPU time), remote cache hits 0 (0.00s CPU time), compiled 0 variants (0.00s CPU time), skipped 0 variants.
    Prepared data for serialisation in 0.00s
Serialized binary data for shader Hidden/Internal-DeferredShading in 0.00s
    dx11 (total internal programs: 54, unique: 54)
    dx12 (total internal programs: 54, unique: 54)
Compiling shader "Hidden/Internal-DeferredReflections"
  Pass "" (vp)
    Target graphics API: dx11
    Full variant space:         1
    After settings filtering:   1
    After built-in stripping:   1
    After scriptable stripping: 1
    Processed in 0.00 seconds
    Target graphics API: dx12
    Full variant space:         1
    After settings filtering:   1
    After built-in stripping:   1
    After scriptable stripping: 1
    Processed in 0.00 seconds
  Pass "" (fp)
    Target graphics API: dx11
    Full variant space:         1
    After settings filtering:   1
    After built-in stripping:   1
    After scriptable stripping: 1
    Processed in 0.00 seconds
    Target graphics API: dx12
    Full variant space:         1
    After settings filtering:   1
    After built-in stripping:   1
    After scriptable stripping: 1
    Processed in 0.00 seconds
  Pass "" (vp)
    Target graphics API: dx11
    Full variant space:         2
    After settings filtering:   2
    After built-in stripping:   2
    After scriptable stripping: 2
    Processed in 0.00 seconds
    Target graphics API: dx12
    Full variant space:         2
    After settings filtering:   2
    After built-in stripping:   2
    After scriptable stripping: 2
    Processed in 0.00 seconds
  Pass "" (fp)
    Target graphics API: dx11
    Full variant space:         2
    After settings filtering:   2
    After built-in stripping:   2
    After scriptable stripping: 2
    Processed in 0.00 seconds
    Target graphics API: dx12
    Full variant space:         2
    After settings filtering:   2
    After built-in stripping:   2
    After scriptable stripping: 2
    Processed in 0.00 seconds
  Pass  (vp, dx11) finished in 0.00 seconds. Local cache hits 1 (0.00s CPU time), remote cache hits 0 (0.00s CPU time), compiled 0 variants (0.00s CPU time), skipped 0 variants.
  Pass  (vp, dx12) finished in 0.00 seconds. Local cache hits 1 (0.00s CPU time), remote cache hits 0 (0.00s CPU time), compiled 0 variants (0.00s CPU time), skipped 0 variants.
    Prepared data for serialisation in 0.00s
  Pass  (fp, dx11) finished in 0.00 seconds. Local cache hits 1 (0.00s CPU time), remote cache hits 0 (0.00s CPU time), compiled 0 variants (0.00s CPU time), skipped 0 variants.
  Pass  (fp, dx12) finished in 0.00 seconds. Local cache hits 1 (0.00s CPU time), remote cache hits 0 (0.00s CPU time), compiled 0 variants (0.00s CPU time), skipped 0 variants.
    Prepared data for serialisation in 0.00s
  Pass  (vp, dx11) finished in 0.00 seconds. Local cache hits 2 (0.00s CPU time), remote cache hits 0 (0.00s CPU time), compiled 0 variants (0.00s CPU time), skipped 0 variants.
  Pass  (vp, dx12) finished in 0.00 seconds. Local cache hits 2 (0.00s CPU time), remote cache hits 0 (0.00s CPU time), compiled 0 variants (0.00s CPU time), skipped 0 variants.
    Prepared data for serialisation in 0.00s
  Pass  (fp, dx11) finished in 0.00 seconds. Local cache hits 2 (0.00s CPU time), remote cache hits 0 (0.00s CPU time), compiled 0 variants (0.00s CPU time), skipped 0 variants.
  Pass  (fp, dx12) finished in 0.00 seconds. Local cache hits 2 (0.00s CPU time), remote cache hits 0 (0.00s CPU time), compiled 0 variants (0.00s CPU time), skipped 0 variants.
    Prepared data for serialisation in 0.00s
Serialized binary data for shader Hidden/Internal-DeferredReflections in 0.00s
    dx11 (total internal programs: 6, unique: 6)
    dx12 (total internal programs: 6, unique: 6)
Compiling shader "Hidden/Internal-MotionVectors"
  Pass "" (vp)
    Target graphics API: dx11
    Full variant space:         1
    After settings filtering:   1
    After built-in stripping:   1
    After scriptable stripping: 1
    Processed in 0.00 seconds
    Target graphics API: dx12
    Full variant space:         1
    After settings filtering:   1
    After built-in stripping:   1
    After scriptable stripping: 1
    Processed in 0.00 seconds
  Pass "" (fp)
    Target graphics API: dx11
    Full variant space:         1
    After settings filtering:   1
    After built-in stripping:   1
    After scriptable stripping: 1
    Processed in 0.00 seconds
    Target graphics API: dx12
    Full variant space:         1
    After settings filtering:   1
    After built-in stripping:   1
    After scriptable stripping: 1
    Processed in 0.00 seconds
  Pass "" (vp)
    Target graphics API: dx11
    Full variant space:         1
    After settings filtering:   1
    After built-in stripping:   1
    After scriptable stripping: 1
    Processed in 0.00 seconds
    Target graphics API: dx12
    Full variant space:         1
    After settings filtering:   1
    After built-in stripping:   1
    After scriptable stripping: 1
    Processed in 0.00 seconds
  Pass "" (fp)
    Target graphics API: dx11
    Full variant space:         1
    After settings filtering:   1
    After built-in stripping:   1
    After scriptable stripping: 1
    Processed in 0.00 seconds
    Target graphics API: dx12
    Full variant space:         1
    After settings filtering:   1
    After built-in stripping:   1
    After scriptable stripping: 1
    Processed in 0.00 seconds
  Pass "" (vp)
    Target graphics API: dx11
    Full variant space:         1
    After settings filtering:   1
    After built-in stripping:   1
    After scriptable stripping: 1
    Processed in 0.00 seconds
    Target graphics API: dx12
    Full variant space:         1
    After settings filtering:   1
    After built-in stripping:   1
    After scriptable stripping: 1
    Processed in 0.00 seconds
  Pass "" (fp)
    Target graphics API: dx11
    Full variant space:         1
    After settings filtering:   1
    After built-in stripping:   1
    After scriptable stripping: 1
    Processed in 0.00 seconds
    Target graphics API: dx12
    Full variant space:         1
    After settings filtering:   1
    After built-in stripping:   1
    After scriptable stripping: 1
    Processed in 0.00 seconds
  Pass  (vp, dx11) finished in 0.01 seconds. Local cache hits 1 (0.00s CPU time), remote cache hits 0 (0.00s CPU time), compiled 0 variants (0.00s CPU time), skipped 0 variants.
  Pass  (vp, dx12) finished in 0.01 seconds. Local cache hits 1 (0.00s CPU time), remote cache hits 0 (0.00s CPU time), compiled 0 variants (0.00s CPU time), skipped 0 variants.
    Prepared data for serialisation in 0.00s
  Pass  (fp, dx11) finished in 0.01 seconds. Local cache hits 1 (0.00s CPU time), remote cache hits 0 (0.00s CPU time), compiled 0 variants (0.00s CPU time), skipped 0 variants.
  Pass  (fp, dx12) finished in 0.01 seconds. Local cache hits 1 (0.00s CPU time), remote cache hits 0 (0.00s CPU time), compiled 0 variants (0.00s CPU time), skipped 0 variants.
    Prepared data for serialisation in 0.00s
  Pass  (vp, dx11) finished in 0.01 seconds. Local cache hits 1 (0.00s CPU time), remote cache hits 0 (0.00s CPU time), compiled 0 variants (0.00s CPU time), skipped 0 variants.
  Pass  (vp, dx12) finished in 0.00 seconds. Local cache hits 1 (0.00s CPU time), remote cache hits 0 (0.00s CPU time), compiled 0 variants (0.00s CPU time), skipped 0 variants.
    Prepared data for serialisation in 0.00s
  Pass  (fp, dx11) finished in 0.00 seconds. Local cache hits 1 (0.00s CPU time), remote cache hits 0 (0.00s CPU time), compiled 0 variants (0.00s CPU time), skipped 0 variants.
  Pass  (fp, dx12) finished in 0.00 seconds. Local cache hits 1 (0.00s CPU time), remote cache hits 0 (0.00s CPU time), compiled 0 variants (0.00s CPU time), skipped 0 variants.
    Prepared data for serialisation in 0.00s
  Pass  (vp, dx11) finished in 0.00 seconds. Local cache hits 1 (0.00s CPU time), remote cache hits 0 (0.00s CPU time), compiled 0 variants (0.00s CPU time), skipped 0 variants.
  Pass  (vp, dx12) finished in 0.00 seconds. Local cache hits 1 (0.00s CPU time), remote cache hits 0 (0.00s CPU time), compiled 0 variants (0.00s CPU time), skipped 0 variants.
    Prepared data for serialisation in 0.00s
  Pass  (fp, dx11) finished in 0.00 seconds. Local cache hits 1 (0.00s CPU time), remote cache hits 0 (0.00s CPU time), compiled 0 variants (0.00s CPU time), skipped 0 variants.
  Pass  (fp, dx12) finished in 0.00 seconds. Local cache hits 1 (0.00s CPU time), remote cache hits 0 (0.00s CPU time), compiled 0 variants (0.00s CPU time), skipped 0 variants.
    Prepared data for serialisation in 0.00s
Serialized binary data for shader Hidden/Internal-MotionVectors in 0.00s
    dx11 (total internal programs: 6, unique: 5)
    dx12 (total internal programs: 6, unique: 5)
Compiling shader "Hidden/Internal-Flare"
  Pass "" (vp)
    Target graphics API: dx11
    Full variant space:         1
    After settings filtering:   1
    After built-in stripping:   1
    After scriptable stripping: 1
    Processed in 0.00 seconds
    Target graphics API: dx12
    Full variant space:         1
    After settings filtering:   1
    After built-in stripping:   1
    After scriptable stripping: 1
    Processed in 0.00 seconds
  Pass "" (fp)
    Target graphics API: dx11
    Full variant space:         1
    After settings filtering:   1
    After built-in stripping:   1
    After scriptable stripping: 1
    Processed in 0.00 seconds
    Target graphics API: dx12
    Full variant space:         1
    After settings filtering:   1
    After built-in stripping:   1
    After scriptable stripping: 1
    Processed in 0.00 seconds
  Pass  (vp, dx11) finished in 0.00 seconds. Local cache hits 1 (0.00s CPU time), remote cache hits 0 (0.00s CPU time), compiled 0 variants (0.00s CPU time), skipped 0 variants.
  Pass  (vp, dx12) finished in 0.00 seconds. Local cache hits 1 (0.00s CPU time), remote cache hits 0 (0.00s CPU time), compiled 0 variants (0.00s CPU time), skipped 0 variants.
    Prepared data for serialisation in 0.00s
  Pass  (fp, dx11) finished in 0.00 seconds. Local cache hits 1 (0.00s CPU time), remote cache hits 0 (0.00s CPU time), compiled 0 variants (0.00s CPU time), skipped 0 variants.
  Pass  (fp, dx12) finished in 0.00 seconds. Local cache hits 1 (0.00s CPU time), remote cache hits 0 (0.00s CPU time), compiled 0 variants (0.00s CPU time), skipped 0 variants.
    Prepared data for serialisation in 0.00s
Serialized binary data for shader Hidden/Internal-Flare in 0.00s
    dx11 (total internal programs: 2, unique: 2)
    dx12 (total internal programs: 2, unique: 2)
Compiling shader "Hidden/Internal-Halo"
  Pass "" (vp)
    Target graphics API: dx11
    Full variant space:         4
    After settings filtering:   4
    After built-in stripping:   1
    After scriptable stripping: 1
    Processed in 0.00 seconds
    Target graphics API: dx12
    Full variant space:         4
    After settings filtering:   4
    After built-in stripping:   1
    After scriptable stripping: 1
    Processed in 0.00 seconds
  Pass "" (fp)
    Target graphics API: dx11
    Full variant space:         4
    After settings filtering:   4
    After built-in stripping:   1
    After scriptable stripping: 1
    Processed in 0.00 seconds
    Target graphics API: dx12
    Full variant space:         4
    After settings filtering:   4
    After built-in stripping:   1
    After scriptable stripping: 1
    Processed in 0.00 seconds
  Pass  (vp, dx11) finished in 0.00 seconds. Local cache hits 1 (0.00s CPU time), remote cache hits 0 (0.00s CPU time), compiled 0 variants (0.00s CPU time), skipped 0 variants.
  Pass  (vp, dx12) finished in 0.00 seconds. Local cache hits 1 (0.00s CPU time), remote cache hits 0 (0.00s CPU time), compiled 0 variants (0.00s CPU time), skipped 0 variants.
    Prepared data for serialisation in 0.00s
  Pass  (fp, dx11) finished in 0.00 seconds. Local cache hits 1 (0.00s CPU time), remote cache hits 0 (0.00s CPU time), compiled 0 variants (0.00s CPU time), skipped 0 variants.
  Pass  (fp, dx12) finished in 0.00 seconds. Local cache hits 1 (0.00s CPU time), remote cache hits 0 (0.00s CPU time), compiled 0 variants (0.00s CPU time), skipped 0 variants.
    Prepared data for serialisation in 0.00s
Serialized binary data for shader Hidden/Internal-Halo in 0.00s
    dx11 (total internal programs: 2, unique: 2)
    dx12 (total internal programs: 2, unique: 2)
Compiling shader "Hidden/BlitCopyWithDepth"
  Pass "" (vp)
    Target graphics API: dx11
    Full variant space:         1
    After settings filtering:   1
    After built-in stripping:   1
    After scriptable stripping: 1
    Processed in 0.00 seconds
    Target graphics API: dx12
    Full variant space:         1
    After settings filtering:   1
    After built-in stripping:   1
    After scriptable stripping: 1
    Processed in 0.00 seconds
  Pass "" (fp)
    Target graphics API: dx11
    Full variant space:         1
    After settings filtering:   1
    After built-in stripping:   1
    After scriptable stripping: 1
    Processed in 0.00 seconds
    Target graphics API: dx12
    Full variant space:         1
    After settings filtering:   1
    After built-in stripping:   1
    After scriptable stripping: 1
    Processed in 0.00 seconds
  Pass  (vp, dx11) finished in 0.00 seconds. Local cache hits 1 (0.00s CPU time), remote cache hits 0 (0.00s CPU time), compiled 0 variants (0.00s CPU time), skipped 0 variants.
  Pass  (vp, dx12) finished in 0.00 seconds. Local cache hits 1 (0.00s CPU time), remote cache hits 0 (0.00s CPU time), compiled 0 variants (0.00s CPU time), skipped 0 variants.
    Prepared data for serialisation in 0.00s
  Pass  (fp, dx11) finished in 0.00 seconds. Local cache hits 1 (0.00s CPU time), remote cache hits 0 (0.00s CPU time), compiled 0 variants (0.00s CPU time), skipped 0 variants.
  Pass  (fp, dx12) finished in 0.00 seconds. Local cache hits 1 (0.00s CPU time), remote cache hits 0 (0.00s CPU time), compiled 0 variants (0.00s CPU time), skipped 0 variants.
    Prepared data for serialisation in 0.00s
Serialized binary data for shader Hidden/BlitCopyWithDepth in 0.00s
    dx11 (total internal programs: 2, unique: 2)
    dx12 (total internal programs: 2, unique: 2)
Compiling shader "Hidden/BlitToDepth"
  Pass "" (vp)
    Target graphics API: dx11
    Full variant space:         1
    After settings filtering:   1
    After built-in stripping:   1
    After scriptable stripping: 1
    Processed in 0.00 seconds
    Target graphics API: dx12
    Full variant space:         1
    After settings filtering:   1
    After built-in stripping:   1
    After scriptable stripping: 1
    Processed in 0.00 seconds
  Pass "" (fp)
    Target graphics API: dx11
    Full variant space:         1
    After settings filtering:   1
    After built-in stripping:   1
    After scriptable stripping: 1
    Processed in 0.00 seconds
    Target graphics API: dx12
    Full variant space:         1
    After settings filtering:   1
    After built-in stripping:   1
    After scriptable stripping: 1
    Processed in 0.00 seconds
  Pass  (vp, dx11) finished in 0.01 seconds. Local cache hits 1 (0.00s CPU time), remote cache hits 0 (0.00s CPU time), compiled 0 variants (0.00s CPU time), skipped 0 variants.
  Pass  (vp, dx12) finished in 0.01 seconds. Local cache hits 1 (0.00s CPU time), remote cache hits 0 (0.00s CPU time), compiled 0 variants (0.00s CPU time), skipped 0 variants.
    Prepared data for serialisation in 0.00s
  Pass  (fp, dx11) finished in 0.00 seconds. Local cache hits 1 (0.00s CPU time), remote cache hits 0 (0.00s CPU time), compiled 0 variants (0.00s CPU time), skipped 0 variants.
  Pass  (fp, dx12) finished in 0.00 seconds. Local cache hits 1 (0.00s CPU time), remote cache hits 0 (0.00s CPU time), compiled 0 variants (0.00s CPU time), skipped 0 variants.
    Prepared data for serialisation in 0.00s
Serialized binary data for shader Hidden/BlitToDepth in 0.00s
    dx11 (total internal programs: 2, unique: 2)
    dx12 (total internal programs: 2, unique: 2)
Compiling shader "Hidden/BlitToDepth_MSAA"
  Pass "" (vp)
    Target graphics API: dx11
    Full variant space:         1
    After settings filtering:   1
    After built-in stripping:   1
    After scriptable stripping: 1
    Processed in 0.00 seconds
    Target graphics API: dx12
    Full variant space:         1
    After settings filtering:   1
    After built-in stripping:   1
    After scriptable stripping: 1
    Processed in 0.00 seconds
  Pass "" (fp)
    Target graphics API: dx11
    Full variant space:         1
    After settings filtering:   1
    After built-in stripping:   1
    After scriptable stripping: 1
    Processed in 0.00 seconds
    Target graphics API: dx12
    Full variant space:         1
    After settings filtering:   1
    After built-in stripping:   1
    After scriptable stripping: 1
    Processed in 0.00 seconds
  Pass  (vp, dx11) finished in 0.00 seconds. Local cache hits 1 (0.00s CPU time), remote cache hits 0 (0.00s CPU time), compiled 0 variants (0.00s CPU time), skipped 0 variants.
  Pass  (vp, dx12) finished in 0.00 seconds. Local cache hits 1 (0.00s CPU time), remote cache hits 0 (0.00s CPU time), compiled 0 variants (0.00s CPU time), skipped 0 variants.
    Prepared data for serialisation in 0.00s
  Pass  (fp, dx11) finished in 0.00 seconds. Local cache hits 1 (0.00s CPU time), remote cache hits 0 (0.00s CPU time), compiled 0 variants (0.00s CPU time), skipped 0 variants.
  Pass  (fp, dx12) finished in 0.00 seconds. Local cache hits 1 (0.00s CPU time), remote cache hits 0 (0.00s CPU time), compiled 0 variants (0.00s CPU time), skipped 0 variants.
    Prepared data for serialisation in 0.00s
Serialized binary data for shader Hidden/BlitToDepth_MSAA in 0.00s
    dx11 (total internal programs: 2, unique: 2)
    dx12 (total internal programs: 2, unique: 2)
Compiling shader "Hidden/BlitCopyHDRTonemap"
  Pass "" (vp)
    Target graphics API: dx11
    Full variant space:         1
    After settings filtering:   1
    After built-in stripping:   1
    After scriptable stripping: 1
    Processed in 0.00 seconds
    Target graphics API: dx12
    Full variant space:         1
    After settings filtering:   1
    After built-in stripping:   1
    After scriptable stripping: 1
    Processed in 0.00 seconds
  Pass "" (fp)
    Target graphics API: dx11
    Full variant space:         1
    After settings filtering:   1
    After built-in stripping:   1
    After scriptable stripping: 1
    Processed in 0.00 seconds
    Target graphics API: dx12
    Full variant space:         1
    After settings filtering:   1
    After built-in stripping:   1
    After scriptable stripping: 1
    Processed in 0.00 seconds
  Pass  (vp, dx11) finished in 0.00 seconds. Local cache hits 1 (0.00s CPU time), remote cache hits 0 (0.00s CPU time), compiled 0 variants (0.00s CPU time), skipped 0 variants.
  Pass  (vp, dx12) finished in 0.00 seconds. Local cache hits 1 (0.00s CPU time), remote cache hits 0 (0.00s CPU time), compiled 0 variants (0.00s CPU time), skipped 0 variants.
    Prepared data for serialisation in 0.00s
  Pass  (fp, dx11) finished in 0.00 seconds. Local cache hits 1 (0.00s CPU time), remote cache hits 0 (0.00s CPU time), compiled 0 variants (0.00s CPU time), skipped 0 variants.
  Pass  (fp, dx12) finished in 0.00 seconds. Local cache hits 1 (0.00s CPU time), remote cache hits 0 (0.00s CPU time), compiled 0 variants (0.00s CPU time), skipped 0 variants.
    Prepared data for serialisation in 0.00s
Serialized binary data for shader Hidden/BlitCopyHDRTonemap in 0.00s
    dx11 (total internal programs: 2, unique: 2)
    dx12 (total internal programs: 2, unique: 2)
Compiling shader "Hidden/Internal-DebugPattern"
  Pass "Target Color and DepthStencil" (vp)
    Target graphics API: dx11
    Full variant space:         1
    After settings filtering:   1
    After built-in stripping:   1
    After scriptable stripping: 1
    Processed in 0.00 seconds
    Target graphics API: dx12
    Full variant space:         1
    After settings filtering:   1
    After built-in stripping:   1
    After scriptable stripping: 1
    Processed in 0.00 seconds
  Pass "Target Color and DepthStencil" (fp)
    Target graphics API: dx11
    Full variant space:         1
    After settings filtering:   1
    After built-in stripping:   1
    After scriptable stripping: 1
    Processed in 0.00 seconds
    Target graphics API: dx12
    Full variant space:         1
    After settings filtering:   1
    After built-in stripping:   1
    After scriptable stripping: 1
    Processed in 0.00 seconds
  Pass "Target only Color" (vp)
    Target graphics API: dx11
    Full variant space:         1
    After settings filtering:   1
    After built-in stripping:   1
    After scriptable stripping: 1
    Processed in 0.00 seconds
    Target graphics API: dx12
    Full variant space:         1
    After settings filtering:   1
    After built-in stripping:   1
    After scriptable stripping: 1
    Processed in 0.00 seconds
  Pass "Target only Color" (fp)
    Target graphics API: dx11
    Full variant space:         1
    After settings filtering:   1
    After built-in stripping:   1
    After scriptable stripping: 1
    Processed in 0.00 seconds
    Target graphics API: dx12
    Full variant space:         1
    After settings filtering:   1
    After built-in stripping:   1
    After scriptable stripping: 1
    Processed in 0.00 seconds
  Pass "Target only DepthStencil" (vp)
    Target graphics API: dx11
    Full variant space:         1
    After settings filtering:   1
    After built-in stripping:   1
    After scriptable stripping: 1
    Processed in 0.00 seconds
    Target graphics API: dx12
    Full variant space:         1
    After settings filtering:   1
    After built-in stripping:   1
    After scriptable stripping: 1
    Processed in 0.00 seconds
  Pass "Target only DepthStencil" (fp)
    Target graphics API: dx11
    Full variant space:         1
    After settings filtering:   1
    After built-in stripping:   1
    After scriptable stripping: 1
    Processed in 0.00 seconds
    Target graphics API: dx12
    Full variant space:         1
    After settings filtering:   1
    After built-in stripping:   1
    After scriptable stripping: 1
    Processed in 0.00 seconds
  Pass Target Color and DepthStencil (vp, dx11) finished in 0.00 seconds. Local cache hits 1 (0.00s CPU time), remote cache hits 0 (0.00s CPU time), compiled 0 variants (0.00s CPU time), skipped 0 variants.
  Pass Target Color and DepthStencil (vp, dx12) finished in 0.00 seconds. Local cache hits 1 (0.00s CPU time), remote cache hits 0 (0.00s CPU time), compiled 0 variants (0.00s CPU time), skipped 0 variants.
    Prepared data for serialisation in 0.00s
  Pass Target Color and DepthStencil (fp, dx11) finished in 0.00 seconds. Local cache hits 1 (0.00s CPU time), remote cache hits 0 (0.00s CPU time), compiled 0 variants (0.00s CPU time), skipped 0 variants.
  Pass Target Color and DepthStencil (fp, dx12) finished in 0.00 seconds. Local cache hits 1 (0.00s CPU time), remote cache hits 0 (0.00s CPU time), compiled 0 variants (0.00s CPU time), skipped 0 variants.
    Prepared data for serialisation in 0.00s
  Pass Target only Color (vp, dx11) finished in 0.00 seconds. Local cache hits 1 (0.00s CPU time), remote cache hits 0 (0.00s CPU time), compiled 0 variants (0.00s CPU time), skipped 0 variants.
  Pass Target only Color (vp, dx12) finished in 0.01 seconds. Local cache hits 1 (0.00s CPU time), remote cache hits 0 (0.00s CPU time), compiled 0 variants (0.00s CPU time), skipped 0 variants.
    Prepared data for serialisation in 0.00s
  Pass Target only Color (fp, dx11) finished in 0.01 seconds. Local cache hits 1 (0.00s CPU time), remote cache hits 0 (0.00s CPU time), compiled 0 variants (0.00s CPU time), skipped 0 variants.
  Pass Target only Color (fp, dx12) finished in 0.01 seconds. Local cache hits 1 (0.00s CPU time), remote cache hits 0 (0.00s CPU time), compiled 0 variants (0.00s CPU time), skipped 0 variants.
    Prepared data for serialisation in 0.00s
  Pass Target only DepthStencil (vp, dx11) finished in 0.01 seconds. Local cache hits 1 (0.00s CPU time), remote cache hits 0 (0.00s CPU time), compiled 0 variants (0.00s CPU time), skipped 0 variants.
  Pass Target only DepthStencil (vp, dx12) finished in 0.01 seconds. Local cache hits 1 (0.00s CPU time), remote cache hits 0 (0.00s CPU time), compiled 0 variants (0.00s CPU time), skipped 0 variants.
    Prepared data for serialisation in 0.00s
  Pass Target only DepthStencil (fp, dx11) finished in 0.01 seconds. Local cache hits 1 (0.00s CPU time), remote cache hits 0 (0.00s CPU time), compiled 0 variants (0.00s CPU time), skipped 0 variants.
  Pass Target only DepthStencil (fp, dx12) finished in 0.01 seconds. Local cache hits 1 (0.00s CPU time), remote cache hits 0 (0.00s CPU time), compiled 0 variants (0.00s CPU time), skipped 0 variants.
    Prepared data for serialisation in 0.00s
Serialized binary data for shader Hidden/Internal-DebugPattern in 0.00s
    dx11 (total internal programs: 6, unique: 4)
    dx12 (total internal programs: 6, unique: 4)
Compiling shader "Particles/Standard Unlit"
  Pass "ShadowCaster" (vp)
    Target graphics API: dx11
    Full variant space:         6
    After settings filtering:   6
    After built-in stripping:   4
    After scriptable stripping: 4
    Processed in 0.00 seconds
    Target graphics API: dx12
    Full variant space:         6
    After settings filtering:   6
    After built-in stripping:   4
    After scriptable stripping: 4
    Processed in 0.00 seconds
  Pass "ShadowCaster" (fp)
    Target graphics API: dx11
    Full variant space:         6
    After settings filtering:   6
    After built-in stripping:   4
    After scriptable stripping: 4
    Processed in 0.00 seconds
    Target graphics API: dx12
    Full variant space:         6
    After settings filtering:   6
    After built-in stripping:   4
    After scriptable stripping: 4
    Processed in 0.00 seconds
  Pass "" (vp)
    Target graphics API: dx11
    Full variant space:         24
    After settings filtering:   24
    After built-in stripping:   4
    After scriptable stripping: 4
    Processed in 0.00 seconds
    Target graphics API: dx12
    Full variant space:         24
    After settings filtering:   24
    After built-in stripping:   4
    After scriptable stripping: 4
    Processed in 0.00 seconds
  Pass "" (fp)
    Target graphics API: dx11
    Full variant space:         24
    After settings filtering:   24
    After built-in stripping:   4
    After scriptable stripping: 4
    Processed in 0.00 seconds
    Target graphics API: dx12
    Full variant space:         24
    After settings filtering:   24
    After built-in stripping:   4
    After scriptable stripping: 4
    Processed in 0.00 seconds
  Pass ShadowCaster (vp, dx11) finished in 0.00 seconds. Local cache hits 4 (0.00s CPU time), remote cache hits 0 (0.00s CPU time), compiled 0 variants (0.00s CPU time), skipped 0 variants.
  Pass ShadowCaster (vp, dx12) finished in 0.00 seconds. Local cache hits 4 (0.00s CPU time), remote cache hits 0 (0.00s CPU time), compiled 0 variants (0.00s CPU time), skipped 0 variants.
    Prepared data for serialisation in 0.00s
  Pass ShadowCaster (fp, dx11) finished in 0.00 seconds. Local cache hits 4 (0.00s CPU time), remote cache hits 0 (0.00s CPU time), compiled 0 variants (0.00s CPU time), skipped 0 variants.
  Pass ShadowCaster (fp, dx12) finished in 0.00 seconds. Local cache hits 4 (0.00s CPU time), remote cache hits 0 (0.00s CPU time), compiled 0 variants (0.00s CPU time), skipped 0 variants.
    Prepared data for serialisation in 0.00s
  Pass  (vp, dx11) finished in 0.00 seconds. Local cache hits 4 (0.00s CPU time), remote cache hits 0 (0.00s CPU time), compiled 0 variants (0.00s CPU time), skipped 0 variants.
  Pass  (vp, dx12) finished in 0.00 seconds. Local cache hits 4 (0.00s CPU time), remote cache hits 0 (0.00s CPU time), compiled 0 variants (0.00s CPU time), skipped 0 variants.
    Prepared data for serialisation in 0.00s
  Pass  (fp, dx11) finished in 0.00 seconds. Local cache hits 4 (0.00s CPU time), remote cache hits 0 (0.00s CPU time), compiled 0 variants (0.00s CPU time), skipped 0 variants.
  Pass  (fp, dx12) finished in 0.00 seconds. Local cache hits 4 (0.00s CPU time), remote cache hits 0 (0.00s CPU time), compiled 0 variants (0.00s CPU time), skipped 0 variants.
    Prepared data for serialisation in 0.00s
Serialized binary data for shader Particles/Standard Unlit in 0.00s
    dx11 (total internal programs: 16, unique: 16)
    dx12 (total internal programs: 16, unique: 16)
Compiling shader "Hidden/Internal-GUITextureClip"
  Pass "" (vp)
    Target graphics API: dx11
    Full variant space:         1
    After settings filtering:   1
    After built-in stripping:   1
    After scriptable stripping: 1
    Processed in 0.00 seconds
    Target graphics API: dx12
    Full variant space:         1
    After settings filtering:   1
    After built-in stripping:   1
    After scriptable stripping: 1
    Processed in 0.00 seconds
  Pass "" (fp)
    Target graphics API: dx11
    Full variant space:         1
    After settings filtering:   1
    After built-in stripping:   1
    After scriptable stripping: 1
    Processed in 0.00 seconds
    Target graphics API: dx12
    Full variant space:         1
    After settings filtering:   1
    After built-in stripping:   1
    After scriptable stripping: 1
    Processed in 0.00 seconds
  Pass "" (vp)
    Target graphics API: dx11
    Full variant space:         1
    After settings filtering:   1
    After built-in stripping:   1
    After scriptable stripping: 1
    Processed in 0.00 seconds
    Target graphics API: dx12
    Full variant space:         1
    After settings filtering:   1
    After built-in stripping:   1
    After scriptable stripping: 1
    Processed in 0.00 seconds
  Pass "" (fp)
    Target graphics API: dx11
    Full variant space:         1
    After settings filtering:   1
    After built-in stripping:   1
    After scriptable stripping: 1
    Processed in 0.00 seconds
    Target graphics API: dx12
    Full variant space:         1
    After settings filtering:   1
    After built-in stripping:   1
    After scriptable stripping: 1
    Processed in 0.00 seconds
  Pass  (vp, dx11) finished in 0.00 seconds. Local cache hits 1 (0.00s CPU time), remote cache hits 0 (0.00s CPU time), compiled 0 variants (0.00s CPU time), skipped 0 variants.
  Pass  (vp, dx12) finished in 0.00 seconds. Local cache hits 1 (0.00s CPU time), remote cache hits 0 (0.00s CPU time), compiled 0 variants (0.00s CPU time), skipped 0 variants.
    Prepared data for serialisation in 0.00s
  Pass  (fp, dx11) finished in 0.00 seconds. Local cache hits 1 (0.00s CPU time), remote cache hits 0 (0.00s CPU time), compiled 0 variants (0.00s CPU time), skipped 0 variants.
  Pass  (fp, dx12) finished in 0.00 seconds. Local cache hits 1 (0.00s CPU time), remote cache hits 0 (0.00s CPU time), compiled 0 variants (0.00s CPU time), skipped 0 variants.
    Prepared data for serialisation in 0.00s
  Pass  (vp, dx11) finished in 0.00 seconds. Local cache hits 1 (0.00s CPU time), remote cache hits 0 (0.00s CPU time), compiled 0 variants (0.00s CPU time), skipped 0 variants.
  Pass  (vp, dx12) finished in 0.00 seconds. Local cache hits 1 (0.00s CPU time), remote cache hits 0 (0.00s CPU time), compiled 0 variants (0.00s CPU time), skipped 0 variants.
    Prepared data for serialisation in 0.00s
  Pass  (fp, dx11) finished in 0.00 seconds. Local cache hits 1 (0.00s CPU time), remote cache hits 0 (0.00s CPU time), compiled 0 variants (0.00s CPU time), skipped 0 variants.
  Pass  (fp, dx12) finished in 0.00 seconds. Local cache hits 1 (0.00s CPU time), remote cache hits 0 (0.00s CPU time), compiled 0 variants (0.00s CPU time), skipped 0 variants.
    Prepared data for serialisation in 0.00s
Serialized binary data for shader Hidden/Internal-GUITextureClip in 0.00s
    dx11 (total internal programs: 4, unique: 2)
    dx12 (total internal programs: 4, unique: 2)
Compiling shader "Hidden/Internal-GUITextureClipText"
  Pass "" (vp)
    Target graphics API: dx11
    Full variant space:         1
    After settings filtering:   1
    After built-in stripping:   1
    After scriptable stripping: 1
    Processed in 0.00 seconds
    Target graphics API: dx12
    Full variant space:         1
    After settings filtering:   1
    After built-in stripping:   1
    After scriptable stripping: 1
    Processed in 0.00 seconds
  Pass "" (fp)
    Target graphics API: dx11
    Full variant space:         1
    After settings filtering:   1
    After built-in stripping:   1
    After scriptable stripping: 1
    Processed in 0.00 seconds
    Target graphics API: dx12
    Full variant space:         1
    After settings filtering:   1
    After built-in stripping:   1
    After scriptable stripping: 1
    Processed in 0.00 seconds
  Pass "" (vp)
    Target graphics API: dx11
    Full variant space:         1
    After settings filtering:   1
    After built-in stripping:   1
    After scriptable stripping: 1
    Processed in 0.00 seconds
    Target graphics API: dx12
    Full variant space:         1
    After settings filtering:   1
    After built-in stripping:   1
    After scriptable stripping: 1
    Processed in 0.00 seconds
  Pass "" (fp)
    Target graphics API: dx11
    Full variant space:         1
    After settings filtering:   1
    After built-in stripping:   1
    After scriptable stripping: 1
    Processed in 0.00 seconds
    Target graphics API: dx12
    Full variant space:         1
    After settings filtering:   1
    After built-in stripping:   1
    After scriptable stripping: 1
    Processed in 0.00 seconds
  Pass  (vp, dx11) finished in 0.01 seconds. Local cache hits 1 (0.00s CPU time), remote cache hits 0 (0.00s CPU time), compiled 0 variants (0.00s CPU time), skipped 0 variants.
  Pass  (vp, dx12) finished in 0.01 seconds. Local cache hits 1 (0.00s CPU time), remote cache hits 0 (0.00s CPU time), compiled 0 variants (0.00s CPU time), skipped 0 variants.
    Prepared data for serialisation in 0.00s
  Pass  (fp, dx11) finished in 0.01 seconds. Local cache hits 1 (0.00s CPU time), remote cache hits 0 (0.00s CPU time), compiled 0 variants (0.00s CPU time), skipped 0 variants.
  Pass  (fp, dx12) finished in 0.01 seconds. Local cache hits 1 (0.00s CPU time), remote cache hits 0 (0.00s CPU time), compiled 0 variants (0.00s CPU time), skipped 0 variants.
    Prepared data for serialisation in 0.00s
  Pass  (vp, dx11) finished in 0.00 seconds. Local cache hits 1 (0.00s CPU time), remote cache hits 0 (0.00s CPU time), compiled 0 variants (0.00s CPU time), skipped 0 variants.
  Pass  (vp, dx12) finished in 0.00 seconds. Local cache hits 1 (0.00s CPU time), remote cache hits 0 (0.00s CPU time), compiled 0 variants (0.00s CPU time), skipped 0 variants.
    Prepared data for serialisation in 0.00s
  Pass  (fp, dx11) finished in 0.00 seconds. Local cache hits 1 (0.00s CPU time), remote cache hits 0 (0.00s CPU time), compiled 0 variants (0.00s CPU time), skipped 0 variants.
  Pass  (fp, dx12) finished in 0.00 seconds. Local cache hits 1 (0.00s CPU time), remote cache hits 0 (0.00s CPU time), compiled 0 variants (0.00s CPU time), skipped 0 variants.
    Prepared data for serialisation in 0.00s
Serialized binary data for shader Hidden/Internal-GUITextureClipText in 0.00s
    dx11 (total internal programs: 4, unique: 2)
    dx12 (total internal programs: 4, unique: 2)
Compiling shader "Hidden/Internal-GUITexture"
  Pass "" (vp)
    Target graphics API: dx11
    Full variant space:         1
    After settings filtering:   1
    After built-in stripping:   1
    After scriptable stripping: 1
    Processed in 0.00 seconds
    Target graphics API: dx12
    Full variant space:         1
    After settings filtering:   1
    After built-in stripping:   1
    After scriptable stripping: 1
    Processed in 0.00 seconds
  Pass "" (fp)
    Target graphics API: dx11
    Full variant space:         1
    After settings filtering:   1
    After built-in stripping:   1
    After scriptable stripping: 1
    Processed in 0.00 seconds
    Target graphics API: dx12
    Full variant space:         1
    After settings filtering:   1
    After built-in stripping:   1
    After scriptable stripping: 1
    Processed in 0.00 seconds
  Pass "" (vp)
    Target graphics API: dx11
    Full variant space:         1
    After settings filtering:   1
    After built-in stripping:   1
    After scriptable stripping: 1
    Processed in 0.00 seconds
    Target graphics API: dx12
    Full variant space:         1
    After settings filtering:   1
    After built-in stripping:   1
    After scriptable stripping: 1
    Processed in 0.00 seconds
  Pass "" (fp)
    Target graphics API: dx11
    Full variant space:         1
    After settings filtering:   1
    After built-in stripping:   1
    After scriptable stripping: 1
    Processed in 0.00 seconds
    Target graphics API: dx12
    Full variant space:         1
    After settings filtering:   1
    After built-in stripping:   1
    After scriptable stripping: 1
    Processed in 0.00 seconds
  Pass  (vp, dx11) finished in 0.00 seconds. Local cache hits 1 (0.00s CPU time), remote cache hits 0 (0.00s CPU time), compiled 0 variants (0.00s CPU time), skipped 0 variants.
  Pass  (vp, dx12) finished in 0.00 seconds. Local cache hits 1 (0.00s CPU time), remote cache hits 0 (0.00s CPU time), compiled 0 variants (0.00s CPU time), skipped 0 variants.
    Prepared data for serialisation in 0.00s
  Pass  (fp, dx11) finished in 0.00 seconds. Local cache hits 1 (0.00s CPU time), remote cache hits 0 (0.00s CPU time), compiled 0 variants (0.00s CPU time), skipped 0 variants.
  Pass  (fp, dx12) finished in 0.00 seconds. Local cache hits 1 (0.00s CPU time), remote cache hits 0 (0.00s CPU time), compiled 0 variants (0.00s CPU time), skipped 0 variants.
    Prepared data for serialisation in 0.00s
  Pass  (vp, dx11) finished in 0.00 seconds. Local cache hits 1 (0.00s CPU time), remote cache hits 0 (0.00s CPU time), compiled 0 variants (0.00s CPU time), skipped 0 variants.
  Pass  (vp, dx12) finished in 0.00 seconds. Local cache hits 1 (0.00s CPU time), remote cache hits 0 (0.00s CPU time), compiled 0 variants (0.00s CPU time), skipped 0 variants.
    Prepared data for serialisation in 0.00s
  Pass  (fp, dx11) finished in 0.00 seconds. Local cache hits 1 (0.00s CPU time), remote cache hits 0 (0.00s CPU time), compiled 0 variants (0.00s CPU time), skipped 0 variants.
  Pass  (fp, dx12) finished in 0.00 seconds. Local cache hits 1 (0.00s CPU time), remote cache hits 0 (0.00s CPU time), compiled 0 variants (0.00s CPU time), skipped 0 variants.
    Prepared data for serialisation in 0.00s
Serialized binary data for shader Hidden/Internal-GUITexture in 0.00s
    dx11 (total internal programs: 4, unique: 2)
    dx12 (total internal programs: 4, unique: 2)
Compiling shader "Hidden/Internal-GUITextureBlit"
  Pass "" (vp)
    Target graphics API: dx11
    Full variant space:         1
    After settings filtering:   1
    After built-in stripping:   1
    After scriptable stripping: 1
    Processed in 0.00 seconds
    Target graphics API: dx12
    Full variant space:         1
    After settings filtering:   1
    After built-in stripping:   1
    After scriptable stripping: 1
    Processed in 0.00 seconds
  Pass "" (fp)
    Target graphics API: dx11
    Full variant space:         1
    After settings filtering:   1
    After built-in stripping:   1
    After scriptable stripping: 1
    Processed in 0.00 seconds
    Target graphics API: dx12
    Full variant space:         1
    After settings filtering:   1
    After built-in stripping:   1
    After scriptable stripping: 1
    Processed in 0.00 seconds
  Pass "" (vp)
    Target graphics API: dx11
    Full variant space:         1
    After settings filtering:   1
    After built-in stripping:   1
    After scriptable stripping: 1
    Processed in 0.00 seconds
    Target graphics API: dx12
    Full variant space:         1
    After settings filtering:   1
    After built-in stripping:   1
    After scriptable stripping: 1
    Processed in 0.00 seconds
  Pass "" (fp)
    Target graphics API: dx11
    Full variant space:         1
    After settings filtering:   1
    After built-in stripping:   1
    After scriptable stripping: 1
    Processed in 0.00 seconds
    Target graphics API: dx12
    Full variant space:         1
    After settings filtering:   1
    After built-in stripping:   1
    After scriptable stripping: 1
    Processed in 0.00 seconds
  Pass  (vp, dx11) finished in 0.00 seconds. Local cache hits 1 (0.00s CPU time), remote cache hits 0 (0.00s CPU time), compiled 0 variants (0.00s CPU time), skipped 0 variants.
  Pass  (vp, dx12) finished in 0.00 seconds. Local cache hits 1 (0.00s CPU time), remote cache hits 0 (0.00s CPU time), compiled 0 variants (0.00s CPU time), skipped 0 variants.
    Prepared data for serialisation in 0.00s
  Pass  (fp, dx11) finished in 0.00 seconds. Local cache hits 1 (0.00s CPU time), remote cache hits 0 (0.00s CPU time), compiled 0 variants (0.00s CPU time), skipped 0 variants.
  Pass  (fp, dx12) finished in 0.00 seconds. Local cache hits 1 (0.00s CPU time), remote cache hits 0 (0.00s CPU time), compiled 0 variants (0.00s CPU time), skipped 0 variants.
    Prepared data for serialisation in 0.00s
  Pass  (vp, dx11) finished in 0.00 seconds. Local cache hits 1 (0.00s CPU time), remote cache hits 0 (0.00s CPU time), compiled 0 variants (0.00s CPU time), skipped 0 variants.
  Pass  (vp, dx12) finished in 0.00 seconds. Local cache hits 1 (0.00s CPU time), remote cache hits 0 (0.00s CPU time), compiled 0 variants (0.00s CPU time), skipped 0 variants.
    Prepared data for serialisation in 0.00s
  Pass  (fp, dx11) finished in 0.00 seconds. Local cache hits 1 (0.00s CPU time), remote cache hits 0 (0.00s CPU time), compiled 0 variants (0.00s CPU time), skipped 0 variants.
  Pass  (fp, dx12) finished in 0.00 seconds. Local cache hits 1 (0.00s CPU time), remote cache hits 0 (0.00s CPU time), compiled 0 variants (0.00s CPU time), skipped 0 variants.
    Prepared data for serialisation in 0.00s
Serialized binary data for shader Hidden/Internal-GUITextureBlit in 0.00s
    dx11 (total internal programs: 4, unique: 2)
    dx12 (total internal programs: 4, unique: 2)
Compiling shader "Hidden/Internal-GUIRoundedRect"
  Pass "" (vp)
    Target graphics API: dx11
    Full variant space:         1
    After settings filtering:   1
    After built-in stripping:   1
    After scriptable stripping: 1
    Processed in 0.00 seconds
    Target graphics API: dx12
    Full variant space:         1
    After settings filtering:   1
    After built-in stripping:   1
    After scriptable stripping: 1
    Processed in 0.00 seconds
  Pass "" (fp)
    Target graphics API: dx11
    Full variant space:         1
    After settings filtering:   1
    After built-in stripping:   1
    After scriptable stripping: 1
    Processed in 0.00 seconds
    Target graphics API: dx12
    Full variant space:         1
    After settings filtering:   1
    After built-in stripping:   1
    After scriptable stripping: 1
    Processed in 0.00 seconds
  Pass "" (vp)
    Target graphics API: dx11
    Full variant space:         1
    After settings filtering:   1
    After built-in stripping:   1
    After scriptable stripping: 1
    Processed in 0.00 seconds
    Target graphics API: dx12
    Full variant space:         1
    After settings filtering:   1
    After built-in stripping:   1
    After scriptable stripping: 1
    Processed in 0.00 seconds
  Pass "" (fp)
    Target graphics API: dx11
    Full variant space:         1
    After settings filtering:   1
    After built-in stripping:   1
    After scriptable stripping: 1
    Processed in 0.00 seconds
    Target graphics API: dx12
    Full variant space:         1
    After settings filtering:   1
    After built-in stripping:   1
    After scriptable stripping: 1
    Processed in 0.00 seconds
  Pass  (vp, dx11) finished in 0.01 seconds. Local cache hits 1 (0.00s CPU time), remote cache hits 0 (0.00s CPU time), compiled 0 variants (0.00s CPU time), skipped 0 variants.
  Pass  (vp, dx12) finished in 0.00 seconds. Local cache hits 1 (0.00s CPU time), remote cache hits 0 (0.00s CPU time), compiled 0 variants (0.00s CPU time), skipped 0 variants.
    Prepared data for serialisation in 0.00s
  Pass  (fp, dx11) finished in 0.00 seconds. Local cache hits 1 (0.00s CPU time), remote cache hits 0 (0.00s CPU time), compiled 0 variants (0.00s CPU time), skipped 0 variants.
  Pass  (fp, dx12) finished in 0.00 seconds. Local cache hits 1 (0.00s CPU time), remote cache hits 0 (0.00s CPU time), compiled 0 variants (0.00s CPU time), skipped 0 variants.
    Prepared data for serialisation in 0.00s
  Pass  (vp, dx11) finished in 0.00 seconds. Local cache hits 1 (0.00s CPU time), remote cache hits 0 (0.00s CPU time), compiled 0 variants (0.00s CPU time), skipped 0 variants.
  Pass  (vp, dx12) finished in 0.00 seconds. Local cache hits 1 (0.00s CPU time), remote cache hits 0 (0.00s CPU time), compiled 0 variants (0.00s CPU time), skipped 0 variants.
    Prepared data for serialisation in 0.00s
  Pass  (fp, dx11) finished in 0.00 seconds. Local cache hits 1 (0.00s CPU time), remote cache hits 0 (0.00s CPU time), compiled 0 variants (0.00s CPU time), skipped 0 variants.
  Pass  (fp, dx12) finished in 0.00 seconds. Local cache hits 1 (0.00s CPU time), remote cache hits 0 (0.00s CPU time), compiled 0 variants (0.00s CPU time), skipped 0 variants.
    Prepared data for serialisation in 0.00s
Serialized binary data for shader Hidden/Internal-GUIRoundedRect in 0.00s
    dx11 (total internal programs: 4, unique: 2)
    dx12 (total internal programs: 4, unique: 2)
Compiling shader "Hidden/Internal-GUIRoundedRectWithColorPerBorder"
  Pass "" (vp)
    Target graphics API: dx11
    Full variant space:         1
    After settings filtering:   1
    After built-in stripping:   1
    After scriptable stripping: 1
    Processed in 0.00 seconds
    Target graphics API: dx12
    Full variant space:         1
    After settings filtering:   1
    After built-in stripping:   1
    After scriptable stripping: 1
    Processed in 0.00 seconds
  Pass "" (fp)
    Target graphics API: dx11
    Full variant space:         1
    After settings filtering:   1
    After built-in stripping:   1
    After scriptable stripping: 1
    Processed in 0.00 seconds
    Target graphics API: dx12
    Full variant space:         1
    After settings filtering:   1
    After built-in stripping:   1
    After scriptable stripping: 1
    Processed in 0.00 seconds
  Pass "" (vp)
    Target graphics API: dx11
    Full variant space:         1
    After settings filtering:   1
    After built-in stripping:   1
    After scriptable stripping: 1
    Processed in 0.00 seconds
    Target graphics API: dx12
    Full variant space:         1
    After settings filtering:   1
    After built-in stripping:   1
    After scriptable stripping: 1
    Processed in 0.00 seconds
  Pass "" (fp)
    Target graphics API: dx11
    Full variant space:         1
    After settings filtering:   1
    After built-in stripping:   1
    After scriptable stripping: 1
    Processed in 0.00 seconds
    Target graphics API: dx12
    Full variant space:         1
    After settings filtering:   1
    After built-in stripping:   1
    After scriptable stripping: 1
    Processed in 0.00 seconds
  Pass  (vp, dx11) finished in 0.00 seconds. Local cache hits 1 (0.00s CPU time), remote cache hits 0 (0.00s CPU time), compiled 0 variants (0.00s CPU time), skipped 0 variants.
  Pass  (vp, dx12) finished in 0.00 seconds. Local cache hits 1 (0.00s CPU time), remote cache hits 0 (0.00s CPU time), compiled 0 variants (0.00s CPU time), skipped 0 variants.
    Prepared data for serialisation in 0.00s
  Pass  (fp, dx11) finished in 0.00 seconds. Local cache hits 1 (0.00s CPU time), remote cache hits 0 (0.00s CPU time), compiled 0 variants (0.00s CPU time), skipped 0 variants.
  Pass  (fp, dx12) finished in 0.00 seconds. Local cache hits 1 (0.00s CPU time), remote cache hits 0 (0.00s CPU time), compiled 0 variants (0.00s CPU time), skipped 0 variants.
    Prepared data for serialisation in 0.00s
  Pass  (vp, dx11) finished in 0.00 seconds. Local cache hits 1 (0.00s CPU time), remote cache hits 0 (0.00s CPU time), compiled 0 variants (0.00s CPU time), skipped 0 variants.
  Pass  (vp, dx12) finished in 0.00 seconds. Local cache hits 1 (0.00s CPU time), remote cache hits 0 (0.00s CPU time), compiled 0 variants (0.00s CPU time), skipped 0 variants.
    Prepared data for serialisation in 0.00s
  Pass  (fp, dx11) finished in 0.00 seconds. Local cache hits 1 (0.00s CPU time), remote cache hits 0 (0.00s CPU time), compiled 0 variants (0.00s CPU time), skipped 0 variants.
  Pass  (fp, dx12) finished in 0.00 seconds. Local cache hits 1 (0.00s CPU time), remote cache hits 0 (0.00s CPU time), compiled 0 variants (0.00s CPU time), skipped 0 variants.
    Prepared data for serialisation in 0.00s
Serialized binary data for shader Hidden/Internal-GUIRoundedRectWithColorPerBorder in 0.00s
    dx11 (total internal programs: 4, unique: 2)
    dx12 (total internal programs: 4, unique: 2)
Compiling shader "Hidden/Internal-UIRDefault"
  Pass "" (vp)
    Target graphics API: dx11
    Full variant space:         40
    After settings filtering:   40
    After built-in stripping:   40
    After scriptable stripping: 40
    Processed in 0.00 seconds
    Target graphics API: dx12
    Full variant space:         40
    After settings filtering:   40
    After built-in stripping:   40
    After scriptable stripping: 40
    Processed in 0.00 seconds
  Pass "" (fp)
    Target graphics API: dx11
    Full variant space:         40
    After settings filtering:   40
    After built-in stripping:   40
    After scriptable stripping: 40
    Processed in 0.00 seconds
    Target graphics API: dx12
    Full variant space:         40
    After settings filtering:   40
    After built-in stripping:   40
    After scriptable stripping: 40
    Processed in 0.00 seconds
  Pass  (vp, dx11) finished in 0.00 seconds. Local cache hits 40 (0.00s CPU time), remote cache hits 0 (0.00s CPU time), compiled 0 variants (0.00s CPU time), skipped 0 variants.
  Pass  (vp, dx12) finished in 0.00 seconds. Local cache hits 40 (0.00s CPU time), remote cache hits 0 (0.00s CPU time), compiled 0 variants (0.00s CPU time), skipped 0 variants.
    Prepared data for serialisation in 0.00s
  Pass  (fp, dx11) finished in 0.00 seconds. Local cache hits 40 (0.00s CPU time), remote cache hits 0 (0.00s CPU time), compiled 0 variants (0.00s CPU time), skipped 0 variants.
  Pass  (fp, dx12) finished in 0.00 seconds. Local cache hits 40 (0.00s CPU time), remote cache hits 0 (0.00s CPU time), compiled 0 variants (0.00s CPU time), skipped 0 variants.
    Prepared data for serialisation in 0.00s
Serialized binary data for shader Hidden/Internal-UIRDefault in 0.00s
    dx11 (total internal programs: 80, unique: 80)
    dx12 (total internal programs: 80, unique: 80)
Compiling shader "Hidden/Internal-UIRAtlasBlitCopy"
  Pass "" (vp)
    Target graphics API: dx11
    Full variant space:         1
    After settings filtering:   1
    After built-in stripping:   1
    After scriptable stripping: 1
    Processed in 0.00 seconds
    Target graphics API: dx12
    Full variant space:         1
    After settings filtering:   1
    After built-in stripping:   1
    After scriptable stripping: 1
    Processed in 0.00 seconds
  Pass "" (fp)
    Target graphics API: dx11
    Full variant space:         1
    After settings filtering:   1
    After built-in stripping:   1
    After scriptable stripping: 1
    Processed in 0.00 seconds
    Target graphics API: dx12
    Full variant space:         1
    After settings filtering:   1
    After built-in stripping:   1
    After scriptable stripping: 1
    Processed in 0.00 seconds
  Pass  (vp, dx11) finished in 0.00 seconds. Local cache hits 1 (0.00s CPU time), remote cache hits 0 (0.00s CPU time), compiled 0 variants (0.00s CPU time), skipped 0 variants.
  Pass  (vp, dx12) finished in 0.00 seconds. Local cache hits 1 (0.00s CPU time), remote cache hits 0 (0.00s CPU time), compiled 0 variants (0.00s CPU time), skipped 0 variants.
    Prepared data for serialisation in 0.00s
  Pass  (fp, dx11) finished in 0.00 seconds. Local cache hits 1 (0.00s CPU time), remote cache hits 0 (0.00s CPU time), compiled 0 variants (0.00s CPU time), skipped 0 variants.
  Pass  (fp, dx12) finished in 0.00 seconds. Local cache hits 1 (0.00s CPU time), remote cache hits 0 (0.00s CPU time), compiled 0 variants (0.00s CPU time), skipped 0 variants.
    Prepared data for serialisation in 0.00s
Serialized binary data for shader Hidden/Internal-UIRAtlasBlitCopy in 0.00s
    dx11 (total internal programs: 2, unique: 2)
    dx12 (total internal programs: 2, unique: 2)
Compiling shader "Sprites/Default"
  Pass "" (vp)
    Target graphics API: dx11
    Full variant space:         8
    After settings filtering:   8
    After built-in stripping:   4
    After scriptable stripping: 4
    Processed in 0.00 seconds
    Target graphics API: dx12
    Full variant space:         8
    After settings filtering:   8
    After built-in stripping:   4
    After scriptable stripping: 4
    Processed in 0.00 seconds
  Pass "" (fp)
    Target graphics API: dx11
    Full variant space:         8
    After settings filtering:   8
    After built-in stripping:   4
    After scriptable stripping: 4
    Processed in 0.00 seconds
    Target graphics API: dx12
    Full variant space:         8
    After settings filtering:   8
    After built-in stripping:   4
    After scriptable stripping: 4
    Processed in 0.00 seconds
  Pass  (vp, dx11) finished in 0.00 seconds. Local cache hits 4 (0.00s CPU time), remote cache hits 0 (0.00s CPU time), compiled 0 variants (0.00s CPU time), skipped 0 variants.
  Pass  (vp, dx12) finished in 0.00 seconds. Local cache hits 4 (0.00s CPU time), remote cache hits 0 (0.00s CPU time), compiled 0 variants (0.00s CPU time), skipped 0 variants.
    Prepared data for serialisation in 0.00s
  Pass  (fp, dx11) finished in 0.00 seconds. Local cache hits 4 (0.00s CPU time), remote cache hits 0 (0.00s CPU time), compiled 0 variants (0.00s CPU time), skipped 0 variants.
  Pass  (fp, dx12) finished in 0.00 seconds. Local cache hits 4 (0.00s CPU time), remote cache hits 0 (0.00s CPU time), compiled 0 variants (0.00s CPU time), skipped 0 variants.
    Prepared data for serialisation in 0.00s
Serialized binary data for shader Sprites/Default in 0.00s
    dx11 (total internal programs: 8, unique: 8)
    dx12 (total internal programs: 8, unique: 8)
Compiling shader "Sprites/Mask"
  Pass "" (vp)
    Target graphics API: dx11
    Full variant space:         4
    After settings filtering:   4
    After built-in stripping:   4
    After scriptable stripping: 4
    Processed in 0.00 seconds
    Target graphics API: dx12
    Full variant space:         4
    After settings filtering:   4
    After built-in stripping:   4
    After scriptable stripping: 4
    Processed in 0.00 seconds
  Pass "" (fp)
    Target graphics API: dx11
    Full variant space:         4
    After settings filtering:   4
    After built-in stripping:   4
    After scriptable stripping: 4
    Processed in 0.00 seconds
    Target graphics API: dx12
    Full variant space:         4
    After settings filtering:   4
    After built-in stripping:   4
    After scriptable stripping: 4
    Processed in 0.00 seconds
  Pass  (vp, dx11) finished in 0.00 seconds. Local cache hits 4 (0.00s CPU time), remote cache hits 0 (0.00s CPU time), compiled 0 variants (0.00s CPU time), skipped 0 variants.
  Pass  (vp, dx12) finished in 0.00 seconds. Local cache hits 4 (0.00s CPU time), remote cache hits 0 (0.00s CPU time), compiled 0 variants (0.00s CPU time), skipped 0 variants.
    Prepared data for serialisation in 0.00s
  Pass  (fp, dx11) finished in 0.00 seconds. Local cache hits 4 (0.00s CPU time), remote cache hits 0 (0.00s CPU time), compiled 0 variants (0.00s CPU time), skipped 0 variants.
  Pass  (fp, dx12) finished in 0.00 seconds. Local cache hits 4 (0.00s CPU time), remote cache hits 0 (0.00s CPU time), compiled 0 variants (0.00s CPU time), skipped 0 variants.
    Prepared data for serialisation in 0.00s
Serialized binary data for shader Sprites/Mask in 0.00s
    dx11 (total internal programs: 8, unique: 8)
    dx12 (total internal programs: 8, unique: 8)
Compiling shader "UI/Default"
  Pass "Default" (vp)
    Target graphics API: dx11
    Full variant space:         4
    After settings filtering:   4
    After built-in stripping:   4
    After scriptable stripping: 4
    Processed in 0.00 seconds
    Target graphics API: dx12
    Full variant space:         4
    After settings filtering:   4
    After built-in stripping:   4
    After scriptable stripping: 4
    Processed in 0.00 seconds
  Pass "Default" (fp)
    Target graphics API: dx11
    Full variant space:         4
    After settings filtering:   4
    After built-in stripping:   4
    After scriptable stripping: 4
    Processed in 0.00 seconds
    Target graphics API: dx12
    Full variant space:         4
    After settings filtering:   4
    After built-in stripping:   4
    After scriptable stripping: 4
    Processed in 0.00 seconds
  Pass "XRMotionVectors" (vp)
    Target graphics API: dx11
    Full variant space:         4
    After settings filtering:   4
    After built-in stripping:   4
    After scriptable stripping: 4
    Processed in 0.00 seconds
    Target graphics API: dx12
    Full variant space:         4
    After settings filtering:   4
    After built-in stripping:   4
    After scriptable stripping: 4
    Processed in 0.00 seconds
  Pass "XRMotionVectors" (fp)
    Target graphics API: dx11
    Full variant space:         4
    After settings filtering:   4
    After built-in stripping:   4
    After scriptable stripping: 4
    Processed in 0.00 seconds
    Target graphics API: dx12
    Full variant space:         4
    After settings filtering:   4
    After built-in stripping:   4
    After scriptable stripping: 4
    Processed in 0.00 seconds
  Pass Default (vp, dx11) finished in 0.00 seconds. Local cache hits 4 (0.00s CPU time), remote cache hits 0 (0.00s CPU time), compiled 0 variants (0.00s CPU time), skipped 0 variants.
  Pass Default (vp, dx12) finished in 0.00 seconds. Local cache hits 4 (0.00s CPU time), remote cache hits 0 (0.00s CPU time), compiled 0 variants (0.00s CPU time), skipped 0 variants.
    Prepared data for serialisation in 0.00s
  Pass Default (fp, dx11) finished in 0.00 seconds. Local cache hits 4 (0.00s CPU time), remote cache hits 0 (0.00s CPU time), compiled 0 variants (0.00s CPU time), skipped 0 variants.
  Pass Default (fp, dx12) finished in 0.00 seconds. Local cache hits 4 (0.00s CPU time), remote cache hits 0 (0.00s CPU time), compiled 0 variants (0.00s CPU time), skipped 0 variants.
    Prepared data for serialisation in 0.00s
  Pass XRMotionVectors (vp, dx11) finished in 0.00 seconds. Local cache hits 4 (0.00s CPU time), remote cache hits 0 (0.00s CPU time), compiled 0 variants (0.00s CPU time), skipped 0 variants.
  Pass XRMotionVectors (vp, dx12) finished in 0.00 seconds. Local cache hits 4 (0.00s CPU time), remote cache hits 0 (0.00s CPU time), compiled 0 variants (0.00s CPU time), skipped 0 variants.
    Prepared data for serialisation in 0.00s
  Pass XRMotionVectors (fp, dx11) finished in 0.00 seconds. Local cache hits 4 (0.00s CPU time), remote cache hits 0 (0.00s CPU time), compiled 0 variants (0.00s CPU time), skipped 0 variants.
  Pass XRMotionVectors (fp, dx12) finished in 0.00 seconds. Local cache hits 4 (0.00s CPU time), remote cache hits 0 (0.00s CPU time), compiled 0 variants (0.00s CPU time), skipped 0 variants.
    Prepared data for serialisation in 0.00s
Serialized binary data for shader UI/Default in 0.00s
    dx11 (total internal programs: 16, unique: 16)
    dx12 (total internal programs: 16, unique: 16)
Compiling shader "UI/DefaultETC1"
  Pass "Default" (vp)
    Target graphics API: dx11
    Full variant space:         4
    After settings filtering:   4
    After built-in stripping:   4
    After scriptable stripping: 4
    Processed in 0.00 seconds
    Target graphics API: dx12
    Full variant space:         4
    After settings filtering:   4
    After built-in stripping:   4
    After scriptable stripping: 4
    Processed in 0.00 seconds
  Pass "Default" (fp)
    Target graphics API: dx11
    Full variant space:         4
    After settings filtering:   4
    After built-in stripping:   4
    After scriptable stripping: 4
    Processed in 0.00 seconds
    Target graphics API: dx12
    Full variant space:         4
    After settings filtering:   4
    After built-in stripping:   4
    After scriptable stripping: 4
    Processed in 0.00 seconds
  Pass "XRMotionVectors" (vp)
    Target graphics API: dx11
    Full variant space:         4
    After settings filtering:   4
    After built-in stripping:   4
    After scriptable stripping: 4
    Processed in 0.00 seconds
    Target graphics API: dx12
    Full variant space:         4
    After settings filtering:   4
    After built-in stripping:   4
    After scriptable stripping: 4
    Processed in 0.00 seconds
  Pass "XRMotionVectors" (fp)
    Target graphics API: dx11
    Full variant space:         4
    After settings filtering:   4
    After built-in stripping:   4
    After scriptable stripping: 4
    Processed in 0.00 seconds
    Target graphics API: dx12
    Full variant space:         4
    After settings filtering:   4
    After built-in stripping:   4
    After scriptable stripping: 4
    Processed in 0.00 seconds
  Pass Default (vp, dx11) finished in 0.00 seconds. Local cache hits 4 (0.00s CPU time), remote cache hits 0 (0.00s CPU time), compiled 0 variants (0.00s CPU time), skipped 0 variants.
  Pass Default (vp, dx12) finished in 0.00 seconds. Local cache hits 4 (0.00s CPU time), remote cache hits 0 (0.00s CPU time), compiled 0 variants (0.00s CPU time), skipped 0 variants.
    Prepared data for serialisation in 0.00s
  Pass Default (fp, dx11) finished in 0.00 seconds. Local cache hits 4 (0.00s CPU time), remote cache hits 0 (0.00s CPU time), compiled 0 variants (0.00s CPU time), skipped 0 variants.
  Pass Default (fp, dx12) finished in 0.00 seconds. Local cache hits 4 (0.00s CPU time), remote cache hits 0 (0.00s CPU time), compiled 0 variants (0.00s CPU time), skipped 0 variants.
    Prepared data for serialisation in 0.00s
  Pass XRMotionVectors (vp, dx11) finished in 0.00 seconds. Local cache hits 4 (0.00s CPU time), remote cache hits 0 (0.00s CPU time), compiled 0 variants (0.00s CPU time), skipped 0 variants.
  Pass XRMotionVectors (vp, dx12) finished in 0.00 seconds. Local cache hits 4 (0.00s CPU time), remote cache hits 0 (0.00s CPU time), compiled 0 variants (0.00s CPU time), skipped 0 variants.
    Prepared data for serialisation in 0.00s
  Pass XRMotionVectors (fp, dx11) finished in 0.00 seconds. Local cache hits 4 (0.00s CPU time), remote cache hits 0 (0.00s CPU time), compiled 0 variants (0.00s CPU time), skipped 0 variants.
  Pass XRMotionVectors (fp, dx12) finished in 0.00 seconds. Local cache hits 4 (0.00s CPU time), remote cache hits 0 (0.00s CPU time), compiled 0 variants (0.00s CPU time), skipped 0 variants.
    Prepared data for serialisation in 0.00s
Serialized binary data for shader UI/DefaultETC1 in 0.00s
    dx11 (total internal programs: 16, unique: 16)
    dx12 (total internal programs: 16, unique: 16)
Compiling shader "Hidden/CubeBlur"
  Pass "" (vp)
    Target graphics API: dx11
    Full variant space:         1
    After settings filtering:   1
    After built-in stripping:   1
    After scriptable stripping: 1
    Processed in 0.00 seconds
    Target graphics API: dx12
    Full variant space:         1
    After settings filtering:   1
    After built-in stripping:   1
    After scriptable stripping: 1
    Processed in 0.00 seconds
  Pass "" (fp)
    Target graphics API: dx11
    Full variant space:         1
    After settings filtering:   1
    After built-in stripping:   1
    After scriptable stripping: 1
    Processed in 0.00 seconds
    Target graphics API: dx12
    Full variant space:         1
    After settings filtering:   1
    After built-in stripping:   1
    After scriptable stripping: 1
    Processed in 0.00 seconds
  Pass "" (vp)
    Target graphics API: dx11
    Full variant space:         1
    After settings filtering:   1
    After built-in stripping:   1
    After scriptable stripping: 1
    Processed in 0.00 seconds
    Target graphics API: dx12
    Full variant space:         1
    After settings filtering:   1
    After built-in stripping:   1
    After scriptable stripping: 1
    Processed in 0.00 seconds
  Pass "" (fp)
    Target graphics API: dx11
    Full variant space:         1
    After settings filtering:   1
    After built-in stripping:   1
    After scriptable stripping: 1
    Processed in 0.00 seconds
    Target graphics API: dx12
    Full variant space:         1
    After settings filtering:   1
    After built-in stripping:   1
    After scriptable stripping: 1
    Processed in 0.00 seconds
  Pass  (vp, dx11) finished in 0.00 seconds. Local cache hits 1 (0.00s CPU time), remote cache hits 0 (0.00s CPU time), compiled 0 variants (0.00s CPU time), skipped 0 variants.
  Pass  (vp, dx12) finished in 0.00 seconds. Local cache hits 1 (0.00s CPU time), remote cache hits 0 (0.00s CPU time), compiled 0 variants (0.00s CPU time), skipped 0 variants.
    Prepared data for serialisation in 0.00s
  Pass  (fp, dx11) finished in 0.00 seconds. Local cache hits 1 (0.00s CPU time), remote cache hits 0 (0.00s CPU time), compiled 0 variants (0.00s CPU time), skipped 0 variants.
  Pass  (fp, dx12) finished in 0.00 seconds. Local cache hits 1 (0.00s CPU time), remote cache hits 0 (0.00s CPU time), compiled 0 variants (0.00s CPU time), skipped 0 variants.
    Prepared data for serialisation in 0.00s
  Pass  (vp, dx11) finished in 0.00 seconds. Local cache hits 1 (0.00s CPU time), remote cache hits 0 (0.00s CPU time), compiled 0 variants (0.00s CPU time), skipped 0 variants.
  Pass  (vp, dx12) finished in 0.00 seconds. Local cache hits 1 (0.00s CPU time), remote cache hits 0 (0.00s CPU time), compiled 0 variants (0.00s CPU time), skipped 0 variants.
    Prepared data for serialisation in 0.00s
  Pass  (fp, dx11) finished in 0.00 seconds. Local cache hits 1 (0.00s CPU time), remote cache hits 0 (0.00s CPU time), compiled 0 variants (0.00s CPU time), skipped 0 variants.
  Pass  (fp, dx12) finished in 0.00 seconds. Local cache hits 1 (0.00s CPU time), remote cache hits 0 (0.00s CPU time), compiled 0 variants (0.00s CPU time), skipped 0 variants.
    Prepared data for serialisation in 0.00s
Serialized binary data for shader Hidden/CubeBlur in 0.00s
    dx11 (total internal programs: 4, unique: 3)
    dx12 (total internal programs: 4, unique: 3)
Compiling shader "Hidden/CubeCopy"
  Pass "" (vp)
    Target graphics API: dx11
    Full variant space:         1
    After settings filtering:   1
    After built-in stripping:   1
    After scriptable stripping: 1
    Processed in 0.00 seconds
    Target graphics API: dx12
    Full variant space:         1
    After settings filtering:   1
    After built-in stripping:   1
    After scriptable stripping: 1
    Processed in 0.00 seconds
  Pass "" (fp)
    Target graphics API: dx11
    Full variant space:         1
    After settings filtering:   1
    After built-in stripping:   1
    After scriptable stripping: 1
    Processed in 0.00 seconds
    Target graphics API: dx12
    Full variant space:         1
    After settings filtering:   1
    After built-in stripping:   1
    After scriptable stripping: 1
    Processed in 0.00 seconds
  Pass "" (vp)
    Target graphics API: dx11
    Full variant space:         1
    After settings filtering:   1
    After built-in stripping:   1
    After scriptable stripping: 1
    Processed in 0.00 seconds
    Target graphics API: dx12
    Full variant space:         1
    After settings filtering:   1
    After built-in stripping:   1
    After scriptable stripping: 1
    Processed in 0.00 seconds
  Pass "" (fp)
    Target graphics API: dx11
    Full variant space:         1
    After settings filtering:   1
    After built-in stripping:   1
    After scriptable stripping: 1
    Processed in 0.00 seconds
    Target graphics API: dx12
    Full variant space:         1
    After settings filtering:   1
    After built-in stripping:   1
    After scriptable stripping: 1
    Processed in 0.00 seconds
  Pass  (vp, dx11) finished in 0.01 seconds. Local cache hits 1 (0.00s CPU time), remote cache hits 0 (0.00s CPU time), compiled 0 variants (0.00s CPU time), skipped 0 variants.
  Pass  (vp, dx12) finished in 0.01 seconds. Local cache hits 1 (0.00s CPU time), remote cache hits 0 (0.00s CPU time), compiled 0 variants (0.00s CPU time), skipped 0 variants.
    Prepared data for serialisation in 0.00s
  Pass  (fp, dx11) finished in 0.01 seconds. Local cache hits 1 (0.00s CPU time), remote cache hits 0 (0.00s CPU time), compiled 0 variants (0.00s CPU time), skipped 0 variants.
  Pass  (fp, dx12) finished in 0.01 seconds. Local cache hits 1 (0.00s CPU time), remote cache hits 0 (0.00s CPU time), compiled 0 variants (0.00s CPU time), skipped 0 variants.
    Prepared data for serialisation in 0.00s
  Pass  (vp, dx11) finished in 0.01 seconds. Local cache hits 1 (0.00s CPU time), remote cache hits 0 (0.00s CPU time), compiled 0 variants (0.00s CPU time), skipped 0 variants.
  Pass  (vp, dx12) finished in 0.00 seconds. Local cache hits 1 (0.00s CPU time), remote cache hits 0 (0.00s CPU time), compiled 0 variants (0.00s CPU time), skipped 0 variants.
    Prepared data for serialisation in 0.00s
  Pass  (fp, dx11) finished in 0.00 seconds. Local cache hits 1 (0.00s CPU time), remote cache hits 0 (0.00s CPU time), compiled 0 variants (0.00s CPU time), skipped 0 variants.
  Pass  (fp, dx12) finished in 0.00 seconds. Local cache hits 1 (0.00s CPU time), remote cache hits 0 (0.00s CPU time), compiled 0 variants (0.00s CPU time), skipped 0 variants.
    Prepared data for serialisation in 0.00s
Serialized binary data for shader Hidden/CubeCopy in 0.00s
    dx11 (total internal programs: 4, unique: 2)
    dx12 (total internal programs: 4, unique: 2)
Compiling shader "Hidden/CubeBlend"
  Pass "" (vp)
    Target graphics API: dx11
    Full variant space:         1
    After settings filtering:   1
    After built-in stripping:   1
    After scriptable stripping: 1
    Processed in 0.00 seconds
    Target graphics API: dx12
    Full variant space:         1
    After settings filtering:   1
    After built-in stripping:   1
    After scriptable stripping: 1
    Processed in 0.00 seconds
  Pass "" (fp)
    Target graphics API: dx11
    Full variant space:         1
    After settings filtering:   1
    After built-in stripping:   1
    After scriptable stripping: 1
    Processed in 0.00 seconds
    Target graphics API: dx12
    Full variant space:         1
    After settings filtering:   1
    After built-in stripping:   1
    After scriptable stripping: 1
    Processed in 0.00 seconds
  Pass "" (vp)
    Target graphics API: dx11
    Full variant space:         1
    After settings filtering:   1
    After built-in stripping:   1
    After scriptable stripping: 1
    Processed in 0.00 seconds
    Target graphics API: dx12
    Full variant space:         1
    After settings filtering:   1
    After built-in stripping:   1
    After scriptable stripping: 1
    Processed in 0.00 seconds
  Pass "" (fp)
    Target graphics API: dx11
    Full variant space:         1
    After settings filtering:   1
    After built-in stripping:   1
    After scriptable stripping: 1
    Processed in 0.00 seconds
    Target graphics API: dx12
    Full variant space:         1
    After settings filtering:   1
    After built-in stripping:   1
    After scriptable stripping: 1
    Processed in 0.00 seconds
  Pass  (vp, dx11) finished in 0.00 seconds. Local cache hits 1 (0.00s CPU time), remote cache hits 0 (0.00s CPU time), compiled 0 variants (0.00s CPU time), skipped 0 variants.
  Pass  (vp, dx12) finished in 0.00 seconds. Local cache hits 1 (0.00s CPU time), remote cache hits 0 (0.00s CPU time), compiled 0 variants (0.00s CPU time), skipped 0 variants.
    Prepared data for serialisation in 0.00s
  Pass  (fp, dx11) finished in 0.00 seconds. Local cache hits 1 (0.00s CPU time), remote cache hits 0 (0.00s CPU time), compiled 0 variants (0.00s CPU time), skipped 0 variants.
  Pass  (fp, dx12) finished in 0.00 seconds. Local cache hits 1 (0.00s CPU time), remote cache hits 0 (0.00s CPU time), compiled 0 variants (0.00s CPU time), skipped 0 variants.
    Prepared data for serialisation in 0.00s
  Pass  (vp, dx11) finished in 0.00 seconds. Local cache hits 1 (0.00s CPU time), remote cache hits 0 (0.00s CPU time), compiled 0 variants (0.00s CPU time), skipped 0 variants.
  Pass  (vp, dx12) finished in 0.00 seconds. Local cache hits 1 (0.00s CPU time), remote cache hits 0 (0.00s CPU time), compiled 0 variants (0.00s CPU time), skipped 0 variants.
    Prepared data for serialisation in 0.00s
  Pass  (fp, dx11) finished in 0.00 seconds. Local cache hits 1 (0.00s CPU time), remote cache hits 0 (0.00s CPU time), compiled 0 variants (0.00s CPU time), skipped 0 variants.
  Pass  (fp, dx12) finished in 0.00 seconds. Local cache hits 1 (0.00s CPU time), remote cache hits 0 (0.00s CPU time), compiled 0 variants (0.00s CPU time), skipped 0 variants.
    Prepared data for serialisation in 0.00s
Serialized binary data for shader Hidden/CubeBlend in 0.00s
    dx11 (total internal programs: 4, unique: 2)
    dx12 (total internal programs: 4, unique: 2)
Compiling shader "Hidden/VR/BlitTexArraySlice"
  Pass "" (vp)
    Target graphics API: dx11
    Full variant space:         1
    After settings filtering:   1
    After built-in stripping:   1
    After scriptable stripping: 1
    Processed in 0.00 seconds
    Target graphics API: dx12
    Full variant space:         1
    After settings filtering:   1
    After built-in stripping:   1
    After scriptable stripping: 1
    Processed in 0.00 seconds
  Pass "" (fp)
    Target graphics API: dx11
    Full variant space:         1
    After settings filtering:   1
    After built-in stripping:   1
    After scriptable stripping: 1
    Processed in 0.00 seconds
    Target graphics API: dx12
    Full variant space:         1
    After settings filtering:   1
    After built-in stripping:   1
    After scriptable stripping: 1
    Processed in 0.00 seconds
  Pass  (vp, dx11) finished in 0.00 seconds. Local cache hits 1 (0.00s CPU time), remote cache hits 0 (0.00s CPU time), compiled 0 variants (0.00s CPU time), skipped 0 variants.
  Pass  (vp, dx12) finished in 0.00 seconds. Local cache hits 1 (0.00s CPU time), remote cache hits 0 (0.00s CPU time), compiled 0 variants (0.00s CPU time), skipped 0 variants.
    Prepared data for serialisation in 0.00s
  Pass  (fp, dx11) finished in 0.00 seconds. Local cache hits 1 (0.00s CPU time), remote cache hits 0 (0.00s CPU time), compiled 0 variants (0.00s CPU time), skipped 0 variants.
  Pass  (fp, dx12) finished in 0.00 seconds. Local cache hits 1 (0.00s CPU time), remote cache hits 0 (0.00s CPU time), compiled 0 variants (0.00s CPU time), skipped 0 variants.
    Prepared data for serialisation in 0.00s
Serialized binary data for shader Hidden/VR/BlitTexArraySlice in 0.00s
    dx11 (total internal programs: 2, unique: 2)
    dx12 (total internal programs: 2, unique: 2)
Compiling shader "Hidden/Internal-ODSWorldTexture"
  Pass "" (vp)
    Target graphics API: dx11
    Full variant space:         1
    After settings filtering:   1
    After built-in stripping:   1
    After scriptable stripping: 1
    Processed in 0.00 seconds
    Target graphics API: dx12
    Full variant space:         1
    After settings filtering:   1
    After built-in stripping:   1
    After scriptable stripping: 1
    Processed in 0.00 seconds
  Pass "" (fp)
    Target graphics API: dx11
    Full variant space:         1
    After settings filtering:   1
    After built-in stripping:   1
    After scriptable stripping: 1
    Processed in 0.00 seconds
    Target graphics API: dx12
    Full variant space:         1
    After settings filtering:   1
    After built-in stripping:   1
    After scriptable stripping: 1
    Processed in 0.00 seconds
  Pass "" (vp)
    Target graphics API: dx11
    Full variant space:         1
    After settings filtering:   1
    After built-in stripping:   1
    After scriptable stripping: 1
    Processed in 0.00 seconds
    Target graphics API: dx12
    Full variant space:         1
    After settings filtering:   1
    After built-in stripping:   1
    After scriptable stripping: 1
    Processed in 0.00 seconds
  Pass "" (fp)
    Target graphics API: dx11
    Full variant space:         1
    After settings filtering:   1
    After built-in stripping:   1
    After scriptable stripping: 1
    Processed in 0.00 seconds
    Target graphics API: dx12
    Full variant space:         1
    After settings filtering:   1
    After built-in stripping:   1
    After scriptable stripping: 1
    Processed in 0.00 seconds
  Pass "" (vp)
    Target graphics API: dx11
    Full variant space:         1
    After settings filtering:   1
    After built-in stripping:   1
    After scriptable stripping: 1
    Processed in 0.00 seconds
    Target graphics API: dx12
    Full variant space:         1
    After settings filtering:   1
    After built-in stripping:   1
    After scriptable stripping: 1
    Processed in 0.00 seconds
  Pass "" (fp)
    Target graphics API: dx11
    Full variant space:         1
    After settings filtering:   1
    After built-in stripping:   1
    After scriptable stripping: 1
    Processed in 0.00 seconds
    Target graphics API: dx12
    Full variant space:         1
    After settings filtering:   1
    After built-in stripping:   1
    After scriptable stripping: 1
    Processed in 0.00 seconds
  Pass "" (vp)
    Target graphics API: dx11
    Full variant space:         1
    After settings filtering:   1
    After built-in stripping:   1
    After scriptable stripping: 1
    Processed in 0.00 seconds
    Target graphics API: dx12
    Full variant space:         1
    After settings filtering:   1
    After built-in stripping:   1
    After scriptable stripping: 1
    Processed in 0.00 seconds
  Pass "" (fp)
    Target graphics API: dx11
    Full variant space:         1
    After settings filtering:   1
    After built-in stripping:   1
    After scriptable stripping: 1
    Processed in 0.00 seconds
    Target graphics API: dx12
    Full variant space:         1
    After settings filtering:   1
    After built-in stripping:   1
    After scriptable stripping: 1
    Processed in 0.00 seconds
  Pass "" (vp)
    Target graphics API: dx11
    Full variant space:         1
    After settings filtering:   1
    After built-in stripping:   1
    After scriptable stripping: 1
    Processed in 0.00 seconds
    Target graphics API: dx12
    Full variant space:         1
    After settings filtering:   1
    After built-in stripping:   1
    After scriptable stripping: 1
    Processed in 0.00 seconds
  Pass "" (fp)
    Target graphics API: dx11
    Full variant space:         1
    After settings filtering:   1
    After built-in stripping:   1
    After scriptable stripping: 1
    Processed in 0.00 seconds
    Target graphics API: dx12
    Full variant space:         1
    After settings filtering:   1
    After built-in stripping:   1
    After scriptable stripping: 1
    Processed in 0.00 seconds
  Pass "" (vp)
    Target graphics API: dx11
    Full variant space:         1
    After settings filtering:   1
    After built-in stripping:   1
    After scriptable stripping: 1
    Processed in 0.00 seconds
    Target graphics API: dx12
    Full variant space:         1
    After settings filtering:   1
    After built-in stripping:   1
    After scriptable stripping: 1
    Processed in 0.00 seconds
  Pass "" (fp)
    Target graphics API: dx11
    Full variant space:         1
    After settings filtering:   1
    After built-in stripping:   1
    After scriptable stripping: 1
    Processed in 0.00 seconds
    Target graphics API: dx12
    Full variant space:         1
    After settings filtering:   1
    After built-in stripping:   1
    After scriptable stripping: 1
    Processed in 0.00 seconds
  Pass "" (vp)
    Target graphics API: dx11
    Full variant space:         1
    After settings filtering:   1
    After built-in stripping:   1
    After scriptable stripping: 1
    Processed in 0.00 seconds
    Target graphics API: dx12
    Full variant space:         1
    After settings filtering:   1
    After built-in stripping:   1
    After scriptable stripping: 1
    Processed in 0.00 seconds
  Pass "" (fp)
    Target graphics API: dx11
    Full variant space:         1
    After settings filtering:   1
    After built-in stripping:   1
    After scriptable stripping: 1
    Processed in 0.00 seconds
    Target graphics API: dx12
    Full variant space:         1
    After settings filtering:   1
    After built-in stripping:   1
    After scriptable stripping: 1
    Processed in 0.00 seconds
  Pass "" (vp)
    Target graphics API: dx11
    Full variant space:         1
    After settings filtering:   1
    After built-in stripping:   1
    After scriptable stripping: 1
    Processed in 0.00 seconds
    Target graphics API: dx12
    Full variant space:         1
    After settings filtering:   1
    After built-in stripping:   1
    After scriptable stripping: 1
    Processed in 0.00 seconds
  Pass "" (fp)
    Target graphics API: dx11
    Full variant space:         1
    After settings filtering:   1
    After built-in stripping:   1
    After scriptable stripping: 1
    Processed in 0.00 seconds
    Target graphics API: dx12
    Full variant space:         1
    After settings filtering:   1
    After built-in stripping:   1
    After scriptable stripping: 1
    Processed in 0.00 seconds
  Pass "" (vp)
    Target graphics API: dx11
    Full variant space:         1
    After settings filtering:   1
    After built-in stripping:   1
    After scriptable stripping: 1
    Processed in 0.00 seconds
    Target graphics API: dx12
    Full variant space:         1
    After settings filtering:   1
    After built-in stripping:   1
    After scriptable stripping: 1
    Processed in 0.00 seconds
  Pass "" (fp)
    Target graphics API: dx11
    Full variant space:         1
    After settings filtering:   1
    After built-in stripping:   1
    After scriptable stripping: 1
    Processed in 0.00 seconds
    Target graphics API: dx12
    Full variant space:         1
    After settings filtering:   1
    After built-in stripping:   1
    After scriptable stripping: 1
    Processed in 0.00 seconds
  Pass "" (vp)
    Target graphics API: dx11
    Full variant space:         1
    After settings filtering:   1
    After built-in stripping:   1
    After scriptable stripping: 1
    Processed in 0.00 seconds
    Target graphics API: dx12
    Full variant space:         1
    After settings filtering:   1
    After built-in stripping:   1
    After scriptable stripping: 1
    Processed in 0.00 seconds
  Pass "" (fp)
    Target graphics API: dx11
    Full variant space:         1
    After settings filtering:   1
    After built-in stripping:   1
    After scriptable stripping: 1
    Processed in 0.00 seconds
    Target graphics API: dx12
    Full variant space:         1
    After settings filtering:   1
    After built-in stripping:   1
    After scriptable stripping: 1
    Processed in 0.00 seconds
  Pass  (vp, dx11) finished in 0.03 seconds. Local cache hits 1 (0.00s CPU time), remote cache hits 0 (0.00s CPU time), compiled 0 variants (0.00s CPU time), skipped 0 variants.
  Pass  (vp, dx12) finished in 0.03 seconds. Local cache hits 1 (0.00s CPU time), remote cache hits 0 (0.00s CPU time), compiled 0 variants (0.00s CPU time), skipped 0 variants.
    Prepared data for serialisation in 0.00s
  Pass  (fp, dx11) finished in 0.03 seconds. Local cache hits 1 (0.00s CPU time), remote cache hits 0 (0.00s CPU time), compiled 0 variants (0.00s CPU time), skipped 0 variants.
  Pass  (fp, dx12) finished in 0.03 seconds. Local cache hits 1 (0.00s CPU time), remote cache hits 0 (0.00s CPU time), compiled 0 variants (0.00s CPU time), skipped 0 variants.
    Prepared data for serialisation in 0.00s
  Pass  (vp, dx11) finished in 0.03 seconds. Local cache hits 1 (0.00s CPU time), remote cache hits 0 (0.00s CPU time), compiled 0 variants (0.00s CPU time), skipped 0 variants.
  Pass  (vp, dx12) finished in 0.03 seconds. Local cache hits 1 (0.00s CPU time), remote cache hits 0 (0.00s CPU time), compiled 0 variants (0.00s CPU time), skipped 0 variants.
    Prepared data for serialisation in 0.00s
  Pass  (fp, dx11) finished in 0.02 seconds. Local cache hits 1 (0.00s CPU time), remote cache hits 0 (0.00s CPU time), compiled 0 variants (0.00s CPU time), skipped 0 variants.
  Pass  (fp, dx12) finished in 0.02 seconds. Local cache hits 1 (0.00s CPU time), remote cache hits 0 (0.00s CPU time), compiled 0 variants (0.00s CPU time), skipped 0 variants.
    Prepared data for serialisation in 0.00s
  Pass  (vp, dx11) finished in 0.02 seconds. Local cache hits 1 (0.00s CPU time), remote cache hits 0 (0.00s CPU time), compiled 0 variants (0.00s CPU time), skipped 0 variants.
  Pass  (vp, dx12) finished in 0.02 seconds. Local cache hits 1 (0.00s CPU time), remote cache hits 0 (0.00s CPU time), compiled 0 variants (0.00s CPU time), skipped 0 variants.
    Prepared data for serialisation in 0.00s
  Pass  (fp, dx11) finished in 0.02 seconds. Local cache hits 1 (0.00s CPU time), remote cache hits 0 (0.00s CPU time), compiled 0 variants (0.00s CPU time), skipped 0 variants.
  Pass  (fp, dx12) finished in 0.02 seconds. Local cache hits 1 (0.00s CPU time), remote cache hits 0 (0.00s CPU time), compiled 0 variants (0.00s CPU time), skipped 0 variants.
    Prepared data for serialisation in 0.00s
  Pass  (vp, dx11) finished in 0.02 seconds. Local cache hits 1 (0.00s CPU time), remote cache hits 0 (0.00s CPU time), compiled 0 variants (0.00s CPU time), skipped 0 variants.
  Pass  (vp, dx12) finished in 0.02 seconds. Local cache hits 1 (0.00s CPU time), remote cache hits 0 (0.00s CPU time), compiled 0 variants (0.00s CPU time), skipped 0 variants.
    Prepared data for serialisation in 0.00s
  Pass  (fp, dx11) finished in 0.02 seconds. Local cache hits 1 (0.00s CPU time), remote cache hits 0 (0.00s CPU time), compiled 0 variants (0.00s CPU time), skipped 0 variants.
  Pass  (fp, dx12) finished in 0.02 seconds. Local cache hits 1 (0.00s CPU time), remote cache hits 0 (0.00s CPU time), compiled 0 variants (0.00s CPU time), skipped 0 variants.
    Prepared data for serialisation in 0.00s
  Pass  (vp, dx11) finished in 0.02 seconds. Local cache hits 1 (0.00s CPU time), remote cache hits 0 (0.00s CPU time), compiled 0 variants (0.00s CPU time), skipped 0 variants.
  Pass  (vp, dx12) finished in 0.02 seconds. Local cache hits 1 (0.00s CPU time), remote cache hits 0 (0.00s CPU time), compiled 0 variants (0.00s CPU time), skipped 0 variants.
    Prepared data for serialisation in 0.00s
  Pass  (fp, dx11) finished in 0.01 seconds. Local cache hits 1 (0.00s CPU time), remote cache hits 0 (0.00s CPU time), compiled 0 variants (0.00s CPU time), skipped 0 variants.
  Pass  (fp, dx12) finished in 0.01 seconds. Local cache hits 1 (0.00s CPU time), remote cache hits 0 (0.00s CPU time), compiled 0 variants (0.00s CPU time), skipped 0 variants.
    Prepared data for serialisation in 0.00s
  Pass  (vp, dx11) finished in 0.01 seconds. Local cache hits 1 (0.00s CPU time), remote cache hits 0 (0.00s CPU time), compiled 0 variants (0.00s CPU time), skipped 0 variants.
  Pass  (vp, dx12) finished in 0.01 seconds. Local cache hits 1 (0.00s CPU time), remote cache hits 0 (0.00s CPU time), compiled 0 variants (0.00s CPU time), skipped 0 variants.
    Prepared data for serialisation in 0.00s
  Pass  (fp, dx11) finished in 0.01 seconds. Local cache hits 1 (0.00s CPU time), remote cache hits 0 (0.00s CPU time), compiled 0 variants (0.00s CPU time), skipped 0 variants.
  Pass  (fp, dx12) finished in 0.01 seconds. Local cache hits 1 (0.00s CPU time), remote cache hits 0 (0.00s CPU time), compiled 0 variants (0.00s CPU time), skipped 0 variants.
    Prepared data for serialisation in 0.00s
  Pass  (vp, dx11) finished in 0.01 seconds. Local cache hits 1 (0.00s CPU time), remote cache hits 0 (0.00s CPU time), compiled 0 variants (0.00s CPU time), skipped 0 variants.
  Pass  (vp, dx12) finished in 0.01 seconds. Local cache hits 1 (0.00s CPU time), remote cache hits 0 (0.00s CPU time), compiled 0 variants (0.00s CPU time), skipped 0 variants.
    Prepared data for serialisation in 0.00s
  Pass  (fp, dx11) finished in 0.01 seconds. Local cache hits 1 (0.00s CPU time), remote cache hits 0 (0.00s CPU time), compiled 0 variants (0.00s CPU time), skipped 0 variants.
  Pass  (fp, dx12) finished in 0.01 seconds. Local cache hits 1 (0.00s CPU time), remote cache hits 0 (0.00s CPU time), compiled 0 variants (0.00s CPU time), skipped 0 variants.
    Prepared data for serialisation in 0.00s
  Pass  (vp, dx11) finished in 0.01 seconds. Local cache hits 1 (0.00s CPU time), remote cache hits 0 (0.00s CPU time), compiled 0 variants (0.00s CPU time), skipped 0 variants.
  Pass  (vp, dx12) finished in 0.01 seconds. Local cache hits 1 (0.00s CPU time), remote cache hits 0 (0.00s CPU time), compiled 0 variants (0.00s CPU time), skipped 0 variants.
    Prepared data for serialisation in 0.00s
  Pass  (fp, dx11) finished in 0.01 seconds. Local cache hits 1 (0.00s CPU time), remote cache hits 0 (0.00s CPU time), compiled 0 variants (0.00s CPU time), skipped 0 variants.
  Pass  (fp, dx12) finished in 0.00 seconds. Local cache hits 1 (0.00s CPU time), remote cache hits 0 (0.00s CPU time), compiled 0 variants (0.00s CPU time), skipped 0 variants.
    Prepared data for serialisation in 0.00s
  Pass  (vp, dx11) finished in 0.00 seconds. Local cache hits 1 (0.00s CPU time), remote cache hits 0 (0.00s CPU time), compiled 0 variants (0.00s CPU time), skipped 0 variants.
  Pass  (vp, dx12) finished in 0.00 seconds. Local cache hits 1 (0.00s CPU time), remote cache hits 0 (0.00s CPU time), compiled 0 variants (0.00s CPU time), skipped 0 variants.
    Prepared data for serialisation in 0.00s
  Pass  (fp, dx11) finished in 0.00 seconds. Local cache hits 1 (0.00s CPU time), remote cache hits 0 (0.00s CPU time), compiled 0 variants (0.00s CPU time), skipped 0 variants.
  Pass  (fp, dx12) finished in 0.00 seconds. Local cache hits 1 (0.00s CPU time), remote cache hits 0 (0.00s CPU time), compiled 0 variants (0.00s CPU time), skipped 0 variants.
    Prepared data for serialisation in 0.00s
  Pass  (vp, dx11) finished in 0.00 seconds. Local cache hits 1 (0.00s CPU time), remote cache hits 0 (0.00s CPU time), compiled 0 variants (0.00s CPU time), skipped 0 variants.
  Pass  (vp, dx12) finished in 0.00 seconds. Local cache hits 1 (0.00s CPU time), remote cache hits 0 (0.00s CPU time), compiled 0 variants (0.00s CPU time), skipped 0 variants.
    Prepared data for serialisation in 0.00s
  Pass  (fp, dx11) finished in 0.00 seconds. Local cache hits 1 (0.00s CPU time), remote cache hits 0 (0.00s CPU time), compiled 0 variants (0.00s CPU time), skipped 0 variants.
  Pass  (fp, dx12) finished in 0.00 seconds. Local cache hits 1 (0.00s CPU time), remote cache hits 0 (0.00s CPU time), compiled 0 variants (0.00s CPU time), skipped 0 variants.
    Prepared data for serialisation in 0.00s
Serialized binary data for shader Hidden/Internal-ODSWorldTexture in 0.00s
    dx11 (total internal programs: 20, unique: 15)
    dx12 (total internal programs: 20, unique: 15)
Compiling shader "Hidden/Internal-CubemapToEquirect"
  Pass "" (vp)
    Target graphics API: dx11
    Full variant space:         1
    After settings filtering:   1
    After built-in stripping:   1
    After scriptable stripping: 1
    Processed in 0.00 seconds
    Target graphics API: dx12
    Full variant space:         1
    After settings filtering:   1
    After built-in stripping:   1
    After scriptable stripping: 1
    Processed in 0.00 seconds
  Pass "" (fp)
    Target graphics API: dx11
    Full variant space:         1
    After settings filtering:   1
    After built-in stripping:   1
    After scriptable stripping: 1
    Processed in 0.00 seconds
    Target graphics API: dx12
    Full variant space:         1
    After settings filtering:   1
    After built-in stripping:   1
    After scriptable stripping: 1
    Processed in 0.00 seconds
  Pass  (vp, dx11) finished in 0.00 seconds. Local cache hits 1 (0.00s CPU time), remote cache hits 0 (0.00s CPU time), compiled 0 variants (0.00s CPU time), skipped 0 variants.
  Pass  (vp, dx12) finished in 0.00 seconds. Local cache hits 1 (0.00s CPU time), remote cache hits 0 (0.00s CPU time), compiled 0 variants (0.00s CPU time), skipped 0 variants.
    Prepared data for serialisation in 0.00s
  Pass  (fp, dx11) finished in 0.00 seconds. Local cache hits 1 (0.00s CPU time), remote cache hits 0 (0.00s CPU time), compiled 0 variants (0.00s CPU time), skipped 0 variants.
  Pass  (fp, dx12) finished in 0.00 seconds. Local cache hits 1 (0.00s CPU time), remote cache hits 0 (0.00s CPU time), compiled 0 variants (0.00s CPU time), skipped 0 variants.
    Prepared data for serialisation in 0.00s
Serialized binary data for shader Hidden/Internal-CubemapToEquirect in 0.00s
    dx11 (total internal programs: 2, unique: 2)
    dx12 (total internal programs: 2, unique: 2)
Compiling shader "Hidden/VR/BlitFromTex2DToTexArraySlice"
  Pass "" (vp)
    Target graphics API: dx11
    Full variant space:         1
    After settings filtering:   1
    After built-in stripping:   1
    After scriptable stripping: 1
    Processed in 0.00 seconds
    Target graphics API: dx12
    Full variant space:         1
    After settings filtering:   1
    After built-in stripping:   1
    After scriptable stripping: 1
    Processed in 0.00 seconds
  Pass "" (fp)
    Target graphics API: dx11
    Full variant space:         1
    After settings filtering:   1
    After built-in stripping:   1
    After scriptable stripping: 1
    Processed in 0.00 seconds
    Target graphics API: dx12
    Full variant space:         1
    After settings filtering:   1
    After built-in stripping:   1
    After scriptable stripping: 1
    Processed in 0.00 seconds
  Pass "" (vp)
    Target graphics API: dx11
    Full variant space:         1
    After settings filtering:   1
    After built-in stripping:   1
    After scriptable stripping: 1
    Processed in 0.00 seconds
    Target graphics API: dx12
    Full variant space:         1
    After settings filtering:   1
    After built-in stripping:   1
    After scriptable stripping: 1
    Processed in 0.00 seconds
  Pass "" (fp)
    Target graphics API: dx11
    Full variant space:         1
    After settings filtering:   1
    After built-in stripping:   1
    After scriptable stripping: 1
    Processed in 0.00 seconds
    Target graphics API: dx12
    Full variant space:         1
    After settings filtering:   1
    After built-in stripping:   1
    After scriptable stripping: 1
    Processed in 0.00 seconds
  Pass "" (gp)
    Target graphics API: dx11
    Full variant space:         1
    After settings filtering:   1
    After built-in stripping:   1
    After scriptable stripping: 1
    Processed in 0.00 seconds
    Target graphics API: dx12
    Full variant space:         1
    After settings filtering:   1
    After built-in stripping:   1
    After scriptable stripping: 1
    Processed in 0.00 seconds
  Pass  (vp, dx11) finished in 0.01 seconds. Local cache hits 1 (0.00s CPU time), remote cache hits 0 (0.00s CPU time), compiled 0 variants (0.00s CPU time), skipped 0 variants.
  Pass  (vp, dx12) finished in 0.01 seconds. Local cache hits 1 (0.00s CPU time), remote cache hits 0 (0.00s CPU time), compiled 0 variants (0.00s CPU time), skipped 0 variants.
    Prepared data for serialisation in 0.00s
  Pass  (fp, dx11) finished in 0.01 seconds. Local cache hits 1 (0.00s CPU time), remote cache hits 0 (0.00s CPU time), compiled 0 variants (0.00s CPU time), skipped 0 variants.
  Pass  (fp, dx12) finished in 0.01 seconds. Local cache hits 1 (0.00s CPU time), remote cache hits 0 (0.00s CPU time), compiled 0 variants (0.00s CPU time), skipped 0 variants.
    Prepared data for serialisation in 0.00s
  Pass  (vp, dx11) finished in 0.01 seconds. Local cache hits 1 (0.00s CPU time), remote cache hits 0 (0.00s CPU time), compiled 0 variants (0.00s CPU time), skipped 0 variants.
  Pass  (vp, dx12) finished in 0.00 seconds. Local cache hits 1 (0.00s CPU time), remote cache hits 0 (0.00s CPU time), compiled 0 variants (0.00s CPU time), skipped 0 variants.
    Prepared data for serialisation in 0.00s
  Pass  (fp, dx11) finished in 0.00 seconds. Local cache hits 1 (0.00s CPU time), remote cache hits 0 (0.00s CPU time), compiled 0 variants (0.00s CPU time), skipped 0 variants.
  Pass  (fp, dx12) finished in 0.00 seconds. Local cache hits 1 (0.00s CPU time), remote cache hits 0 (0.00s CPU time), compiled 0 variants (0.00s CPU time), skipped 0 variants.
    Prepared data for serialisation in 0.00s
  Pass  (gp, dx11) finished in 0.00 seconds. Local cache hits 1 (0.00s CPU time), remote cache hits 0 (0.00s CPU time), compiled 0 variants (0.00s CPU time), skipped 0 variants.
  Pass  (gp, dx12) finished in 0.00 seconds. Local cache hits 1 (0.00s CPU time), remote cache hits 0 (0.00s CPU time), compiled 0 variants (0.00s CPU time), skipped 0 variants.
    Prepared data for serialisation in 0.00s
Serialized binary data for shader Hidden/VR/BlitFromTex2DToTexArraySlice in 0.00s
    dx11 (total internal programs: 5, unique: 5)
    dx12 (total internal programs: 5, unique: 5)
Compiling shader "Hidden/VideoComposite"
  Pass "Default" (vp)
    Target graphics API: dx11
    Full variant space:         1
    After settings filtering:   1
    After built-in stripping:   1
    After scriptable stripping: 1
    Processed in 0.00 seconds
    Target graphics API: dx12
    Full variant space:         1
    After settings filtering:   1
    After built-in stripping:   1
    After scriptable stripping: 1
    Processed in 0.00 seconds
  Pass "Default" (fp)
    Target graphics API: dx11
    Full variant space:         1
    After settings filtering:   1
    After built-in stripping:   1
    After scriptable stripping: 1
    Processed in 0.00 seconds
    Target graphics API: dx12
    Full variant space:         1
    After settings filtering:   1
    After built-in stripping:   1
    After scriptable stripping: 1
    Processed in 0.00 seconds
  Pass Default (vp, dx11) finished in 0.00 seconds. Local cache hits 1 (0.00s CPU time), remote cache hits 0 (0.00s CPU time), compiled 0 variants (0.00s CPU time), skipped 0 variants.
  Pass Default (vp, dx12) finished in 0.00 seconds. Local cache hits 1 (0.00s CPU time), remote cache hits 0 (0.00s CPU time), compiled 0 variants (0.00s CPU time), skipped 0 variants.
    Prepared data for serialisation in 0.00s
  Pass Default (fp, dx11) finished in 0.00 seconds. Local cache hits 1 (0.00s CPU time), remote cache hits 0 (0.00s CPU time), compiled 0 variants (0.00s CPU time), skipped 0 variants.
  Pass Default (fp, dx12) finished in 0.00 seconds. Local cache hits 1 (0.00s CPU time), remote cache hits 0 (0.00s CPU time), compiled 0 variants (0.00s CPU time), skipped 0 variants.
    Prepared data for serialisation in 0.00s
Serialized binary data for shader Hidden/VideoComposite in 0.00s
    dx11 (total internal programs: 2, unique: 2)
    dx12 (total internal programs: 2, unique: 2)
Compiling shader "Hidden/VideoDecode"
  Pass "YCbCr_To_RGB1" (vp)
    Target graphics API: dx11
    Full variant space:         2
    After settings filtering:   2
    After built-in stripping:   2
    After scriptable stripping: 2
    Processed in 0.00 seconds
    Target graphics API: dx12
    Full variant space:         2
    After settings filtering:   2
    After built-in stripping:   2
    After scriptable stripping: 2
    Processed in 0.00 seconds
  Pass "YCbCr_To_RGB1" (fp)
    Target graphics API: dx11
    Full variant space:         2
    After settings filtering:   2
    After built-in stripping:   2
    After scriptable stripping: 2
    Processed in 0.00 seconds
    Target graphics API: dx12
    Full variant space:         2
    After settings filtering:   2
    After built-in stripping:   2
    After scriptable stripping: 2
    Processed in 0.00 seconds
  Pass "YCbCrA_To_RGBAFull" (vp)
    Target graphics API: dx11
    Full variant space:         2
    After settings filtering:   2
    After built-in stripping:   2
    After scriptable stripping: 2
    Processed in 0.00 seconds
    Target graphics API: dx12
    Full variant space:         2
    After settings filtering:   2
    After built-in stripping:   2
    After scriptable stripping: 2
    Processed in 0.00 seconds
  Pass "YCbCrA_To_RGBAFull" (fp)
    Target graphics API: dx11
    Full variant space:         2
    After settings filtering:   2
    After built-in stripping:   2
    After scriptable stripping: 2
    Processed in 0.00 seconds
    Target graphics API: dx12
    Full variant space:         2
    After settings filtering:   2
    After built-in stripping:   2
    After scriptable stripping: 2
    Processed in 0.00 seconds
  Pass "YCbCrA_To_RGBA" (vp)
    Target graphics API: dx11
    Full variant space:         2
    After settings filtering:   2
    After built-in stripping:   2
    After scriptable stripping: 2
    Processed in 0.00 seconds
    Target graphics API: dx12
    Full variant space:         2
    After settings filtering:   2
    After built-in stripping:   2
    After scriptable stripping: 2
    Processed in 0.00 seconds
  Pass "YCbCrA_To_RGBA" (fp)
    Target graphics API: dx11
    Full variant space:         2
    After settings filtering:   2
    After built-in stripping:   2
    After scriptable stripping: 2
    Processed in 0.00 seconds
    Target graphics API: dx12
    Full variant space:         2
    After settings filtering:   2
    After built-in stripping:   2
    After scriptable stripping: 2
    Processed in 0.00 seconds
  Pass "Flip_RGBA_To_RGBA" (vp)
    Target graphics API: dx11
    Full variant space:         2
    After settings filtering:   2
    After built-in stripping:   2
    After scriptable stripping: 2
    Processed in 0.00 seconds
    Target graphics API: dx12
    Full variant space:         2
    After settings filtering:   2
    After built-in stripping:   2
    After scriptable stripping: 2
    Processed in 0.00 seconds
  Pass "Flip_RGBA_To_RGBA" (fp)
    Target graphics API: dx11
    Full variant space:         2
    After settings filtering:   2
    After built-in stripping:   2
    After scriptable stripping: 2
    Processed in 0.00 seconds
    Target graphics API: dx12
    Full variant space:         2
    After settings filtering:   2
    After built-in stripping:   2
    After scriptable stripping: 2
    Processed in 0.00 seconds
  Pass "Flip_RGBASplit_To_RGBA" (vp)
    Target graphics API: dx11
    Full variant space:         2
    After settings filtering:   2
    After built-in stripping:   2
    After scriptable stripping: 2
    Processed in 0.00 seconds
    Target graphics API: dx12
    Full variant space:         2
    After settings filtering:   2
    After built-in stripping:   2
    After scriptable stripping: 2
    Processed in 0.00 seconds
  Pass "Flip_RGBASplit_To_RGBA" (fp)
    Target graphics API: dx11
    Full variant space:         2
    After settings filtering:   2
    After built-in stripping:   2
    After scriptable stripping: 2
    Processed in 0.00 seconds
    Target graphics API: dx12
    Full variant space:         2
    After settings filtering:   2
    After built-in stripping:   2
    After scriptable stripping: 2
    Processed in 0.00 seconds
  Pass "Flip_NV12_To_RGB1" (vp)
    Target graphics API: dx11
    Full variant space:         2
    After settings filtering:   2
    After built-in stripping:   2
    After scriptable stripping: 2
    Processed in 0.00 seconds
    Target graphics API: dx12
    Full variant space:         2
    After settings filtering:   2
    After built-in stripping:   2
    After scriptable stripping: 2
    Processed in 0.00 seconds
  Pass "Flip_NV12_To_RGB1" (fp)
    Target graphics API: dx11
    Full variant space:         2
    After settings filtering:   2
    After built-in stripping:   2
    After scriptable stripping: 2
    Processed in 0.00 seconds
    Target graphics API: dx12
    Full variant space:         2
    After settings filtering:   2
    After built-in stripping:   2
    After scriptable stripping: 2
    Processed in 0.00 seconds
  Pass "Flip_NV12_To_RGBA" (vp)
    Target graphics API: dx11
    Full variant space:         2
    After settings filtering:   2
    After built-in stripping:   2
    After scriptable stripping: 2
    Processed in 0.00 seconds
    Target graphics API: dx12
    Full variant space:         2
    After settings filtering:   2
    After built-in stripping:   2
    After scriptable stripping: 2
    Processed in 0.00 seconds
  Pass "Flip_NV12_To_RGBA" (fp)
    Target graphics API: dx11
    Full variant space:         2
    After settings filtering:   2
    After built-in stripping:   2
    After scriptable stripping: 2
    Processed in 0.00 seconds
    Target graphics API: dx12
    Full variant space:         2
    After settings filtering:   2
    After built-in stripping:   2
    After scriptable stripping: 2
    Processed in 0.00 seconds
  Pass "Flip_P010_To_RGB1" (vp)
    Target graphics API: dx11
    Full variant space:         1
    After settings filtering:   1
    After built-in stripping:   1
    After scriptable stripping: 1
    Processed in 0.00 seconds
    Target graphics API: dx12
    Full variant space:         1
    After settings filtering:   1
    After built-in stripping:   1
    After scriptable stripping: 1
    Processed in 0.00 seconds
  Pass "Flip_P010_To_RGB1" (fp)
    Target graphics API: dx11
    Full variant space:         1
    After settings filtering:   1
    After built-in stripping:   1
    After scriptable stripping: 1
    Processed in 0.00 seconds
    Target graphics API: dx12
    Full variant space:         1
    After settings filtering:   1
    After built-in stripping:   1
    After scriptable stripping: 1
    Processed in 0.00 seconds
  Pass YCbCr_To_RGB1 (vp, dx11) finished in 0.02 seconds. Local cache hits 2 (0.00s CPU time), remote cache hits 0 (0.00s CPU time), compiled 0 variants (0.00s CPU time), skipped 0 variants.
  Pass YCbCr_To_RGB1 (vp, dx12) finished in 0.02 seconds. Local cache hits 2 (0.00s CPU time), remote cache hits 0 (0.00s CPU time), compiled 0 variants (0.00s CPU time), skipped 0 variants.
    Prepared data for serialisation in 0.00s
  Pass YCbCr_To_RGB1 (fp, dx11) finished in 0.02 seconds. Local cache hits 2 (0.00s CPU time), remote cache hits 0 (0.00s CPU time), compiled 0 variants (0.00s CPU time), skipped 0 variants.
  Pass YCbCr_To_RGB1 (fp, dx12) finished in 0.02 seconds. Local cache hits 2 (0.00s CPU time), remote cache hits 0 (0.00s CPU time), compiled 0 variants (0.00s CPU time), skipped 0 variants.
    Prepared data for serialisation in 0.00s
  Pass YCbCrA_To_RGBAFull (vp, dx11) finished in 0.02 seconds. Local cache hits 2 (0.00s CPU time), remote cache hits 0 (0.00s CPU time), compiled 0 variants (0.00s CPU time), skipped 0 variants.
  Pass YCbCrA_To_RGBAFull (vp, dx12) finished in 0.02 seconds. Local cache hits 2 (0.00s CPU time), remote cache hits 0 (0.00s CPU time), compiled 0 variants (0.00s CPU time), skipped 0 variants.
    Prepared data for serialisation in 0.00s
  Pass YCbCrA_To_RGBAFull (fp, dx11) finished in 0.02 seconds. Local cache hits 2 (0.00s CPU time), remote cache hits 0 (0.00s CPU time), compiled 0 variants (0.00s CPU time), skipped 0 variants.
  Pass YCbCrA_To_RGBAFull (fp, dx12) finished in 0.02 seconds. Local cache hits 2 (0.00s CPU time), remote cache hits 0 (0.00s CPU time), compiled 0 variants (0.00s CPU time), skipped 0 variants.
    Prepared data for serialisation in 0.00s
  Pass YCbCrA_To_RGBA (vp, dx11) finished in 0.02 seconds. Local cache hits 2 (0.00s CPU time), remote cache hits 0 (0.00s CPU time), compiled 0 variants (0.00s CPU time), skipped 0 variants.
  Pass YCbCrA_To_RGBA (vp, dx12) finished in 0.02 seconds. Local cache hits 2 (0.00s CPU time), remote cache hits 0 (0.00s CPU time), compiled 0 variants (0.00s CPU time), skipped 0 variants.
    Prepared data for serialisation in 0.00s
  Pass YCbCrA_To_RGBA (fp, dx11) finished in 0.02 seconds. Local cache hits 2 (0.00s CPU time), remote cache hits 0 (0.00s CPU time), compiled 0 variants (0.00s CPU time), skipped 0 variants.
  Pass YCbCrA_To_RGBA (fp, dx12) finished in 0.02 seconds. Local cache hits 2 (0.00s CPU time), remote cache hits 0 (0.00s CPU time), compiled 0 variants (0.00s CPU time), skipped 0 variants.
    Prepared data for serialisation in 0.00s
  Pass Flip_RGBA_To_RGBA (vp, dx11) finished in 0.01 seconds. Local cache hits 2 (0.00s CPU time), remote cache hits 0 (0.00s CPU time), compiled 0 variants (0.00s CPU time), skipped 0 variants.
  Pass Flip_RGBA_To_RGBA (vp, dx12) finished in 0.00 seconds. Local cache hits 2 (0.00s CPU time), remote cache hits 0 (0.00s CPU time), compiled 0 variants (0.00s CPU time), skipped 0 variants.
    Prepared data for serialisation in 0.00s
  Pass Flip_RGBA_To_RGBA (fp, dx11) finished in 0.00 seconds. Local cache hits 2 (0.00s CPU time), remote cache hits 0 (0.00s CPU time), compiled 0 variants (0.00s CPU time), skipped 0 variants.
  Pass Flip_RGBA_To_RGBA (fp, dx12) finished in 0.00 seconds. Local cache hits 2 (0.00s CPU time), remote cache hits 0 (0.00s CPU time), compiled 0 variants (0.00s CPU time), skipped 0 variants.
    Prepared data for serialisation in 0.00s
  Pass Flip_RGBASplit_To_RGBA (vp, dx11) finished in 0.00 seconds. Local cache hits 2 (0.00s CPU time), remote cache hits 0 (0.00s CPU time), compiled 0 variants (0.00s CPU time), skipped 0 variants.
  Pass Flip_RGBASplit_To_RGBA (vp, dx12) finished in 0.00 seconds. Local cache hits 2 (0.00s CPU time), remote cache hits 0 (0.00s CPU time), compiled 0 variants (0.00s CPU time), skipped 0 variants.
    Prepared data for serialisation in 0.00s
  Pass Flip_RGBASplit_To_RGBA (fp, dx11) finished in 0.00 seconds. Local cache hits 2 (0.00s CPU time), remote cache hits 0 (0.00s CPU time), compiled 0 variants (0.00s CPU time), skipped 0 variants.
  Pass Flip_RGBASplit_To_RGBA (fp, dx12) finished in 0.00 seconds. Local cache hits 2 (0.00s CPU time), remote cache hits 0 (0.00s CPU time), compiled 0 variants (0.00s CPU time), skipped 0 variants.
    Prepared data for serialisation in 0.00s
  Pass Flip_NV12_To_RGB1 (vp, dx11) finished in 0.00 seconds. Local cache hits 2 (0.00s CPU time), remote cache hits 0 (0.00s CPU time), compiled 0 variants (0.00s CPU time), skipped 0 variants.
  Pass Flip_NV12_To_RGB1 (vp, dx12) finished in 0.00 seconds. Local cache hits 2 (0.00s CPU time), remote cache hits 0 (0.00s CPU time), compiled 0 variants (0.00s CPU time), skipped 0 variants.
    Prepared data for serialisation in 0.00s
  Pass Flip_NV12_To_RGB1 (fp, dx11) finished in 0.00 seconds. Local cache hits 2 (0.00s CPU time), remote cache hits 0 (0.00s CPU time), compiled 0 variants (0.00s CPU time), skipped 0 variants.
  Pass Flip_NV12_To_RGB1 (fp, dx12) finished in 0.00 seconds. Local cache hits 2 (0.00s CPU time), remote cache hits 0 (0.00s CPU time), compiled 0 variants (0.00s CPU time), skipped 0 variants.
    Prepared data for serialisation in 0.00s
  Pass Flip_NV12_To_RGBA (vp, dx11) finished in 0.00 seconds. Local cache hits 2 (0.00s CPU time), remote cache hits 0 (0.00s CPU time), compiled 0 variants (0.00s CPU time), skipped 0 variants.
  Pass Flip_NV12_To_RGBA (vp, dx12) finished in 0.00 seconds. Local cache hits 2 (0.00s CPU time), remote cache hits 0 (0.00s CPU time), compiled 0 variants (0.00s CPU time), skipped 0 variants.
    Prepared data for serialisation in 0.00s
  Pass Flip_NV12_To_RGBA (fp, dx11) finished in 0.00 seconds. Local cache hits 2 (0.00s CPU time), remote cache hits 0 (0.00s CPU time), compiled 0 variants (0.00s CPU time), skipped 0 variants.
  Pass Flip_NV12_To_RGBA (fp, dx12) finished in 0.00 seconds. Local cache hits 2 (0.00s CPU time), remote cache hits 0 (0.00s CPU time), compiled 0 variants (0.00s CPU time), skipped 0 variants.
    Prepared data for serialisation in 0.00s
  Pass Flip_P010_To_RGB1 (vp, dx11) finished in 0.00 seconds. Local cache hits 1 (0.00s CPU time), remote cache hits 0 (0.00s CPU time), compiled 0 variants (0.00s CPU time), skipped 0 variants.
  Pass Flip_P010_To_RGB1 (vp, dx12) finished in 0.00 seconds. Local cache hits 1 (0.00s CPU time), remote cache hits 0 (0.00s CPU time), compiled 0 variants (0.00s CPU time), skipped 0 variants.
    Prepared data for serialisation in 0.00s
  Pass Flip_P010_To_RGB1 (fp, dx11) finished in 0.00 seconds. Local cache hits 1 (0.00s CPU time), remote cache hits 0 (0.00s CPU time), compiled 0 variants (0.00s CPU time), skipped 0 variants.
  Pass Flip_P010_To_RGB1 (fp, dx12) finished in 0.00 seconds. Local cache hits 1 (0.00s CPU time), remote cache hits 0 (0.00s CPU time), compiled 0 variants (0.00s CPU time), skipped 0 variants.
    Prepared data for serialisation in 0.00s
Serialized binary data for shader Hidden/VideoDecode in 0.00s
    dx11 (total internal programs: 30, unique: 19)
    dx12 (total internal programs: 30, unique: 19)
Compiling shader "Hidden/TextCore/Distance Field SSD"
  Pass "" (vp)
    Target graphics API: dx11
    Full variant space:         1
    After settings filtering:   1
    After built-in stripping:   1
    After scriptable stripping: 1
    Processed in 0.00 seconds
    Target graphics API: dx12
    Full variant space:         1
    After settings filtering:   1
    After built-in stripping:   1
    After scriptable stripping: 1
    Processed in 0.00 seconds
  Pass "" (fp)
    Target graphics API: dx11
    Full variant space:         1
    After settings filtering:   1
    After built-in stripping:   1
    After scriptable stripping: 1
    Processed in 0.00 seconds
    Target graphics API: dx12
    Full variant space:         1
    After settings filtering:   1
    After built-in stripping:   1
    After scriptable stripping: 1
    Processed in 0.00 seconds
  Pass  (vp, dx11) finished in 0.01 seconds. Local cache hits 1 (0.00s CPU time), remote cache hits 0 (0.00s CPU time), compiled 0 variants (0.00s CPU time), skipped 0 variants.
  Pass  (vp, dx12) finished in 0.00 seconds. Local cache hits 1 (0.00s CPU time), remote cache hits 0 (0.00s CPU time), compiled 0 variants (0.00s CPU time), skipped 0 variants.
    Prepared data for serialisation in 0.00s
  Pass  (fp, dx11) finished in 0.00 seconds. Local cache hits 1 (0.00s CPU time), remote cache hits 0 (0.00s CPU time), compiled 0 variants (0.00s CPU time), skipped 0 variants.
  Pass  (fp, dx12) finished in 0.00 seconds. Local cache hits 1 (0.00s CPU time), remote cache hits 0 (0.00s CPU time), compiled 0 variants (0.00s CPU time), skipped 0 variants.
    Prepared data for serialisation in 0.00s
Serialized binary data for shader Hidden/TextCore/Distance Field SSD in 0.00s
    dx11 (total internal programs: 2, unique: 2)
    dx12 (total internal programs: 2, unique: 2)
Compiling shader "Hidden/Physics2D/SDF_CircleGeometry"
  Pass "" (vp)
    Target graphics API: dx11
    Full variant space:         2
    After settings filtering:   2
    After built-in stripping:   1
    After scriptable stripping: 1
    Processed in 0.00 seconds
    Target graphics API: dx12
    Full variant space:         2
    After settings filtering:   2
    After built-in stripping:   1
    After scriptable stripping: 1
    Processed in 0.00 seconds
  Pass "" (fp)
    Target graphics API: dx11
    Full variant space:         2
    After settings filtering:   2
    After built-in stripping:   1
    After scriptable stripping: 1
    Processed in 0.00 seconds
    Target graphics API: dx12
    Full variant space:         2
    After settings filtering:   2
    After built-in stripping:   1
    After scriptable stripping: 1
    Processed in 0.00 seconds
  Pass  (vp, dx11) finished in 0.00 seconds. Local cache hits 1 (0.00s CPU time), remote cache hits 0 (0.00s CPU time), compiled 0 variants (0.00s CPU time), skipped 0 variants.
  Pass  (vp, dx12) finished in 0.00 seconds. Local cache hits 1 (0.00s CPU time), remote cache hits 0 (0.00s CPU time), compiled 0 variants (0.00s CPU time), skipped 0 variants.
    Prepared data for serialisation in 0.00s
  Pass  (fp, dx11) finished in 0.00 seconds. Local cache hits 1 (0.00s CPU time), remote cache hits 0 (0.00s CPU time), compiled 0 variants (0.00s CPU time), skipped 0 variants.
  Pass  (fp, dx12) finished in 0.00 seconds. Local cache hits 1 (0.00s CPU time), remote cache hits 0 (0.00s CPU time), compiled 0 variants (0.00s CPU time), skipped 0 variants.
    Prepared data for serialisation in 0.00s
Serialized binary data for shader Hidden/Physics2D/SDF_CircleGeometry in 0.00s
    dx11 (total internal programs: 2, unique: 2)
    dx12 (total internal programs: 2, unique: 2)
Compiling shader "Hidden/Physics2D/SDF_CapsuleGeometry"
  Pass "" (vp)
    Target graphics API: dx11
    Full variant space:         2
    After settings filtering:   2
    After built-in stripping:   1
    After scriptable stripping: 1
    Processed in 0.00 seconds
    Target graphics API: dx12
    Full variant space:         2
    After settings filtering:   2
    After built-in stripping:   1
    After scriptable stripping: 1
    Processed in 0.00 seconds
  Pass "" (fp)
    Target graphics API: dx11
    Full variant space:         2
    After settings filtering:   2
    After built-in stripping:   1
    After scriptable stripping: 1
    Processed in 0.00 seconds
    Target graphics API: dx12
    Full variant space:         2
    After settings filtering:   2
    After built-in stripping:   1
    After scriptable stripping: 1
    Processed in 0.00 seconds
  Pass  (vp, dx11) finished in 0.00 seconds. Local cache hits 1 (0.00s CPU time), remote cache hits 0 (0.00s CPU time), compiled 0 variants (0.00s CPU time), skipped 0 variants.
  Pass  (vp, dx12) finished in 0.00 seconds. Local cache hits 1 (0.00s CPU time), remote cache hits 0 (0.00s CPU time), compiled 0 variants (0.00s CPU time), skipped 0 variants.
    Prepared data for serialisation in 0.00s
  Pass  (fp, dx11) finished in 0.00 seconds. Local cache hits 1 (0.00s CPU time), remote cache hits 0 (0.00s CPU time), compiled 0 variants (0.00s CPU time), skipped 0 variants.
  Pass  (fp, dx12) finished in 0.00 seconds. Local cache hits 1 (0.00s CPU time), remote cache hits 0 (0.00s CPU time), compiled 0 variants (0.00s CPU time), skipped 0 variants.
    Prepared data for serialisation in 0.00s
Serialized binary data for shader Hidden/Physics2D/SDF_CapsuleGeometry in 0.00s
    dx11 (total internal programs: 2, unique: 2)
    dx12 (total internal programs: 2, unique: 2)
Compiling shader "Hidden/Physics2D/SDF_PolygonGeometry"
  Pass "" (vp)
    Target graphics API: dx11
    Full variant space:         2
    After settings filtering:   2
    After built-in stripping:   1
    After scriptable stripping: 1
    Processed in 0.00 seconds
    Target graphics API: dx12
    Full variant space:         2
    After settings filtering:   2
    After built-in stripping:   1
    After scriptable stripping: 1
    Processed in 0.00 seconds
  Pass "" (fp)
    Target graphics API: dx11
    Full variant space:         2
    After settings filtering:   2
    After built-in stripping:   1
    After scriptable stripping: 1
    Processed in 0.00 seconds
    Target graphics API: dx12
    Full variant space:         2
    After settings filtering:   2
    After built-in stripping:   1
    After scriptable stripping: 1
    Processed in 0.00 seconds
  Pass  (vp, dx11) finished in 0.00 seconds. Local cache hits 1 (0.00s CPU time), remote cache hits 0 (0.00s CPU time), compiled 0 variants (0.00s CPU time), skipped 0 variants.
  Pass  (vp, dx12) finished in 0.00 seconds. Local cache hits 1 (0.00s CPU time), remote cache hits 0 (0.00s CPU time), compiled 0 variants (0.00s CPU time), skipped 0 variants.
    Prepared data for serialisation in 0.00s
  Pass  (fp, dx11) finished in 0.00 seconds. Local cache hits 1 (0.00s CPU time), remote cache hits 0 (0.00s CPU time), compiled 0 variants (0.00s CPU time), skipped 0 variants.
  Pass  (fp, dx12) finished in 0.00 seconds. Local cache hits 1 (0.00s CPU time), remote cache hits 0 (0.00s CPU time), compiled 0 variants (0.00s CPU time), skipped 0 variants.
    Prepared data for serialisation in 0.00s
Serialized binary data for shader Hidden/Physics2D/SDF_PolygonGeometry in 0.00s
    dx11 (total internal programs: 2, unique: 2)
    dx12 (total internal programs: 2, unique: 2)
Compiling shader "Hidden/Physics2D/SDF_Line"
  Pass "" (vp)
    Target graphics API: dx11
    Full variant space:         2
    After settings filtering:   2
    After built-in stripping:   1
    After scriptable stripping: 1
    Processed in 0.00 seconds
    Target graphics API: dx12
    Full variant space:         2
    After settings filtering:   2
    After built-in stripping:   1
    After scriptable stripping: 1
    Processed in 0.00 seconds
  Pass "" (fp)
    Target graphics API: dx11
    Full variant space:         2
    After settings filtering:   2
    After built-in stripping:   1
    After scriptable stripping: 1
    Processed in 0.00 seconds
    Target graphics API: dx12
    Full variant space:         2
    After settings filtering:   2
    After built-in stripping:   1
    After scriptable stripping: 1
    Processed in 0.00 seconds
  Pass  (vp, dx11) finished in 0.00 seconds. Local cache hits 1 (0.00s CPU time), remote cache hits 0 (0.00s CPU time), compiled 0 variants (0.00s CPU time), skipped 0 variants.
  Pass  (vp, dx12) finished in 0.00 seconds. Local cache hits 1 (0.00s CPU time), remote cache hits 0 (0.00s CPU time), compiled 0 variants (0.00s CPU time), skipped 0 variants.
    Prepared data for serialisation in 0.00s
  Pass  (fp, dx11) finished in 0.00 seconds. Local cache hits 1 (0.00s CPU time), remote cache hits 0 (0.00s CPU time), compiled 0 variants (0.00s CPU time), skipped 0 variants.
  Pass  (fp, dx12) finished in 0.00 seconds. Local cache hits 1 (0.00s CPU time), remote cache hits 0 (0.00s CPU time), compiled 0 variants (0.00s CPU time), skipped 0 variants.
    Prepared data for serialisation in 0.00s
Serialized binary data for shader Hidden/Physics2D/SDF_Line in 0.00s
    dx11 (total internal programs: 2, unique: 2)
    dx12 (total internal programs: 2, unique: 2)
Compiling shader "Hidden/Physics2D/SDF_Point"
  Pass "" (vp)
    Target graphics API: dx11
    Full variant space:         2
    After settings filtering:   2
    After built-in stripping:   1
    After scriptable stripping: 1
    Processed in 0.00 seconds
    Target graphics API: dx12
    Full variant space:         2
    After settings filtering:   2
    After built-in stripping:   1
    After scriptable stripping: 1
    Processed in 0.00 seconds
  Pass "" (fp)
    Target graphics API: dx11
    Full variant space:         2
    After settings filtering:   2
    After built-in stripping:   1
    After scriptable stripping: 1
    Processed in 0.00 seconds
    Target graphics API: dx12
    Full variant space:         2
    After settings filtering:   2
    After built-in stripping:   1
    After scriptable stripping: 1
    Processed in 0.00 seconds
  Pass  (vp, dx11) finished in 0.01 seconds. Local cache hits 1 (0.00s CPU time), remote cache hits 0 (0.00s CPU time), compiled 0 variants (0.00s CPU time), skipped 0 variants.
  Pass  (vp, dx12) finished in 0.00 seconds. Local cache hits 1 (0.00s CPU time), remote cache hits 0 (0.00s CPU time), compiled 0 variants (0.00s CPU time), skipped 0 variants.
    Prepared data for serialisation in 0.00s
  Pass  (fp, dx11) finished in 0.00 seconds. Local cache hits 1 (0.00s CPU time), remote cache hits 0 (0.00s CPU time), compiled 0 variants (0.00s CPU time), skipped 0 variants.
  Pass  (fp, dx12) finished in 0.00 seconds. Local cache hits 1 (0.00s CPU time), remote cache hits 0 (0.00s CPU time), compiled 0 variants (0.00s CPU time), skipped 0 variants.
    Prepared data for serialisation in 0.00s
Serialized binary data for shader Hidden/Physics2D/SDF_Point in 0.00s
    dx11 (total internal programs: 2, unique: 2)
    dx12 (total internal programs: 2, unique: 2)
Compiling shader "Aether/LegacyToon"
  Pass "" (vp)
    Target graphics API: dx11
    Full variant space:         332
    After settings filtering:   332
    After built-in stripping:   8
    After scriptable stripping: 8
    Processed in 0.00 seconds
    Target graphics API: dx12
    Full variant space:         332
    After settings filtering:   332
    After built-in stripping:   8
    After scriptable stripping: 8
    Processed in 0.00 seconds
  Pass "" (fp)
    Target graphics API: dx11
    Full variant space:         252
    After settings filtering:   252
    After built-in stripping:   4
    After scriptable stripping: 4
    Processed in 0.00 seconds
    Target graphics API: dx12
    Full variant space:         252
    After settings filtering:   252
    After built-in stripping:   4
    After scriptable stripping: 4
    Processed in 0.00 seconds
  Pass "" (vp)
    Target graphics API: dx11
    Full variant space:         1
    After settings filtering:   1
    After built-in stripping:   1
    After scriptable stripping: 1
    Processed in 0.00 seconds
    Target graphics API: dx12
    Full variant space:         1
    After settings filtering:   1
    After built-in stripping:   1
    After scriptable stripping: 1
    Processed in 0.00 seconds
  Pass "" (fp)
    Target graphics API: dx11
    Full variant space:         1
    After settings filtering:   1
    After built-in stripping:   1
    After scriptable stripping: 1
    Processed in 0.00 seconds
    Target graphics API: dx12
    Full variant space:         1
    After settings filtering:   1
    After built-in stripping:   1
    After scriptable stripping: 1
    Processed in 0.00 seconds
  Pass  (vp, dx11) finished in 0.00 seconds. Local cache hits 8 (0.00s CPU time), remote cache hits 0 (0.00s CPU time), compiled 0 variants (0.00s CPU time), skipped 0 variants.
  Pass  (vp, dx12) finished in 0.00 seconds. Local cache hits 8 (0.00s CPU time), remote cache hits 0 (0.00s CPU time), compiled 0 variants (0.00s CPU time), skipped 0 variants.
    Prepared data for serialisation in 0.00s
  Pass  (fp, dx11) finished in 0.00 seconds. Local cache hits 4 (0.00s CPU time), remote cache hits 0 (0.00s CPU time), compiled 0 variants (0.00s CPU time), skipped 0 variants.
  Pass  (fp, dx12) finished in 0.00 seconds. Local cache hits 4 (0.00s CPU time), remote cache hits 0 (0.00s CPU time), compiled 0 variants (0.00s CPU time), skipped 0 variants.
    Prepared data for serialisation in 0.00s
  Pass  (vp, dx11) finished in 0.00 seconds. Local cache hits 1 (0.00s CPU time), remote cache hits 0 (0.00s CPU time), compiled 0 variants (0.00s CPU time), skipped 0 variants.
  Pass  (vp, dx12) finished in 0.00 seconds. Local cache hits 1 (0.00s CPU time), remote cache hits 0 (0.00s CPU time), compiled 0 variants (0.00s CPU time), skipped 0 variants.
    Prepared data for serialisation in 0.00s
  Pass  (fp, dx11) finished in 0.00 seconds. Local cache hits 1 (0.00s CPU time), remote cache hits 0 (0.00s CPU time), compiled 0 variants (0.00s CPU time), skipped 0 variants.
  Pass  (fp, dx12) finished in 0.00 seconds. Local cache hits 1 (0.00s CPU time), remote cache hits 0 (0.00s CPU time), compiled 0 variants (0.00s CPU time), skipped 0 variants.
    Prepared data for serialisation in 0.00s
Serialized binary data for shader Aether/LegacyToon in 0.00s
    dx11 (total internal programs: 14, unique: 14)
    dx12 (total internal programs: 14, unique: 14)
Compiling shader "Aether/Sky"
  Pass "" (vp)
    Target graphics API: dx11
    Full variant space:         1
    After settings filtering:   1
    After built-in stripping:   1
    After scriptable stripping: 1
    Processed in 0.00 seconds
    Target graphics API: dx12
    Full variant space:         1
    After settings filtering:   1
    After built-in stripping:   1
    After scriptable stripping: 1
    Processed in 0.00 seconds
  Pass "" (fp)
    Target graphics API: dx11
    Full variant space:         1
    After settings filtering:   1
    After built-in stripping:   1
    After scriptable stripping: 1
    Processed in 0.00 seconds
    Target graphics API: dx12
    Full variant space:         1
    After settings filtering:   1
    After built-in stripping:   1
    After scriptable stripping: 1
    Processed in 0.00 seconds
  Pass  (vp, dx11) finished in 0.00 seconds. Local cache hits 1 (0.00s CPU time), remote cache hits 0 (0.00s CPU time), compiled 0 variants (0.00s CPU time), skipped 0 variants.
  Pass  (vp, dx12) finished in 0.00 seconds. Local cache hits 1 (0.00s CPU time), remote cache hits 0 (0.00s CPU time), compiled 0 variants (0.00s CPU time), skipped 0 variants.
    Prepared data for serialisation in 0.00s
  Pass  (fp, dx11) finished in 0.00 seconds. Local cache hits 1 (0.00s CPU time), remote cache hits 0 (0.00s CPU time), compiled 0 variants (0.00s CPU time), skipped 0 variants.
  Pass  (fp, dx12) finished in 0.00 seconds. Local cache hits 1 (0.00s CPU time), remote cache hits 0 (0.00s CPU time), compiled 0 variants (0.00s CPU time), skipped 0 variants.
    Prepared data for serialisation in 0.00s
Serialized binary data for shader Aether/Sky in 0.00s
    dx11 (total internal programs: 2, unique: 2)
    dx12 (total internal programs: 2, unique: 2)
Compiling shader "Aether/Shield"
  Pass "" (vp)
    Target graphics API: dx11
    Full variant space:         1
    After settings filtering:   1
    After built-in stripping:   1
    After scriptable stripping: 1
    Processed in 0.00 seconds
    Target graphics API: dx12
    Full variant space:         1
    After settings filtering:   1
    After built-in stripping:   1
    After scriptable stripping: 1
    Processed in 0.00 seconds
  Pass "" (fp)
    Target graphics API: dx11
    Full variant space:         1
    After settings filtering:   1
    After built-in stripping:   1
    After scriptable stripping: 1
    Processed in 0.00 seconds
    Target graphics API: dx12
    Full variant space:         1
    After settings filtering:   1
    After built-in stripping:   1
    After scriptable stripping: 1
    Processed in 0.00 seconds
  Pass  (vp, dx11) finished in 0.00 seconds. Local cache hits 1 (0.00s CPU time), remote cache hits 0 (0.00s CPU time), compiled 0 variants (0.00s CPU time), skipped 0 variants.
  Pass  (vp, dx12) finished in 0.00 seconds. Local cache hits 1 (0.00s CPU time), remote cache hits 0 (0.00s CPU time), compiled 0 variants (0.00s CPU time), skipped 0 variants.
    Prepared data for serialisation in 0.00s
  Pass  (fp, dx11) finished in 0.00 seconds. Local cache hits 1 (0.00s CPU time), remote cache hits 0 (0.00s CPU time), compiled 0 variants (0.00s CPU time), skipped 0 variants.
  Pass  (fp, dx12) finished in 0.00 seconds. Local cache hits 1 (0.00s CPU time), remote cache hits 0 (0.00s CPU time), compiled 0 variants (0.00s CPU time), skipped 0 variants.
    Prepared data for serialisation in 0.00s
Serialized binary data for shader Aether/Shield in 0.00s
    dx11 (total internal programs: 2, unique: 2)
    dx12 (total internal programs: 2, unique: 2)
Compiling shader "Hidden/Aether/Post"
  Pass "" (vp)
    Target graphics API: dx11
    Full variant space:         1
    After settings filtering:   1
    After built-in stripping:   1
    After scriptable stripping: 1
    Processed in 0.00 seconds
    Target graphics API: dx12
    Full variant space:         1
    After settings filtering:   1
    After built-in stripping:   1
    After scriptable stripping: 1
    Processed in 0.00 seconds
  Pass "" (fp)
    Target graphics API: dx11
    Full variant space:         1
    After settings filtering:   1
    After built-in stripping:   1
    After scriptable stripping: 1
    Processed in 0.00 seconds
    Target graphics API: dx12
    Full variant space:         1
    After settings filtering:   1
    After built-in stripping:   1
    After scriptable stripping: 1
    Processed in 0.00 seconds
  Pass "" (vp)
    Target graphics API: dx11
    Full variant space:         1
    After settings filtering:   1
    After built-in stripping:   1
    After scriptable stripping: 1
    Processed in 0.00 seconds
    Target graphics API: dx12
    Full variant space:         1
    After settings filtering:   1
    After built-in stripping:   1
    After scriptable stripping: 1
    Processed in 0.00 seconds
  Pass "" (fp)
    Target graphics API: dx11
    Full variant space:         1
    After settings filtering:   1
    After built-in stripping:   1
    After scriptable stripping: 1
    Processed in 0.00 seconds
    Target graphics API: dx12
    Full variant space:         1
    After settings filtering:   1
    After built-in stripping:   1
    After scriptable stripping: 1
    Processed in 0.00 seconds
  Pass "" (vp)
    Target graphics API: dx11
    Full variant space:         1
    After settings filtering:   1
    After built-in stripping:   1
    After scriptable stripping: 1
    Processed in 0.00 seconds
    Target graphics API: dx12
    Full variant space:         1
    After settings filtering:   1
    After built-in stripping:   1
    After scriptable stripping: 1
    Processed in 0.00 seconds
  Pass "" (fp)
    Target graphics API: dx11
    Full variant space:         1
    After settings filtering:   1
    After built-in stripping:   1
    After scriptable stripping: 1
    Processed in 0.00 seconds
    Target graphics API: dx12
    Full variant space:         1
    After settings filtering:   1
    After built-in stripping:   1
    After scriptable stripping: 1
    Processed in 0.00 seconds
  Pass  (vp, dx11) finished in 0.01 seconds. Local cache hits 1 (0.00s CPU time), remote cache hits 0 (0.00s CPU time), compiled 0 variants (0.00s CPU time), skipped 0 variants.
  Pass  (vp, dx12) finished in 0.01 seconds. Local cache hits 1 (0.00s CPU time), remote cache hits 0 (0.00s CPU time), compiled 0 variants (0.00s CPU time), skipped 0 variants.
    Prepared data for serialisation in 0.00s
  Pass  (fp, dx11) finished in 0.00 seconds. Local cache hits 1 (0.00s CPU time), remote cache hits 0 (0.00s CPU time), compiled 0 variants (0.00s CPU time), skipped 0 variants.
  Pass  (fp, dx12) finished in 0.00 seconds. Local cache hits 1 (0.00s CPU time), remote cache hits 0 (0.00s CPU time), compiled 0 variants (0.00s CPU time), skipped 0 variants.
    Prepared data for serialisation in 0.00s
  Pass  (vp, dx11) finished in 0.00 seconds. Local cache hits 1 (0.00s CPU time), remote cache hits 0 (0.00s CPU time), compiled 0 variants (0.00s CPU time), skipped 0 variants.
  Pass  (vp, dx12) finished in 0.00 seconds. Local cache hits 1 (0.00s CPU time), remote cache hits 0 (0.00s CPU time), compiled 0 variants (0.00s CPU time), skipped 0 variants.
    Prepared data for serialisation in 0.00s
  Pass  (fp, dx11) finished in 0.00 seconds. Local cache hits 1 (0.00s CPU time), remote cache hits 0 (0.00s CPU time), compiled 0 variants (0.00s CPU time), skipped 0 variants.
  Pass  (fp, dx12) finished in 0.00 seconds. Local cache hits 1 (0.00s CPU time), remote cache hits 0 (0.00s CPU time), compiled 0 variants (0.00s CPU time), skipped 0 variants.
    Prepared data for serialisation in 0.00s
  Pass  (vp, dx11) finished in 0.00 seconds. Local cache hits 1 (0.00s CPU time), remote cache hits 0 (0.00s CPU time), compiled 0 variants (0.00s CPU time), skipped 0 variants.
  Pass  (vp, dx12) finished in 0.00 seconds. Local cache hits 1 (0.00s CPU time), remote cache hits 0 (0.00s CPU time), compiled 0 variants (0.00s CPU time), skipped 0 variants.
    Prepared data for serialisation in 0.00s
  Pass  (fp, dx11) finished in 0.00 seconds. Local cache hits 1 (0.00s CPU time), remote cache hits 0 (0.00s CPU time), compiled 0 variants (0.00s CPU time), skipped 0 variants.
  Pass  (fp, dx12) finished in 0.00 seconds. Local cache hits 1 (0.00s CPU time), remote cache hits 0 (0.00s CPU time), compiled 0 variants (0.00s CPU time), skipped 0 variants.
    Prepared data for serialisation in 0.00s
Serialized binary data for shader Hidden/Aether/Post in 0.00s
    dx11 (total internal programs: 6, unique: 4)
    dx12 (total internal programs: 6, unique: 4)
Compiling shader "Aether/Toon"
  Pass "FORWARD" (vp)
    Target graphics API: dx11
    Full variant space:         664
    After settings filtering:   664
    After built-in stripping:   8
    After scriptable stripping: 8
    Processed in 0.00 seconds
    Target graphics API: dx12
    Full variant space:         664
    After settings filtering:   664
    After built-in stripping:   8
    After scriptable stripping: 8
    Processed in 0.00 seconds
  Pass "FORWARD" (fp)
    Target graphics API: dx11
    Full variant space:         504
    After settings filtering:   504
    After built-in stripping:   4
    After scriptable stripping: 4
    Processed in 0.00 seconds
    Target graphics API: dx12
    Full variant space:         504
    After settings filtering:   504
    After built-in stripping:   4
    After scriptable stripping: 4
    Processed in 0.00 seconds
  Pass "FORWARD" (vp)
    Target graphics API: dx11
    Full variant space:         188
    After settings filtering:   188
    After built-in stripping:   13
    After scriptable stripping: 13
    Processed in 0.00 seconds
    Target graphics API: dx12
    Full variant space:         188
    After settings filtering:   188
    After built-in stripping:   13
    After scriptable stripping: 13
    Processed in 0.00 seconds
  Pass "FORWARD" (fp)
    Target graphics API: dx11
    Full variant space:         188
    After settings filtering:   188
    After built-in stripping:   13
    After scriptable stripping: 13
    Processed in 0.00 seconds
    Target graphics API: dx12
    Full variant space:         188
    After settings filtering:   188
    After built-in stripping:   13
    After scriptable stripping: 13
    Processed in 0.00 seconds
  Pass "DEFERRED" (vp)
    Target graphics API: dx11
    Full variant space:         76
    After settings filtering:   76
    After built-in stripping:   4
    After scriptable stripping: 4
    Processed in 0.00 seconds
    Target graphics API: dx12
    Full variant space:         76
    After settings filtering:   76
    After built-in stripping:   4
    After scriptable stripping: 4
    Processed in 0.00 seconds
  Pass "DEFERRED" (fp)
    Target graphics API: dx11
    Full variant space:         76
    After settings filtering:   76
    After built-in stripping:   4
    After scriptable stripping: 4
    Processed in 0.00 seconds
    Target graphics API: dx12
    Full variant space:         76
    After settings filtering:   76
    After built-in stripping:   4
    After scriptable stripping: 4
    Processed in 0.00 seconds
  Pass "ShadowCaster" (vp)
    Target graphics API: dx11
    Full variant space:         4
    After settings filtering:   4
    After built-in stripping:   2
    After scriptable stripping: 2
    Processed in 0.00 seconds
    Target graphics API: dx12
    Full variant space:         4
    After settings filtering:   4
    After built-in stripping:   2
    After scriptable stripping: 2
    Processed in 0.00 seconds
  Pass "ShadowCaster" (fp)
    Target graphics API: dx11
    Full variant space:         4
    After settings filtering:   4
    After built-in stripping:   2
    After scriptable stripping: 2
    Processed in 0.00 seconds
    Target graphics API: dx12
    Full variant space:         4
    After settings filtering:   4
    After built-in stripping:   2
    After scriptable stripping: 2
    Processed in 0.00 seconds
  Pass FORWARD (vp, dx11) finished in 0.01 seconds. Local cache hits 8 (0.00s CPU time), remote cache hits 0 (0.00s CPU time), compiled 0 variants (0.00s CPU time), skipped 0 variants.
  Pass FORWARD (vp, dx12) finished in 0.01 seconds. Local cache hits 8 (0.00s CPU time), remote cache hits 0 (0.00s CPU time), compiled 0 variants (0.00s CPU time), skipped 0 variants.
    Prepared data for serialisation in 0.00s
  Pass FORWARD (fp, dx11) finished in 0.01 seconds. Local cache hits 4 (0.00s CPU time), remote cache hits 0 (0.00s CPU time), compiled 0 variants (0.00s CPU time), skipped 0 variants.
  Pass FORWARD (fp, dx12) finished in 0.01 seconds. Local cache hits 4 (0.00s CPU time), remote cache hits 0 (0.00s CPU time), compiled 0 variants (0.00s CPU time), skipped 0 variants.
    Prepared data for serialisation in 0.00s
  Pass FORWARD (vp, dx11) finished in 0.01 seconds. Local cache hits 13 (0.00s CPU time), remote cache hits 0 (0.00s CPU time), compiled 0 variants (0.00s CPU time), skipped 0 variants.
  Pass FORWARD (vp, dx12) finished in 0.01 seconds. Local cache hits 13 (0.00s CPU time), remote cache hits 0 (0.00s CPU time), compiled 0 variants (0.00s CPU time), skipped 0 variants.
    Prepared data for serialisation in 0.00s
  Pass FORWARD (fp, dx11) finished in 0.01 seconds. Local cache hits 13 (0.00s CPU time), remote cache hits 0 (0.00s CPU time), compiled 0 variants (0.00s CPU time), skipped 0 variants.
  Pass FORWARD (fp, dx12) finished in 0.01 seconds. Local cache hits 13 (0.00s CPU time), remote cache hits 0 (0.00s CPU time), compiled 0 variants (0.00s CPU time), skipped 0 variants.
    Prepared data for serialisation in 0.00s
  Pass DEFERRED (vp, dx11) finished in 0.01 seconds. Local cache hits 4 (0.00s CPU time), remote cache hits 0 (0.00s CPU time), compiled 0 variants (0.00s CPU time), skipped 0 variants.
  Pass DEFERRED (vp, dx12) finished in 0.01 seconds. Local cache hits 4 (0.00s CPU time), remote cache hits 0 (0.00s CPU time), compiled 0 variants (0.00s CPU time), skipped 0 variants.
    Prepared data for serialisation in 0.00s
  Pass DEFERRED (fp, dx11) finished in 0.01 seconds. Local cache hits 4 (0.00s CPU time), remote cache hits 0 (0.00s CPU time), compiled 0 variants (0.00s CPU time), skipped 0 variants.
  Pass DEFERRED (fp, dx12) finished in 0.01 seconds. Local cache hits 4 (0.00s CPU time), remote cache hits 0 (0.00s CPU time), compiled 0 variants (0.00s CPU time), skipped 0 variants.
    Prepared data for serialisation in 0.00s
  Pass ShadowCaster (vp, dx11) finished in 0.01 seconds. Local cache hits 2 (0.00s CPU time), remote cache hits 0 (0.00s CPU time), compiled 0 variants (0.00s CPU time), skipped 0 variants.
  Pass ShadowCaster (vp, dx12) finished in 0.00 seconds. Local cache hits 2 (0.00s CPU time), remote cache hits 0 (0.00s CPU time), compiled 0 variants (0.00s CPU time), skipped 0 variants.
    Prepared data for serialisation in 0.00s
  Pass ShadowCaster (fp, dx11) finished in 0.00 seconds. Local cache hits 2 (0.00s CPU time), remote cache hits 0 (0.00s CPU time), compiled 0 variants (0.00s CPU time), skipped 0 variants.
  Pass ShadowCaster (fp, dx12) finished in 0.00 seconds. Local cache hits 2 (0.00s CPU time), remote cache hits 0 (0.00s CPU time), compiled 0 variants (0.00s CPU time), skipped 0 variants.
    Prepared data for serialisation in 0.00s
Serialized binary data for shader Aether/Toon in 0.00s
    dx11 (total internal programs: 50, unique: 50)
    dx12 (total internal programs: 50, unique: 50)
Compiling shader "Aether/Water"
  Pass "" (vp)
    Target graphics API: dx11
    Full variant space:         4
    After settings filtering:   4
    After built-in stripping:   1
    After scriptable stripping: 1
    Processed in 0.00 seconds
    Target graphics API: dx12
    Full variant space:         4
    After settings filtering:   4
    After built-in stripping:   1
    After scriptable stripping: 1
    Processed in 0.00 seconds
  Pass "" (fp)
    Target graphics API: dx11
    Full variant space:         4
    After settings filtering:   4
    After built-in stripping:   1
    After scriptable stripping: 1
    Processed in 0.00 seconds
    Target graphics API: dx12
    Full variant space:         4
    After settings filtering:   4
    After built-in stripping:   1
    After scriptable stripping: 1
    Processed in 0.00 seconds
  Pass  (vp, dx11) finished in 0.00 seconds. Local cache hits 1 (0.00s CPU time), remote cache hits 0 (0.00s CPU time), compiled 0 variants (0.00s CPU time), skipped 0 variants.
  Pass  (vp, dx12) finished in 0.00 seconds. Local cache hits 1 (0.00s CPU time), remote cache hits 0 (0.00s CPU time), compiled 0 variants (0.00s CPU time), skipped 0 variants.
    Prepared data for serialisation in 0.00s
  Pass  (fp, dx11) finished in 0.00 seconds. Local cache hits 1 (0.00s CPU time), remote cache hits 0 (0.00s CPU time), compiled 0 variants (0.00s CPU time), skipped 0 variants.
  Pass  (fp, dx12) finished in 0.00 seconds. Local cache hits 1 (0.00s CPU time), remote cache hits 0 (0.00s CPU time), compiled 0 variants (0.00s CPU time), skipped 0 variants.
    Prepared data for serialisation in 0.00s
Serialized binary data for shader Aether/Water in 0.00s
    dx11 (total internal programs: 2, unique: 2)
    dx12 (total internal programs: 2, unique: 2)
Compiling shader "Aether/StructureText"
  Pass "" (vp)
    Target graphics API: dx11
    Full variant space:         1
    After settings filtering:   1
    After built-in stripping:   1
    After scriptable stripping: 1
    Processed in 0.00 seconds
    Target graphics API: dx12
    Full variant space:         1
    After settings filtering:   1
    After built-in stripping:   1
    After scriptable stripping: 1
    Processed in 0.00 seconds
  Pass "" (fp)
    Target graphics API: dx11
    Full variant space:         1
    After settings filtering:   1
    After built-in stripping:   1
    After scriptable stripping: 1
    Processed in 0.00 seconds
    Target graphics API: dx12
    Full variant space:         1
    After settings filtering:   1
    After built-in stripping:   1
    After scriptable stripping: 1
    Processed in 0.00 seconds
  Pass  (vp, dx11) finished in 0.00 seconds. Local cache hits 1 (0.00s CPU time), remote cache hits 0 (0.00s CPU time), compiled 0 variants (0.00s CPU time), skipped 0 variants.
  Pass  (vp, dx12) finished in 0.00 seconds. Local cache hits 1 (0.00s CPU time), remote cache hits 0 (0.00s CPU time), compiled 0 variants (0.00s CPU time), skipped 0 variants.
    Prepared data for serialisation in 0.00s
  Pass  (fp, dx11) finished in 0.00 seconds. Local cache hits 1 (0.00s CPU time), remote cache hits 0 (0.00s CPU time), compiled 0 variants (0.00s CPU time), skipped 0 variants.
  Pass  (fp, dx12) finished in 0.00 seconds. Local cache hits 1 (0.00s CPU time), remote cache hits 0 (0.00s CPU time), compiled 0 variants (0.00s CPU time), skipped 0 variants.
    Prepared data for serialisation in 0.00s
Serialized binary data for shader Aether/StructureText in 0.00s
    dx11 (total internal programs: 2, unique: 2)
    dx12 (total internal programs: 2, unique: 2)
SpriteAtlasDatabase::Cleanup
Starting: C:\Program Files\Unity\Hub\Editor\6000.6.0f1\Editor\Data\Tools\BuildPipeline\bee_backend.exe --ipc --dagfile="Library/Bee/Player6a9f022c.dag" --profile="Library/Bee/backend1.traceevents" Player
WorkingDir: A:/Python/aether-grounds
DisplayProgressbar: Incremental Player Build
Starting: C:\Program Files\Unity\Hub\Editor\6000.6.0f1\Editor\Data\DotNetSdk\dotnet.exe "C:\Program Files\Unity\Hub\Editor\6000.6.0f1\Editor\Data\PlaybackEngines\WindowsStandaloneSupport\WinPlayerBuildProgram.exe" "C:/Program Files/Unity/Hub/Editor/6000.6.0f1/Editor/Data/PlaybackEngines/WindowsStandaloneSupport/Bee;C:/Program Files/Unity/Hub/Editor/6000.6.0f1/Editor/Data/Tools/BuildPipeline" "Library/Bee/Player6a9f022c.dag.json" "Library/Bee/Player6a9f022c-inputdata.json" "Library\Bee\buildprogram0.traceevents"
WorkingDir: A:/Python/aether-grounds
ExitCode: 4 Duration: 1s473ms
ExitCode: 0 Duration: 0s408ms
Starting: C:\Program Files\Unity\Hub\Editor\6000.6.0f1\Editor\Data\Tools\BuildPipeline\bee_backend.exe --ipc --dagfile="Library/Bee/Player6a9f022c.dag" --dagfilejson="Library\Bee\Player6a9f022c.dag.json" --profile="Library/Bee/backend2.traceevents" Player
WorkingDir: A:/Python/aether-grounds
ExitCode: 0 Duration: 0s107ms

-------------------------------------------------------------------------------
Build Report
Uncompressed usage by category (Percentages based on user generated assets only):
Textures               3.2 mb	 23.0% 
Meshes                 0.0 kb	 0.0% 
Animations             0.0 kb	 0.0% 
Sounds                 0.0 kb	 0.0% 
Shaders                107.2 kb	 0.8% 
Other Assets           10.5 mb	 76.2% 
Levels                 1.2 kb	 0.0% 
File headers           4.3 kb	 0.0% 
Total User Assets      13.8 mb	 100.0% 
Complete build size    102.4 mb
Used Assets and files from the Resources folder, sorted by uncompressed size:
 2.7 mb	 2.6% Built-in Texture2D: Splash Screen Unity Logo
 816.7 kb	 0.8% Assets/Resources/Models/K_building-j.json
 653.0 kb	 0.6% Assets/Resources/Models/K_building-n.json
 522.8 kb	 0.5% Resources/unity_builtin_extra
 504.8 kb	 0.5% Assets/Resources/Models/K_building-m.json
 503.8 kb	 0.5% Assets/Resources/Models/K_building-l.json
 491.7 kb	 0.5% Assets/Resources/Models/K_building-k.json
 337.6 kb	 0.3% Assets/Resources/Models/K_building-i.json
 337.6 kb	 0.3% Assets/Resources/Models/K_building-skyscraper-d.json
 301.0 kb	 0.3% Assets/Resources/Models/Vanta.json
 300.8 kb	 0.3% Assets/Resources/Models/K_building-g.json
 295.7 kb	 0.3% Assets/Resources/Models/K_building-skyscraper-c.json
 293.8 kb	 0.3% Assets/Resources/Models/Nomad.json
 291.3 kb	 0.3% Assets/Resources/Models/Miso.json
 272.7 kb	 0.3% Assets/Resources/Models/K_building-h.json
 267.1 kb	 0.3% Assets/Resources/Models/K_building-f.json
 248.0 kb	 0.2% Assets/Resources/Models/K_building-skyscraper-b.json
 239.6 kb	 0.2% Assets/Resources/Models/K_building-e.json
 222.6 kb	 0.2% Assets/Resources/Models/K_building-type-c.json
 202.7 kb	 0.2% Assets/Resources/Malasugue.json
 198.5 kb	 0.2% Assets/Resources/Models/K_building-skyscraper-a.json
 196.1 kb	 0.2% Assets/Resources/Models/K_building-a.json
 195.2 kb	 0.2% Assets/Resources/Models/K_building-c.json
 191.6 kb	 0.2% Assets/Resources/Models/K_building-type-a.json
 190.4 kb	 0.2% Assets/Resources/Models/Spectre.json
 183.6 kb	 0.2% Assets/Resources/Models/Atlas.json
 180.4 kb	 0.2% Assets/Resources/Models/K_building-skyscraper-e.json
 177.9 kb	 0.2% Assets/Resources/Models/Relay.json
 177.3 kb	 0.2% Assets/Resources/Models/K_hatchback-sports.json
 173.0 kb	 0.2% Assets/Resources/Models/K_van.json
 172.8 kb	 0.2% Assets/Resources/Models/K_building-b.json
 172.3 kb	 0.2% Assets/Resources/Models/Manta.json
 172.2 kb	 0.2% Assets/Resources/Models/K_truck.json
 168.9 kb	 0.2% Assets/Resources/Models/Pip.json
 167.7 kb	 0.2% Assets/Resources/Models/Cinder.json
 167.3 kb	 0.2% Assets/Resources/Models/K_sedan.json
 166.3 kb	 0.2% Assets/Resources/Models/Comet.json
 164.6 kb	 0.2% Assets/Resources/Models/K_taxi.json
 157.0 kb	 0.1% Assets/Resources/Models/K_building-d.json
 148.6 kb	 0.1% Assets/Resources/Models/K_watermelon.json
 52.9 kb	 0.1% Assets/Resources/Models/K_barrel.json
 51.3 kb	 0.0% Assets/Shaders/AetherSurface.shader
 51.1 kb	 0.0% Assets/Resources/Models/K_fish.json
 43.1 kb	 0.0% Assets/Resources/Models/K_pot.json
 41.3 kb	 0.0% Assets/Resources/Models/K_pineapple.json
 39.0 kb	 0.0% Assets/Resources/Models/K_planter.json
 34.9 kb	 0.0% Assets/Resources/Models/K_tree_palmDetailedShort.json
 34.5 kb	 0.0% Assets/Resources/Models/K_tree_palmDetailedTall.json
 27.9 kb	 0.0% Assets/Resources/Models/K_apple.json
 26.0 kb	 0.0% Assets/Resources/Models/K_corn.json
 24.4 kb	 0.0% Assets/Resources/Models/K_bread.json
 24.1 kb	 0.0% Assets/Resources/Models/K_fence-low.json
 23.8 kb	 0.0% Assets/Resources/Models/K_plate.json
 22.4 kb	 0.0% Assets/Resources/Models/K_banana.json
 22.3 kb	 0.0% Assets/Resources/Models/K_orange.json
 21.6 kb	 0.0% Assets/Resources/Models/K_soda-bottle.json
 19.0 kb	 0.0% Assets/Resources/Models/K_tree_oak.json
 18.3 kb	 0.0% Assets/Resources/Models/TrackStation.json
 17.2 kb	 0.0% Assets/Resources/Models/K_tree_palmBend.json
 16.9 kb	 0.0% Assets/Resources/Models/K_bowl.json
 14.3 kb	 0.0% Assets/Resources/Models/K_skewer.json
 14.2 kb	 0.0% Assets/Resources/Models/K_coconut.json
 14.1 kb	 0.0% Assets/Resources/Models/K_fence.json
 13.5 kb	 0.0% Assets/Shaders/AetherToon.shader
 12.8 kb	 0.0% Assets/Resources/Models/RaceArch.json
 10.3 kb	 0.0% Assets/Shaders/AetherPost.shader
 9.5 kb	 0.0% Assets/Resources/Models/AlienTree.json
 8.9 kb	 0.0% Assets/Resources/Models/K_bag.json
 8.0 kb	 0.0% Assets/Resources/Models/K_rock_largeA.json
 7.4 kb	 0.0% Assets/Shaders/AetherWater.shader
 7.2 kb	 0.0% Assets/Resources/Models/K_tree-small.json
 7.0 kb	 0.0% Assets/Resources/Models/K_rock_largeC.json
 5.4 kb	 0.0% Assets/Shaders/AetherSky.shader
 4.7 kb	 0.0% Assets/Shaders/AetherShield.shader
 4.6 kb	 0.0% Assets/Shaders/StructureText.shader
 2.4 kb	 0.0% Assets/Resources/Models/CrystalCluster.json
 2.2 kb	 0.0% Assets/Resources/Models/RoadModule.json
 1.6 kb	 0.0% Assets/Resources/Models/K_rock_smallC.json
 1.6 kb	 0.0% Assets/Resources/Models/K_rock_smallA.json
 0.7 kb	 0.0% Assets/Scenes/AetherGrounds.unity
 0.6 kb	 0.0% Assets/Resources/Models/Rock.json
 0.4 kb	 0.0% Built-in Sprite: 
 0.1 kb	 0.0% Assets/Scripts/TricycleTraffic.cs
 0.1 kb	 0.0% Assets/Scripts/StructureSign.cs
 0.1 kb	 0.0% Assets/Scripts/RoadGuideLights.cs
 0.1 kb	 0.0% Assets/Scripts/PhysicsSmokeTest.cs
 0.1 kb	 0.0% Assets/Scripts/PhilippineCity.cs
 0.1 kb	 0.0% Assets/Scripts/NeighborhoodTest.cs
 0.1 kb	 0.0% Assets/Scripts/MalasugueTown.cs
 0.1 kb	 0.0% Assets/Scripts/TrackWorld.cs
 0.1 kb	 0.0% Assets/Scripts/TrackFeatures.cs
 0.1 kb	 0.0% Assets/Scripts/RaceEffects.cs
 0.1 kb	 0.0% Assets/Scripts/Presentation.cs
 0.1 kb	 0.0% Assets/Scripts/OverhaulTest.cs
 0.1 kb	 0.0% Assets/Scripts/ModelLibrary.cs
 0.1 kb	 0.0% Assets/Scripts/CityPhysics.cs
 0.1 kb	 0.0% Assets/Scripts/Vehicle.cs
 0.1 kb	 0.0% Assets/Scripts/CityTest.cs
 0.1 kb	 0.0% Assets/Scripts/CityLife.cs
 0.1 kb	 0.0% Assets/Scripts/CarParts.cs
 0.1 kb	 0.0% Assets/Scripts/Game.cs
-------------------------------------------------------------------------------
Unloading 76 Unused Serialized files (Serialized files now loaded: 0)
Unloading 78 unused Assets / (3.2 MB). Loaded Objects now: 1309.
Memory consumption went from 258.5 MB to 255.2 MB.
Total: 9.493800 ms (FindLiveObjects: 0.487300 ms CreateObjectMapping: 0.057300 ms MarkObjects: 8.336300 ms  DeleteObjects: 0.123800 ms)

DisplayProgressNotification: Build Successful
Build Finished, Result: Success.
Unloading 0 Unused Serialized files (Serialized files now loaded: 0)
Loaded scene 'Temp/__Backupscenes/0.backup'
	Deserialize:            4.885 ms
	Integration:            22.703 ms
	Integration of assets:  0.005 ms
	Thread Wait Time:       0.011 ms
	Total Operation Time:   27.604 ms
Unloading 1 unused Assets / (5.0 KB). Loaded Objects now: 1606.
Memory consumption went from 247.3 MB to 247.3 MB.
Total: 11.712400 ms (FindLiveObjects: 0.293600 ms CreateObjectMapping: 0.026300 ms MarkObjects: 11.039400 ms  DeleteObjects: 0.039000 ms)

##utp:{"success":true,"type":"PlayerBuildInfo","version":2,"phase":"Immediate","time":1788972425161,"processId":17504,"steps":[{"description":"Call PrepareForBuild callbacks","duration":0},{"description":"Call internal build started callbacks","duration":0},{"description":"Preprocess Player","duration":12},{"description":"Save scenes before build","duration":0},{"description":"Prepare For Build","duration":7},{"description":"ProducePlayerScriptAssemblies","duration":3302},{"description":"Verify Build setup","duration":38},{"description":"Prepare assets for target platform","duration":0},{"description":"Prepare splash screen","duration":0},{"description":"Build scripts DLLs","duration":34},{"description":"Building scenes","duration":50},{"description":"Build GlobalGameManagers file","duration":183},{"description":"Writing asset files","duration":109},{"description":"Building Resources/unity_builtin_extra","duration":365},{"description":"Write data build dirty tracking information","duration":11},{"description":"Postprocess built player","duration":2172},{"description":"Call Post-Process callbacks","duration":23}],"duration":6306}
Total cache size 266788968
Total cache size after purge 266788968, took 00:00:00.3335551
Batchmode quit successfully invoked - shutting down!
[Physics::Module] Cleanup current backend.
[Physics::Module] Id: 0xf2b8ea05
Input System module state changed to: ShutdownInProgress.
Input Polling Thread exited.
Input System module state changed to: Shutdown.
[Licensing::IpcConnector] LicenseClient-Azrin Azrael-notifications channel disconnected successfully.
[Licensing::IpcConnector] LicenseClient-Azrin Azrael channel disconnected successfully.
Lingering sessions upon destruction of worker manager
Unity Data Store service was successfully shut down
UDS shutting down local client system
AcceleratorClientConnectionCallback - disconnected - :0
Cleanup mono
CodeReloadManager destroyed
Exiting batchmode successfully now!
[ExitDontLaunchBugReporter] Exiting without the bug reporter. Application will exit with return code 0
