VBCSCompilerPreWarmer: pre-warm launched (dotnet PID 31904)
VBCSCompiler prewarm took 6.15 ms
[Licensing::Module] Trying to connect to existing licensing client channel...
Built from '6000.6/respin/6000.6.0f1-fa21a270ab12' branch; Version is '6000.6.0f1 (f7f8ed4d1e24) revision 16251117'; Using compiler version '194234433'; Build Type 'Release'
OS: 'Windows 10  (10.0.19045) 64bit Professional' Language: 'en' Physical Memory: 32690 MB
BatchMode: 1, IsHumanControllingUs: 0, StartBugReporterOnCrash: 0, Is64bit: 1
System  architecture: x64
Process architecture: x64
Date: 2026-09-08T21:52:35Z
[Licensing::IpcConnector] Successfully connected to: "LicenseClient-Azrin Azrael" at "2026-09-08T21:52:35.4008019Z"
[Licensing::Client] Code 10 while verifying Licensing Client signature (process Id: 12712, path: "C:/Program Files/Unity Hub/UnityLicensingClient_V1/Unity.Licensing.Client.exe")
[Licensing::Module] LicensingClient has failed validation; ignoring
[Licensing::Client] Handshaking with LicensingClient:
  Version:                 1.18.3+d7ffd15
  Session Id:              c1bda51a3c144b259349a4940fcb6417
  Correlation Id:          15b0468bf3b31671819d63b476f22835
  External correlation Id: 441002192979693963
  Machine Id:              WwTD/V+HEZEkZZHKBHxVx+mMSis=
[Licensing::Module] Successfully connected to LicensingClient on channel: "LicenseClient-Azrin Azrael" (connect: 0.00s, validation: 0.00s, handshake: 0.05s)
[Licensing::IpcConnector] Successfully connected to: "LicenseClient-Azrin Azrael-notifications" at "2026-09-08T21:52:35.451071Z"
[Licensing::Module] Error: Access token is unavailable; failed to update
[Licensing::Client] Successfully resolved entitlement details
[Licensing::Module] License group:
  Id: 18968495829972-UnityPersXXXX
  Product: Unity Personal
  Type: Assigned
  Expiration: Unlimited
[Licensing::Client] Successfully updated license, isAsync: True, time: 0.00
[Licensing::Client] Successfully resolved entitlement details
[Licensing::Module] Licensing Background thread has ended after 0.05s

COMMAND LINE ARGUMENTS:
C:\Program Files\Unity\Hub\Editor\6000.6.0f1\Editor\Unity.exe
-batchmode
-nographics
-projectPath
A:/Python/aether-grounds
-executeMethod
BuildGame.Build
-quit
-logFile
A:/Python/aether-grounds/Evidence/unity-build.log
Successfully changed project path to: A:/Python/aether-grounds
A:/Python/aether-grounds
[UnityMemory] Configuration Parameters - Can be set up in boot.config
    "memorysetup-temp-allocator-size-gi-baking-worker=262144"
    "memorysetup-temp-allocator-size-gi-baking-worker=262144"
    "memorysetup-temp-allocator-size-gi-baking-worker=262144"
    "memorysetup-temp-allocator-size-gi-baking-worker=262144"
    "memorysetup-temp-allocator-size-gi-baking-worker=262144"
    "memorysetup-temp-allocator-size-nav-mesh-worker=65536"
    "memorysetup-temp-allocator-size-audio-worker=65536"
    "memorysetup-temp-allocator-size-cloud-worker=32768"
    "memorysetup-temp-allocator-size-gfx=262144"
    "memorysetup-remapper-allocator-initial-capacity=32768"
    "memorysetup-temp-allocator-size-preload-manager=33554432"
    "memorysetup-allocator-temp-initial-block-size-main=262144"
    "memorysetup-allocator-temp-initial-block-size-worker=262144"
    "memorysetup-temp-allocator-size-job-worker=262144"
    "memorysetup-temp-allocator-size-background-worker=32768"
    "memorysetup-bucket-allocator-granularity=16"
    "memorysetup-bucket-allocator-bucket-count=8"
    "memorysetup-bucket-allocator-block-size=33554432"
    "memorysetup-bucket-allocator-block-count=8"
    "memorysetup-main-allocator-block-size=16777216"
    "memorysetup-thread-allocator-block-size=16777216"
    "memorysetup-main-allocator-mimalloc-enabled=1"
    "memorysetup-gfx-main-allocator-block-size=16777216"
    "memorysetup-gfx-thread-allocator-block-size=16777216"
    "memorysetup-cache-allocator-block-size=4194304"
    "memorysetup-typetree-allocator-block-size=2097152"
    "memorysetup-profiler-bucket-allocator-granularity=16"
    "memorysetup-profiler-bucket-allocator-bucket-count=8"
    "memorysetup-profiler-bucket-allocator-block-size=33554432"
    "memorysetup-profiler-bucket-allocator-block-count=8"
    "memorysetup-profiler-allocator-block-size=16777216"
    "memorysetup-profiler-editor-allocator-block-size=1048576"
    "memorysetup-temp-allocator-size-main=16777216"
    "memorysetup-job-temp-allocator-block-size=2097152"
    "memorysetup-job-temp-allocator-block-size-background=1048576"
    "memorysetup-job-temp-allocator-reduction-small-platforms=262144"
Logging is directed to a specific file, skipping project log.
Player connection [31876]  Target information:

Player connection [31876]  * "[IP] 192.168.100.5 [Port] 55504 [Flags] 2 [Guid] 698788724 [EditorId] 698788724 [Version] 1048832 [Id] WindowsEditor(7,DESKTOP-9MS8H02) [Debug] 1 [PackageName] WindowsEditor [ProjectName] Editor" 

Player connection [31876] Host joined multi-casting on [225.0.0.222:54997]...
Player connection [31876] Host joined alternative multi-casting on [225.0.0.222:34997]...
Input System module state changed to: Initialized.
[Physics::Module] Initialized fallback backend.
[Physics::Module] Id: 0xdecafbad
[Package Manager] Connected to IPC stream "Upm-33768" after 0.3 seconds.
[Licensing::Client] Successfully resolved entitlement details
Library Redirect Path: Library/
Initialising UDS system complete:
  - System type: Client
  - Resource namespace: a40456854d759f5cd4ec71932f35fe5c
  - Shared memory size: 1073741824
  - Command buffer id: 1052576
  - Command buffer size: 8192
  - Hashmap size: 4194304
  - Service connected: false
Launching Unity Data Store - C:/Program Files/Unity/Hub/Editor/6000.6.0f1/Editor/Data/Tools/Unity.DataStore.exe 
Unity Data Store artifact dir = Library/DataStore, working dir = A:/Python/aether-grounds[Physics::Module] Selected backend.
[Physics::Module] Name: PhysX
[Physics::Module] Id: 0xf2b8ea05
[Physics::Module] SDK Version: 4.1.2
[Physics::Module] Integration Version: 1.0.0
[Physics::Module] Threading Mode: Multi-Threaded
Unity Data Store running and initialised
Initialize engine version: 6000.6.0f1 (f7f8ed4d1e24)
[EntityIdStore] init: VM path (explicit commit), pageSize=4096, blockCount=1048576, entitiesPerBlock=256, slots reserved=4294967296 bytes
[Subsystems] Discovering subsystems at path C:/Program Files/Unity/Hub/Editor/6000.6.0f1/Editor/Data/Resources/UnitySubsystems
[Subsystems] Discovering subsystems at path A:/Python/aether-grounds/Assets
Forcing GfxDevice: Null
GfxDevice: creating device client; kGfxThreadingModeNonThreaded
NullGfxDevice:
    Version:  NULL 1.0 [1.0]
    Renderer: Null Device
    Vendor:   Unity Technologies
Initialize mono
Mono path[0] = 'C:/Program Files/Unity/Hub/Editor/6000.6.0f1/Editor/Data/Managed'
Mono path[1] = 'C:/Program Files/Unity/Hub/Editor/6000.6.0f1/Editor/Data/BCLExtensions/runtime/netstandard2.1'
Mono path[2] = 'C:/Program Files/Unity/Hub/Editor/6000.6.0f1/Editor/Data/MonoBleedingEdge/lib/mono/unityjit-win32'
Mono config path = 'C:/Program Files/Unity/Hub/Editor/6000.6.0f1/Editor/Data/MonoBleedingEdge/etc'
Using monoOptions --debugger-agent=transport=dt_socket,embedding=1,server=y,suspend=n,address=127.0.0.1:56768
CodeReloadManager initialized
ImportWorker Server TCP listen port: 0
AcceleratorClientConnectionCallback - disconnected - :0
Begin MonoManager ReloadAssembly
Registering precompiled unity dll's ...
Register platform support module: C:/Program Files/Unity/Hub/Editor/6000.6.0f1/Editor/Data/PlaybackEngines/WebGLSupport/UnityEditor.WebGL.Extensions.dll
Register platform support module: C:/Program Files/Unity/Hub/Editor/6000.6.0f1/Editor/Data/PlaybackEngines/WindowsStandaloneSupport/UnityEditor.WindowsStandalone.Extensions.dll
Registered in 0.002033 seconds.
Native extension for WindowsStandalone target not found
Native extension for WebGL target not found
Package Manager log level set to [2]
ScheduleIndexationOnStartup MainProcess:False IndexOnStartup:True
Scripting: successfully reloaded assembly
- Finished resetting the current domain, in  0.696 seconds
Domain Reload Profiling: 1285ms
	BeginReloadAssembly (144ms)
		CreateAndSetChildDomain (11ms)
	RebuildCommonClasses (7ms)
	RebuildNativeTypeToScriptingClass (28ms)
	initialDomainReloadingComplete (75ms)
	LoadAllAssembliesAndSetupDomain (334ms)
		LoadAssemblies (130ms)
		TypeCache.Refresh (225ms)
			TypeCache.ScanAssembly (210ms)
		AnalyzeDomain (1ms)
	FinalizeReload (698ms)
		SetupLoadedEditorAssemblies (0ms)
			InitializePlatformSupportModulesInManaged (3ms)
			BeforeProcessingInitializeOnLoad (111ms)
			ProcessInitializeOnLoadAttributes (128ms)
			ProcessInitializeOnLoadMethodAttributes (239ms)
[Licensing::Client] Successfully resolved entitlement details
Application.AssetDatabase Initial Refresh Start
[Package Manager] Restoring resolved packages state from cache
[Licensing::Client] Successfully resolved entitlement details
[Package Manager] Registered 42 packages:
  Packages from [https://packages.unity.com]:
    com.unity.ide.rider@3.0.38 (location: A:\Python\aether-grounds\Library\PackageCache\com.unity.ide.rider@1f60b3138684)
    com.unity.ide.visualstudio@2.0.26 (location: A:\Python\aether-grounds\Library\PackageCache\com.unity.ide.visualstudio@a99d56dec63f)
  Built-in packages:
    com.unity.modules.accessibility@1.0.0 (location: A:\Python\aether-grounds\Library\PackageCache\com.unity.modules.accessibility)
    com.unity.modules.adaptiveperformance@1.0.0 (location: A:\Python\aether-grounds\Library\PackageCache\com.unity.modules.adaptiveperformance)
    com.unity.modules.ai@1.0.0 (location: A:\Python\aether-grounds\Library\PackageCache\com.unity.modules.ai)
    com.unity.modules.androidjni@1.0.0 (location: A:\Python\aether-grounds\Library\PackageCache\com.unity.modules.androidjni)
    com.unity.modules.animation@1.0.0 (location: A:\Python\aether-grounds\Library\PackageCache\com.unity.modules.animation)
    com.unity.modules.assetbundle@1.0.0 (location: A:\Python\aether-grounds\Library\PackageCache\com.unity.modules.assetbundle)
    com.unity.modules.audio@1.0.0 (location: A:\Python\aether-grounds\Library\PackageCache\com.unity.modules.audio)
    com.unity.modules.cloth@1.0.0 (location: A:\Python\aether-grounds\Library\PackageCache\com.unity.modules.cloth)
    com.unity.modules.director@1.0.0 (location: A:\Python\aether-grounds\Library\PackageCache\com.unity.modules.director)
    com.unity.modules.imageconversion@1.0.0 (location: A:\Python\aether-grounds\Library\PackageCache\com.unity.modules.imageconversion)
    com.unity.modules.imgui@1.0.0 (location: A:\Python\aether-grounds\Library\PackageCache\com.unity.modules.imgui)
    com.unity.modules.jsonserialize@1.0.0 (location: A:\Python\aether-grounds\Library\PackageCache\com.unity.modules.jsonserialize)
    com.unity.modules.particlesystem@1.0.0 (location: A:\Python\aether-grounds\Library\PackageCache\com.unity.modules.particlesystem)
    com.unity.modules.physics@1.0.0 (location: A:\Python\aether-grounds\Library\PackageCache\com.unity.modules.physics)
    com.unity.modules.physics2d@1.0.0 (location: A:\Python\aether-grounds\Library\PackageCache\com.unity.modules.physics2d)
    com.unity.modules.physicscore2d@1.0.0 (location: A:\Python\aether-grounds\Library\PackageCache\com.unity.modules.physicscore2d)
    com.unity.modules.screencapture@1.0.0 (location: A:\Python\aether-grounds\Library\PackageCache\com.unity.modules.screencapture)
    com.unity.modules.terrain@1.0.0 (location: A:\Python\aether-grounds\Library\PackageCache\com.unity.modules.terrain)
    com.unity.modules.terrainphysics@1.0.0 (location: A:\Python\aether-grounds\Library\PackageCache\com.unity.modules.terrainphysics)
    com.unity.modules.tetgen@1.0.0 (location: A:\Python\aether-grounds\Library\PackageCache\com.unity.modules.tetgen)
    com.unity.modules.tilemap@1.0.0 (location: A:\Python\aether-grounds\Library\PackageCache\com.unity.modules.tilemap)
    com.unity.modules.timelinefoundation@1.0.0 (location: A:\Python\aether-grounds\Library\PackageCache\com.unity.modules.timelinefoundation)
    com.unity.modules.ui@1.0.0 (location: A:\Python\aether-grounds\Library\PackageCache\com.unity.modules.ui)
    com.unity.modules.uielements@1.0.0 (location: A:\Python\aether-grounds\Library\PackageCache\com.unity.modules.uielements)
    com.unity.modules.umbra@1.0.0 (location: A:\Python\aether-grounds\Library\PackageCache\com.unity.modules.umbra)
    com.unity.modules.unityanalytics@1.0.0 (location: A:\Python\aether-grounds\Library\PackageCache\com.unity.modules.unityanalytics)
    com.unity.modules.unitywebrequest@1.0.0 (location: A:\Python\aether-grounds\Library\PackageCache\com.unity.modules.unitywebrequest)
    com.unity.modules.unitywebrequestassetbundle@1.0.0 (location: A:\Python\aether-grounds\Library\PackageCache\com.unity.modules.unitywebrequestassetbundle)
    com.unity.modules.unitywebrequestaudio@1.0.0 (location: A:\Python\aether-grounds\Library\PackageCache\com.unity.modules.unitywebrequestaudio)
    com.unity.modules.unitywebrequesttexture@1.0.0 (location: A:\Python\aether-grounds\Library\PackageCache\com.unity.modules.unitywebrequesttexture)
    com.unity.modules.unitywebrequestwww@1.0.0 (location: A:\Python\aether-grounds\Library\PackageCache\com.unity.modules.unitywebrequestwww)
    com.unity.modules.vectorgraphics@1.0.0 (location: A:\Python\aether-grounds\Library\PackageCache\com.unity.modules.vectorgraphics)
    com.unity.modules.vehicles@1.0.0 (location: A:\Python\aether-grounds\Library\PackageCache\com.unity.modules.vehicles)
    com.unity.modules.video@1.0.0 (location: A:\Python\aether-grounds\Library\PackageCache\com.unity.modules.video)
    com.unity.modules.wind@1.0.0 (location: A:\Python\aether-grounds\Library\PackageCache\com.unity.modules.wind)
    com.unity.modules.xr@1.0.0 (location: A:\Python\aether-grounds\Library\PackageCache\com.unity.modules.xr)
    com.unity.modules.subsystems@1.0.0 (location: A:\Python\aether-grounds\Library\PackageCache\com.unity.modules.subsystems)
    com.unity.modules.hierarchycore@1.0.0 (location: A:\Python\aether-grounds\Library\PackageCache\com.unity.modules.hierarchycore)
    com.unity.test-framework@1.8.0 (location: A:\Python\aether-grounds\Library\PackageCache\com.unity.test-framework@7a3849e09bd0)
    com.unity.ext.nunit@2.1.0 (location: A:\Python\aether-grounds\Library\PackageCache\com.unity.ext.nunit@0198eae3b53e)
[Subsystems] No new subsystems found in resolved package list.
[Package Manager] Done registering packages in 0.01 seconds
[ScriptCompilation] Requested script compilation because: AssetDatabase observed changes in script compilation related files
Starting: C:\Program Files\Unity\Hub\Editor\6000.6.0f1\Editor\Data\Tools\BuildPipeline\bee_backend.exe --ipc --defer-dag-verification --dagfile="Library/Bee/1900b0aE.dag" --continue-on-failure --profile="Library/Bee/backend1.traceevents" ScriptAssemblies
WorkingDir: A:/Python/aether-grounds
DisplayProgressbar: Compiling Scripts
ExitCode: 0 Duration: 0s912ms
[207/222    0s] ILPP-Configuration Library/ilpp-configuration.nevergeneratedoutput
[214/222    0s] Csc Library/Bee/artifacts/1900b0aE.dag/Assembly-CSharp.dll (+2 others)
Assets\Scripts\PhysicsSmokeTest.cs(8,95): warning CS0618: 'Object.FindFirstObjectByType<T>()' is obsolete: 'FindFirstObjectByType has been deprecated because it relies on instance ID ordering. Use FindAnyObjectByType instead, which does not depend on ordering.'

Assets\Scripts\Game.cs(28,262): warning CS0618: 'FindObjectsSortMode' is obsolete: 'FindObjectsSortMode has been deprecated. Use the FindObjectsByType overloads that do not take a FindObjectsSortMode parameter.'

Assets\Scripts\Game.cs(28,236): warning CS0618: 'Object.FindObjectsByType<T>(FindObjectsSortMode)' is obsolete: 'FindObjectsByType with FindObjectsSortMode parameter has been deprecated. Use FindObjectsByType<T>() or FindObjectsByType<T>(FindObjectsInactive) instead. InstanceID will be replaced in the future with EntityId and previous sort order cannot be maintained.'

Assets\Scripts\PhysicsSmokeTest.cs(13,48): warning CS0618: 'Object.FindFirstObjectByType<T>()' is obsolete: 'FindFirstObjectByType has been deprecated because it relies on instance ID ordering. Use FindAnyObjectByType instead, which does not depend on ordering.'

Assets\Scripts\PhysicsSmokeTest.cs(24,110): warning CS0618: 'Object.FindFirstObjectByType<T>()' is obsolete: 'FindFirstObjectByType has been deprecated because it relies on instance ID ordering. Use FindAnyObjectByType instead, which does not depend on ordering.'

Assets\Scripts\Game.cs(54,131): warning CS0618: 'FindObjectsSortMode' is obsolete: 'FindObjectsSortMode has been deprecated. Use the FindObjectsByType overloads that do not take a FindObjectsSortMode parameter.'

Assets\Scripts\Game.cs(54,105): warning CS0618: 'Object.FindObjectsByType<T>(FindObjectsSortMode)' is obsolete: 'FindObjectsByType with FindObjectsSortMode parameter has been deprecated. Use FindObjectsByType<T>() or FindObjectsByType<T>(FindObjectsInactive) instead. InstanceID will be replaced in the future with EntityId and previous sort order cannot be maintained.'
[216/222    0s] ILPostProcess Library/Bee/artifacts/1900b0aE.dag/post-processed/Assembly-CSharp.dll (+pdb)
Processing assembly Library/Bee/artifacts/1900b0aE.dag/Assembly-CSharp.dll, with 148 defines and 289 references

processors: zzzUnity.Burst.CodeGen.BurstILPostProcessor

1 processor(s) skipped this assembly
[217/222    0s] ILPostProcess Library/Bee/artifacts/1900b0aE.dag/post-processed/Assembly-CSharp-Editor.dll (+pdb)
Processing assembly Library/Bee/artifacts/1900b0aE.dag/Assembly-CSharp-Editor.dll, with 146 defines and 302 references

processors: zzzUnity.Burst.CodeGen.BurstILPostProcessor

1 processor(s) skipped this assembly
[219/222    0s] CopyFiles Library/ScriptAssemblies/Assembly-CSharp.pdb
[221/222    0s] CopyFiles Library/ScriptAssemblies/Assembly-CSharp.dll
*** Tundra build success (0.87 seconds), 6 items updated, 222 evaluated
Assets\Scripts\PhysicsSmokeTest.cs(8,95): warning CS0618: 'Object.FindFirstObjectByType<T>()' is obsolete: 'FindFirstObjectByType has been deprecated because it relies on instance ID ordering. Use FindAnyObjectByType instead, which does not depend on ordering.'
Assets\Scripts\Game.cs(28,262): warning CS0618: 'FindObjectsSortMode' is obsolete: 'FindObjectsSortMode has been deprecated. Use the FindObjectsByType overloads that do not take a FindObjectsSortMode parameter.'
Assets\Scripts\Game.cs(28,236): warning CS0618: 'Object.FindObjectsByType<T>(FindObjectsSortMode)' is obsolete: 'FindObjectsByType with FindObjectsSortMode parameter has been deprecated. Use FindObjectsByType<T>() or FindObjectsByType<T>(FindObjectsInactive) instead. InstanceID will be replaced in the future with EntityId and previous sort order cannot be maintained.'
Assets\Scripts\PhysicsSmokeTest.cs(13,48): warning CS0618: 'Object.FindFirstObjectByType<T>()' is obsolete: 'FindFirstObjectByType has been deprecated because it relies on instance ID ordering. Use FindAnyObjectByType instead, which does not depend on ordering.'
Assets\Scripts\PhysicsSmokeTest.cs(24,110): warning CS0618: 'Object.FindFirstObjectByType<T>()' is obsolete: 'FindFirstObjectByType has been deprecated because it relies on instance ID ordering. Use FindAnyObjectByType instead, which does not depend on ordering.'
Assets\Scripts\Game.cs(54,131): warning CS0618: 'FindObjectsSortMode' is obsolete: 'FindObjectsSortMode has been deprecated. Use the FindObjectsByType overloads that do not take a FindObjectsSortMode parameter.'
Assets\Scripts\Game.cs(54,105): warning CS0618: 'Object.FindObjectsByType<T>(FindObjectsSortMode)' is obsolete: 'FindObjectsByType with FindObjectsSortMode parameter has been deprecated. Use FindObjectsByType<T>() or FindObjectsByType<T>(FindObjectsInactive) instead. InstanceID will be replaced in the future with EntityId and previous sort order cannot be maintained.'
AssetDatabase: script compilation time: 1.463834s
Begin MonoManager ReloadAssembly
Total cache size 266788968
Total cache size after purge 266788968, took 00:00:00.2579290
Native extension for WindowsStandalone target not found
Native extension for WebGL target not found
ScheduleIndexationOnStartup MainProcess:True IndexOnStartup:True
Scripting: successfully reloaded assembly
- Finished resetting the current domain, in  0.580 seconds
Domain Reload Profiling: 1198ms
	BeginReloadAssembly (277ms)
		DisableScriptedObjects (30ms)
		CreateAndSetChildDomain (57ms)
	RebuildCommonClasses (12ms)
	RebuildNativeTypeToScriptingClass (27ms)
	initialDomainReloadingComplete (54ms)
	LoadAllAssembliesAndSetupDomain (245ms)
		LoadAssemblies (233ms)
		TypeCache.Refresh (16ms)
			TypeCache.ScanAssembly (9ms)
		AnalyzeDomain (8ms)
			BuildScriptInfoCaches (6ms)
	FinalizeReload (582ms)
		SetupLoadedEditorAssemblies (0ms)
			BeforeProcessingInitializeOnLoad (117ms)
			ProcessInitializeOnLoadAttributes (108ms)
			ProcessInitializeOnLoadMethodAttributes (61ms)
			AfterProcessingInitializeOnLoad (11ms)
		AwakeInstancesAfterBackupRestoration (37ms)
Starting new worker id: 0 with log in A:/Python/aether-grounds/Logs/AssetImportWorkerHW0.log

Asset Pipeline Refresh (id=1d21cd4b00dc90e40899a2190597acce): Total: 2.969 seconds - Initiated by InitialRefreshV2(ForceSynchronousImport)
	(Values over 0.05ms)
	Summary:
		Imports: total=0 (actual=0, local cache=0, cache server=0)
		Asset DB Process Time: managed=0 ms, native=719 ms
		Asset DB Callback time: managed=92 ms, native=14 ms
		Scripting: domain reloads=1, domain reload time=664 ms, compile time=1467 ms, other=11 ms
		Project Asset Count: scripts=180, non-scripts=249
		Asset File Changes: new=0, changed=2, moved=0, deleted=0
		Scan Filter Count: 0
	InvokePackagesCallback: 13.288ms
	ApplyChangesToAssetFolders: 0.499ms
	Scan: 33.332ms
	Collect global state as custom dependencies: 10.038ms
	OnSourceAssetsModified: 0.689ms
	CategorizeScriptCompilationAssets: 5.224ms
	ProcessAssetsWithTransientArtifactChanges: 7.357ms
	CategorizeAssets: 2.766ms
	CompileScripts: 1466.919ms
	ImportOutOfDateAssets: 592.996ms (582.509ms without children)
		UnloadImportedAssets: 0.101ms
		EnsureUptoDateAssetsAreRegisteredWithGuidPM: 0.124ms
		ImportSchedulerStart: 10.259ms
	PostProcessAllAssets: 94.527ms
		VCAutoAddAssetPostprocess 1.814ms
		PostProcessCallbackCreateDeferredMaterials 0.069ms
		MonoPostProcessAllAssets: 91.882ms
			AssetPostprocessor.OnPostprocessAllAssets 23.953ms
			BuilderAssetPostprocessor.OnPostprocessAllAssets 15.423ms
			WindowAssetPostprocessingWatcher.OnPostprocessAllAssets 12.268ms
			StyleCatalogPostProcessor.OnPostprocessAllAssets 8.471ms
			SpeedTree9Postprocessor.OnPostprocessAllAssets 4.183ms
			SyncVS.PostprocessSyncProject 3.894ms
			AssetChangedListener.OnPostprocessAllAssets 2.537ms
			RetainedModeAssetPostprocessor.OnPostprocessAllAssets 2.001ms
			EditModeScopePostprocessor.OnPostprocessAllAssets 1.312ms
			ArtifactBrowserPostProcessor.OnPostprocessAllAssets 0.740ms
			TextAssetPostProcessor.OnPostprocessAllAssets 0.671ms
			AudioMixerPostprocessor.OnPostprocessAllAssets 0.380ms
			ReferencedClipsPostProcessor.OnPostprocessAllAssets 0.315ms
			AssetEvents.OnPostprocessAllAssets 0.266ms
			TerrainToolbarOverlayPostProcessor.OnPostprocessAllAssets 0.253ms
			AssetDatabaseCallbacks.OnPostprocessAllAssets 0.240ms
			ConfigAssetsTracker.OnPostprocessAllAssets 0.224ms
			SpeedTreePostProcessor.OnPostprocessAllAssets 0.191ms
			ScenarioDriftAssetsTracker.OnPostprocessAllAssets 0.173ms
			ThemePostprocessor.OnPostprocessAllAssets 0.165ms
			RenderPipelineGlobalSettingsPostprocessor.OnPostprocessAllAssets 0.144ms
			AudioContainerPostProcessor.OnPostprocessAllAssets 0.097ms
	PostAssetChangesProfiler: 0.504ms
	UnloadStreamsBegin: 1.229ms
	Untracked: 718.815ms

Application.AssetDatabase Initial Refresh End
Scanning for USB devices : 19.113ms
Initializing Unity extensions:
[MODES] ModeService[none].Initialize
[MODES] ModeService[none].LoadModes
[MODES] Loading mode Default (0) for mode-current-id-Aether Grounds
Unloading 6 Unused Serialized files (Serialized files now loaded: 0)
Unloading 503 unused Assets / (0.5 MB). Loaded Objects now: 1236.
Memory consumption went from 226.6 MB to 226.0 MB.
Total: 9.661000 ms (FindLiveObjects: 0.483500 ms CreateObjectMapping: 0.052000 ms MarkObjects: 8.310700 ms  DeleteObjects: 0.486500 ms)

Asset Pipeline Refresh (id=a706d9009a317c445a390bb166529c2f): Total: 0.025 seconds - Initiated by RefreshV2(NoUpdateAssetOptions)
Launched and connected shader compiler UnityShaderCompiler.exe after 0.01 seconds
Importing 'GUID: 73225ca831226ba4e9f8e2044280767e - Path: Assets/Art/Prefabs/Vanta.prefab' with importer (PrefabImporter)
Imported 'GUID: 73225ca831226ba4e9f8e2044280767e' -> (Import Result ID: '7aec9abacf77498e0736a9dd2f11226f') in 0.007 seconds [static dependencies only]. Details - ImportResultOutputID=0bee0341ee98f2d2e55b6b39f23199b2 DependenciesID=d01b05543b8557cd95b6cd52015de935 StaticDependenciesID=6fcb6bd1e31f142e0d79beec4e952ae0 
Asset Pipeline Refresh (id=637f50d19c4bbdb4eb43fe49c89549a2): Total: 0.019 seconds - Initiated by StopAssetImportingV2(NoUpdateAssetOptions)
Importing 'GUID: 79597716e5d95b744ae3b059eccc0047 - Path: Assets/Art/Prefabs/Comet.prefab' with importer (PrefabImporter)
Imported 'GUID: 79597716e5d95b744ae3b059eccc0047' -> (Import Result ID: '79a6b4044f33527a549c7eb2991334a2') in 0.004 seconds [static dependencies only]. Details - ImportResultOutputID=93a007b248bc42fdcb9abe8553c05450 DependenciesID=ad35f7037eb35554b6cb8babfee46531 StaticDependenciesID=856e26c182200f4b772a7b0533edc8c2 
Asset Pipeline Refresh (id=80ab27a996e80a6449ad8a7e94c83b27): Total: 0.014 seconds - Initiated by StopAssetImportingV2(NoUpdateAssetOptions)
Importing 'GUID: 07ad44295421be94fb826195381615aa - Path: Assets/Art/Prefabs/Miso.prefab' with importer (PrefabImporter)
Imported 'GUID: 07ad44295421be94fb826195381615aa' -> (Import Result ID: 'ceb8ac2383dc1707869acb9dd7f38967') in 0.003 seconds [static dependencies only]. Details - ImportResultOutputID=9466964625b805f26241ab0312a2e718 DependenciesID=5292e221a1c80d20935dc104301aefa2 StaticDependenciesID=eb2982c6da5735921fa7c31649d99e7c 
Asset Pipeline Refresh (id=61d7239533815264cad70a55d2ad3919): Total: 0.012 seconds - Initiated by StopAssetImportingV2(NoUpdateAssetOptions)
Importing 'GUID: 26eed49931aeb3f488c7ebefebe3dc67 - Path: Assets/Art/Prefabs/Nomad.prefab' with importer (PrefabImporter)
Imported 'GUID: 26eed49931aeb3f488c7ebefebe3dc67' -> (Import Result ID: '458f801e21958c47e567ae7b01f3a489') in 0.005 seconds [static dependencies only]. Details - ImportResultOutputID=b52485baf05e3d0dd86be2aa89592f70 DependenciesID=c7aaa04387b59f968b910ae8875f47b3 StaticDependenciesID=25dbad9879c2664c22ffecd5de70588b 
Asset Pipeline Refresh (id=971abaf636b1bb34c8167023190c3b22): Total: 0.015 seconds - Initiated by StopAssetImportingV2(NoUpdateAssetOptions)
Importing 'GUID: 3cbcca253d823fe4fb30ede9775f1bfe - Path: Assets/Art/Prefabs/Spectre.prefab' with importer (PrefabImporter)
Imported 'GUID: 3cbcca253d823fe4fb30ede9775f1bfe' -> (Import Result ID: 'cb7c6464e0e5a9c6f42f8ac7c98b2a34') in 0.004 seconds [static dependencies only]. Details - ImportResultOutputID=8ef4227a38088997a47d377da9991fb4 DependenciesID=4df9d4fbf36df8f0a88d9436a5005f29 StaticDependenciesID=69011a3bf24ee15b11e67bc7f9082284 
Asset Pipeline Refresh (id=b63488f7600e24741a5b151990ce1bf4): Total: 0.015 seconds - Initiated by StopAssetImportingV2(NoUpdateAssetOptions)
Asset Pipeline Refresh (id=356cf5a28e12bc34d9c68aec01fe74bc): Total: 0.006 seconds - Initiated by StopAssetImportingV2(NoUpdateAssetOptions)
Asset Pipeline Refresh (id=d5876b64b5d99464fb284044a67c3b6d): Total: 0.004 seconds - Initiated by StopAssetImportingV2(NoUpdateAssetOptions)
Asset Pipeline Refresh (id=5f1fe64e225f6234daad9f8c7990df70): Total: 0.004 seconds - Initiated by StopAssetImportingV2(NoUpdateAssetOptions)
Asset Pipeline Refresh (id=c54970bb1bab4ac49bf4c2c782ce863c): Total: 0.004 seconds - Initiated by StopAssetImportingV2(NoUpdateAssetOptions)
Asset Pipeline Refresh (id=c91631889fe4ff946afe7b3fa8d033c3): Total: 0.006 seconds - Initiated by StopAssetImportingV2(NoUpdateAssetOptions)
Asset Pipeline Refresh (id=7edfa0dfabe9196409819f87433644cf): Total: 0.007 seconds - Initiated by StopAssetImportingV2(NoUpdateAssetOptions)
Worker ready: AssetImportWorkerHW0 0
Importing 'GUID: 003111bd85860e54b9228722c0d6484f - Path: Assets/Art/Meshes/Nomad_13.asset' with importer (NativeFormatImporter)
Main Object Name 'Nomad/combined/WheelFL/Accent' does not match filename 'Nomad_13'
UnityEngine.Debug:ExtractStackTraceNoAlloc (byte*,int,string)
UnityEngine.StackTraceUtility:ExtractStackTrace ()
BuildGame:BakeModels () (at Assets/Editor/BuildGame.cs:21)
BuildGame:Build () (at Assets/Editor/BuildGame.cs:24)

[Assets/Editor/BuildGame.cs line 21]

Imported 'GUID: 003111bd85860e54b9228722c0d6484f' -> (Import Result ID: '47d4ed7cd443400f722506ee3c7c76b6') in 0.002 seconds [static dependencies only]. Details - ImportResultOutputID=dd02f20331efb4c4431e1d51eba3f969 DependenciesID=7870b11a8f0285ea75815236f75b2f66 StaticDependenciesID=dbfcf2935a497147801acc6a570c082e 
Importing 'GUID: 00caf5f3ce28bc04caf9baea5895d8e7 - Path: Assets/Art/Meshes/Vanta_26.asset' with importer (NativeFormatImporter)
Main Object Name 'Vanta/combined/Body/Glass' does not match filename 'Vanta_26'
UnityEngine.Debug:ExtractStackTraceNoAlloc (byte*,int,string)
UnityEngine.StackTraceUtility:ExtractStackTrace ()
BuildGame:BakeModels () (at Assets/Editor/BuildGame.cs:21)
BuildGame:Build () (at Assets/Editor/BuildGame.cs:24)

[Assets/Editor/BuildGame.cs line 21]

Imported 'GUID: 00caf5f3ce28bc04caf9baea5895d8e7' -> (Import Result ID: '5097f3d4ea8dbf6f2910557203ef7cd4') in 0.001 seconds [static dependencies only]. Details - ImportResultOutputID=cac22f4c191a45cf6db43158c80dd4ea DependenciesID=4c727b24f392f889b0b4a690a1dc6c1e StaticDependenciesID=38c8e2754b885fc51f378b81930b759f 
Importing 'GUID: 1007e4da548dab94caf038b7a1449ea7 - Path: Assets/Art/Meshes/Comet_8.asset' with importer (NativeFormatImporter)
Main Object Name 'Comet/combined/WheelRR/Metal' does not match filename 'Comet_8'
UnityEngine.Debug:ExtractStackTraceNoAlloc (byte*,int,string)
UnityEngine.StackTraceUtility:ExtractStackTrace ()
BuildGame:BakeModels () (at Assets/Editor/BuildGame.cs:21)
BuildGame:Build () (at Assets/Editor/BuildGame.cs:24)

[Assets/Editor/BuildGame.cs line 21]

Imported 'GUID: 1007e4da548dab94caf038b7a1449ea7' -> (Import Result ID: '061d955ea3abf8fba5bcb58c69ba26c7') in 0.001 seconds [static dependencies only]. Details - ImportResultOutputID=31fe8f9349afb0275bb8ff0c6908f2ee DependenciesID=61198b6ea50829fe9d8630a5a6742014 StaticDependenciesID=4599c5f5c937e0c4bac3dee2778f212e 
Importing 'GUID: 109aea476be97f146885c68f3676e98b - Path: Assets/Art/Meshes/RoadModule_0.asset' with importer (NativeFormatImporter)
Main Object Name 'RoadModule/combined/Body/Road' does not match filename 'RoadModule_0'
UnityEngine.Debug:ExtractStackTraceNoAlloc (byte*,int,string)
UnityEngine.StackTraceUtility:ExtractStackTrace ()
BuildGame:BakeModels () (at Assets/Editor/BuildGame.cs:21)
BuildGame:Build () (at Assets/Editor/BuildGame.cs:24)

[Assets/Editor/BuildGame.cs line 21]

Imported 'GUID: 109aea476be97f146885c68f3676e98b' -> (Import Result ID: '17202aee3199abc6338ddd8d92edcc3e') in 0.001 seconds [static dependencies only]. Details - ImportResultOutputID=9668aa4f0be9f535eab770d05128f1e4 DependenciesID=c97947ae61f1bf02412917ee9922b609 StaticDependenciesID=2094119ef53ab323c830f07327a04cdb 
Importing 'GUID: 60d186c5e822e424fb1697da8d635a78 - Path: Assets/Art/Meshes/Miso_19.asset' with importer (NativeFormatImporter)
Main Object Name 'Miso/combined/WheelRR/Accent' does not match filename 'Miso_19'
UnityEngine.Debug:ExtractStackTraceNoAlloc (byte*,int,string)
UnityEngine.StackTraceUtility:ExtractStackTrace ()
BuildGame:BakeModels () (at Assets/Editor/BuildGame.cs:21)
BuildGame:Build () (at Assets/Editor/BuildGame.cs:24)

[Assets/Editor/BuildGame.cs line 21]

Imported 'GUID: 60d186c5e822e424fb1697da8d635a78' -> (Import Result ID: '40b7dd3f343fd3ed1e7c8bdd7db9a1a6') in 0.001 seconds [static dependencies only]. Details - ImportResultOutputID=f331f6a62fabb88c4d4822e306694bd2 DependenciesID=7cdb7c0114fcf67199f3ccf1a8da7564 StaticDependenciesID=697f75d8abdc077f83f97105641be9de 
Importing 'GUID: 90a107e6f5ac67e41a4388353746efec - Path: Assets/Art/Meshes/Nomad_18.asset' with importer (NativeFormatImporter)
Main Object Name 'Nomad/combined/WheelRL/Accent' does not match filename 'Nomad_18'
UnityEngine.Debug:ExtractStackTraceNoAlloc (byte*,int,string)
UnityEngine.StackTraceUtility:ExtractStackTrace ()
BuildGame:BakeModels () (at Assets/Editor/BuildGame.cs:21)
BuildGame:Build () (at Assets/Editor/BuildGame.cs:24)

[Assets/Editor/BuildGame.cs line 21]

Imported 'GUID: 90a107e6f5ac67e41a4388353746efec' -> (Import Result ID: '2427b30b4323e7f4ce63ee7f12660478') in 0.001 seconds [static dependencies only]. Details - ImportResultOutputID=998b68a9ec63bc483e5e1492c4876814 DependenciesID=002c2579246c1a181b1d8e7e470c139e StaticDependenciesID=f10033c1105c0ab471d0b9f75ce2d9be 
Importing 'GUID: f0861f49ae797404c8dc48a80ef16979 - Path: Assets/Art/Meshes/Miso_0.asset' with importer (NativeFormatImporter)
Main Object Name 'Miso/combined/Body/Accent' does not match filename 'Miso_0'
UnityEngine.Debug:ExtractStackTraceNoAlloc (byte*,int,string)
UnityEngine.StackTraceUtility:ExtractStackTrace ()
BuildGame:BakeModels () (at Assets/Editor/BuildGame.cs:21)
BuildGame:Build () (at Assets/Editor/BuildGame.cs:24)

[Assets/Editor/BuildGame.cs line 21]

Imported 'GUID: f0861f49ae797404c8dc48a80ef16979' -> (Import Result ID: '90cab99fcffc83bec759541124832508') in 0.001 seconds [static dependencies only]. Details - ImportResultOutputID=0884d382d856dd1b0bf4f27f4db914d2 DependenciesID=e6d3e96f4fe50e15e892c2532e0775f5 StaticDependenciesID=da7920eae470c9d93b6ccd581e5dbaad 
Importing 'GUID: 211bac51e29c3cd4786506ae6841d6b4 - Path: Assets/Art/Meshes/Vanta_22.asset' with importer (NativeFormatImporter)
Main Object Name 'Vanta/combined/WheelFR/Accent' does not match filename 'Vanta_22'
UnityEngine.Debug:ExtractStackTraceNoAlloc (byte*,int,string)
UnityEngine.StackTraceUtility:ExtractStackTrace ()
BuildGame:BakeModels () (at Assets/Editor/BuildGame.cs:21)
BuildGame:Build () (at Assets/Editor/BuildGame.cs:24)

[Assets/Editor/BuildGame.cs line 21]

Imported 'GUID: 211bac51e29c3cd4786506ae6841d6b4' -> (Import Result ID: 'e61717644512994bb9269e56a94bceee') in 0.001 seconds [static dependencies only]. Details - ImportResultOutputID=5e32ad8daaef73f04f5623b8a3edc589 DependenciesID=88b7645555553ede8a0e6f299ec82d96 StaticDependenciesID=161f98db1b0e2027458e6a7da6388655 
Importing 'GUID: 31929bf6a9efc45408252bd22489822b - Path: Assets/Art/Meshes/Nomad_25.asset' with importer (NativeFormatImporter)
Main Object Name 'Nomad/combined/Body/Taillight' does not match filename 'Nomad_25'
UnityEngine.Debug:ExtractStackTraceNoAlloc (byte*,int,string)
UnityEngine.StackTraceUtility:ExtractStackTrace ()
BuildGame:BakeModels () (at Assets/Editor/BuildGame.cs:21)
BuildGame:Build () (at Assets/Editor/BuildGame.cs:24)

[Assets/Editor/BuildGame.cs line 21]

Imported 'GUID: 31929bf6a9efc45408252bd22489822b' -> (Import Result ID: 'b4df73915f84983fae6663acbdd6f8ca') in 0.001 seconds [static dependencies only]. Details - ImportResultOutputID=40e7cc36211301fce05e9a72b026b6e9 DependenciesID=b05a39a2c5e29566a93b5eedcf93be4f StaticDependenciesID=67ecf2734b9e4c84b6a2192a421f50a8 
Importing 'GUID: 514bb7cd5260ff142970e02c45d95378 - Path: Assets/Art/Meshes/Spectre_13.asset' with importer (NativeFormatImporter)
Main Object Name 'Spectre/combined/WheelFR/Carbon' does not match filename 'Spectre_13'
UnityEngine.Debug:ExtractStackTraceNoAlloc (byte*,int,string)
UnityEngine.StackTraceUtility:ExtractStackTrace ()
BuildGame:BakeModels () (at Assets/Editor/BuildGame.cs:21)
BuildGame:Build () (at Assets/Editor/BuildGame.cs:24)

[Assets/Editor/BuildGame.cs line 21]

Imported 'GUID: 514bb7cd5260ff142970e02c45d95378' -> (Import Result ID: '9b4d1118ab7de0b15039943098da8358') in 0.001 seconds [static dependencies only]. Details - ImportResultOutputID=64b0eff5f4ac92ea050d0f3745e5bb79 DependenciesID=2d9e1050e2acbbea5ee9b847678fbf33 StaticDependenciesID=ae6bf85088415772e1f8aa266323e9cf 
Importing 'GUID: 614105e800e74b04598e3b6d5110940d - Path: Assets/Art/Meshes/Vanta_4.asset' with importer (NativeFormatImporter)
Main Object Name 'Vanta/combined/WheelFL/Metal' does not match filename 'Vanta_4'
UnityEngine.Debug:ExtractStackTraceNoAlloc (byte*,int,string)
UnityEngine.StackTraceUtility:ExtractStackTrace ()
BuildGame:BakeModels () (at Assets/Editor/BuildGame.cs:21)
BuildGame:Build () (at Assets/Editor/BuildGame.cs:24)

[Assets/Editor/BuildGame.cs line 21]

Imported 'GUID: 614105e800e74b04598e3b6d5110940d' -> (Import Result ID: '58c83fe94bfe10fc0ef1ac25a416e687') in 0.001 seconds [static dependencies only]. Details - ImportResultOutputID=2ef2f1f85405747da2af2e8afa2383e8 DependenciesID=3a07065cece564ceccf41fed12506eb6 StaticDependenciesID=f1a87945b17b19731b7776d4adbe7754 
Importing 'GUID: 71fb9637d041cfa4e887a2528bf3014b - Path: Assets/Art/Meshes/Miso_20.asset' with importer (NativeFormatImporter)
Main Object Name 'Miso/combined/WheelRR/Metal' does not match filename 'Miso_20'
UnityEngine.Debug:ExtractStackTraceNoAlloc (byte*,int,string)
UnityEngine.StackTraceUtility:ExtractStackTrace ()
BuildGame:BakeModels () (at Assets/Editor/BuildGame.cs:21)
BuildGame:Build () (at Assets/Editor/BuildGame.cs:24)

[Assets/Editor/BuildGame.cs line 21]

Imported 'GUID: 71fb9637d041cfa4e887a2528bf3014b' -> (Import Result ID: '64997ec5a3791cf51fa44e0fdcafec97') in 0.001 seconds [static dependencies only]. Details - ImportResultOutputID=46afc047df66bd2f37b8aad56a2c55b9 DependenciesID=2d54df9902dffed296e0d2dfe6a3d553 StaticDependenciesID=4c43a060e0dfd68de0a5c6028fd738b1 
Importing 'GUID: 91c6b4d571b698f48b5ac400af99f91e - Path: Assets/Art/Meshes/Spectre_24.asset' with importer (NativeFormatImporter)
Main Object Name 'Spectre/combined/Body/Carbon' does not match filename 'Spectre_24'
UnityEngine.Debug:ExtractStackTraceNoAlloc (byte*,int,string)
UnityEngine.StackTraceUtility:ExtractStackTrace ()
BuildGame:BakeModels () (at Assets/Editor/BuildGame.cs:21)
BuildGame:Build () (at Assets/Editor/BuildGame.cs:24)

[Assets/Editor/BuildGame.cs line 21]

Imported 'GUID: 91c6b4d571b698f48b5ac400af99f91e' -> (Import Result ID: '00b0256fea5f4af123f2d3c8ff56e4b7') in 0.001 seconds [static dependencies only]. Details - ImportResultOutputID=698aeed53d1559abcf6c9b2da653b2a1 DependenciesID=58c90dde16da0c63be34766f737a09c7 StaticDependenciesID=7cc94afbecef57abe887c9a40c2599ff 
Importing 'GUID: c10281647ccb0564ca4842e01d19c9fa - Path: Assets/Art/Meshes/Comet_7.asset' with importer (NativeFormatImporter)
Main Object Name 'Comet/combined/WheelRR/Accent' does not match filename 'Comet_7'
UnityEngine.Debug:ExtractStackTraceNoAlloc (byte*,int,string)
UnityEngine.StackTraceUtility:ExtractStackTrace ()
BuildGame:BakeModels () (at Assets/Editor/BuildGame.cs:21)
BuildGame:Build () (at Assets/Editor/BuildGame.cs:24)

[Assets/Editor/BuildGame.cs line 21]

Imported 'GUID: c10281647ccb0564ca4842e01d19c9fa' -> (Import Result ID: 'b7eb1e4ca091c4f3d598bb5256dcedc2') in 0.001 seconds [static dependencies only]. Details - ImportResultOutputID=d3100508f9406fedffd99960dc174143 DependenciesID=16a2d64cd9eabfbed8b224cf34c755e7 StaticDependenciesID=dff0db7f55e1e868d8808aead7cda37f 
Importing 'GUID: 22d106019160a824484d2778d5f17601 - Path: Assets/Art/Meshes/Comet_6.asset' with importer (NativeFormatImporter)
Main Object Name 'Comet/combined/WheelRR/Carbon' does not match filename 'Comet_6'
UnityEngine.Debug:ExtractStackTraceNoAlloc (byte*,int,string)
UnityEngine.StackTraceUtility:ExtractStackTrace ()
BuildGame:BakeModels () (at Assets/Editor/BuildGame.cs:21)
BuildGame:Build () (at Assets/Editor/BuildGame.cs:24)

[Assets/Editor/BuildGame.cs line 21]

Imported 'GUID: 22d106019160a824484d2778d5f17601' -> (Import Result ID: '2bc59be6fbf0ac828e0bbf06ca961671') in 0.001 seconds [static dependencies only]. Details - ImportResultOutputID=7e1876547d4317ae8733440289c4e96b DependenciesID=9e4808514edc8f32337fb19695f98ccd StaticDependenciesID=fe52c555a33403da0c41a27707edbd07 
Importing 'GUID: 4282ac7bbf3bbd640ba42ca85da42d09 - Path: Assets/Art/Meshes/Nomad_2.asset' with importer (NativeFormatImporter)
Main Object Name 'Nomad/combined/WheelFR/Accent' does not match filename 'Nomad_2'
UnityEngine.Debug:ExtractStackTraceNoAlloc (byte*,int,string)
UnityEngine.StackTraceUtility:ExtractStackTrace ()
BuildGame:BakeModels () (at Assets/Editor/BuildGame.cs:21)
BuildGame:Build () (at Assets/Editor/BuildGame.cs:24)

[Assets/Editor/BuildGame.cs line 21]

Imported 'GUID: 4282ac7bbf3bbd640ba42ca85da42d09' -> (Import Result ID: '1bcc44eabb19bf2a49698100f415de75') in 0.001 seconds [static dependencies only]. Details - ImportResultOutputID=090050c7aa0ab3583999518f740a2324 DependenciesID=37e0b1d3a44a17f84f94380e6a7f8fef StaticDependenciesID=c0e9d23e366b770bcce07a89b36c34d0 
Importing 'GUID: 427e50358f8e1564da80d08060556f8a - Path: Assets/Art/Meshes/Nomad_19.asset' with importer (NativeFormatImporter)
Main Object Name 'Nomad/combined/WheelRL/Metal' does not match filename 'Nomad_19'
UnityEngine.Debug:ExtractStackTraceNoAlloc (byte*,int,string)
UnityEngine.StackTraceUtility:ExtractStackTrace ()
BuildGame:BakeModels () (at Assets/Editor/BuildGame.cs:21)
BuildGame:Build () (at Assets/Editor/BuildGame.cs:24)

[Assets/Editor/BuildGame.cs line 21]

Imported 'GUID: 427e50358f8e1564da80d08060556f8a' -> (Import Result ID: '17621de7f2ba0685372445fab93d8918') in 0.001 seconds [static dependencies only]. Details - ImportResultOutputID=17cc8b2df389673534959a0c32cdff49 DependenciesID=111d1029084bc73cdceb519a3ba4a061 StaticDependenciesID=60d105179e8a229b9c0f92e7032a77b4 
Importing 'GUID: 529729f49105838478b6ae23ace498d9 - Path: Assets/Art/Meshes/Spectre_25.asset' with importer (NativeFormatImporter)
Main Object Name 'Spectre/combined/Body/Glass' does not match filename 'Spectre_25'
UnityEngine.Debug:ExtractStackTraceNoAlloc (byte*,int,string)
UnityEngine.StackTraceUtility:ExtractStackTrace ()
BuildGame:BakeModels () (at Assets/Editor/BuildGame.cs:21)
BuildGame:Build () (at Assets/Editor/BuildGame.cs:24)

[Assets/Editor/BuildGame.cs line 21]

Imported 'GUID: 529729f49105838478b6ae23ace498d9' -> (Import Result ID: 'dae566e1433633c517ed02257347f50c') in 0.001 seconds [static dependencies only]. Details - ImportResultOutputID=a3d43d4d0dd34dd23cbb09cab335fd90 DependenciesID=65946b0c4e553423b6f94ff62e37d0a5 StaticDependenciesID=343116327fa2a51f5d41019a9af0bc1e 
Importing 'GUID: b2fe24b07c8d7724fbddf7277fe817e7 - Path: Assets/Art/Meshes/Spectre_8.asset' with importer (NativeFormatImporter)
Main Object Name 'Spectre/combined/WheelRL/Metal' does not match filename 'Spectre_8'
UnityEngine.Debug:ExtractStackTraceNoAlloc (byte*,int,string)
UnityEngine.StackTraceUtility:ExtractStackTrace ()
BuildGame:BakeModels () (at Assets/Editor/BuildGame.cs:21)
BuildGame:Build () (at Assets/Editor/BuildGame.cs:24)

[Assets/Editor/BuildGame.cs line 21]

Imported 'GUID: b2fe24b07c8d7724fbddf7277fe817e7' -> (Import Result ID: '3324d378c779a8716ceb1ed8a0ea9c8f') in 0.001 seconds [static dependencies only]. Details - ImportResultOutputID=cffaaecce3d13aced76f79f004936ac1 DependenciesID=1975db5dd3393f83c2bd275e02716571 StaticDependenciesID=3618536612446500eeccc333168a4975 
Importing 'GUID: c2bac41daaff52049a1696947336bcab - Path: Assets/Art/Meshes/Nomad_9.asset' with importer (NativeFormatImporter)
Main Object Name 'Nomad/combined/WheelRR/Tire' does not match filename 'Nomad_9'
UnityEngine.Debug:ExtractStackTraceNoAlloc (byte*,int,string)
UnityEngine.StackTraceUtility:ExtractStackTrace ()
BuildGame:BakeModels () (at Assets/Editor/BuildGame.cs:21)
BuildGame:Build () (at Assets/Editor/BuildGame.cs:24)

[Assets/Editor/BuildGame.cs line 21]

Imported 'GUID: c2bac41daaff52049a1696947336bcab' -> (Import Result ID: '153ff37907c7913b97e6ced73e2c2e3f') in 0.001 seconds [static dependencies only]. Details - ImportResultOutputID=d29a679cbd8e759b6fc53c57868bfd55 DependenciesID=85cb94c9f8a690b2a82060e43cab2015 StaticDependenciesID=f3e43942b58b166bc302d0ec1c40b95d 
Importing 'GUID: 0326c21164e109d46b8d379ec23c7bee - Path: Assets/Art/Meshes/Comet_19.asset' with importer (NativeFormatImporter)
Main Object Name 'Comet/combined/WheelFL/Carbon' does not match filename 'Comet_19'
UnityEngine.Debug:ExtractStackTraceNoAlloc (byte*,int,string)
UnityEngine.StackTraceUtility:ExtractStackTrace ()
BuildGame:BakeModels () (at Assets/Editor/BuildGame.cs:21)
BuildGame:Build () (at Assets/Editor/BuildGame.cs:24)

[Assets/Editor/BuildGame.cs line 21]

Imported 'GUID: 0326c21164e109d46b8d379ec23c7bee' -> (Import Result ID: '3b1e0950e72f08e07245a96b6f39c0ac') in 0.001 seconds [static dependencies only]. Details - ImportResultOutputID=6ce23b7bb8c5f385ac9d1bb3b28e070f DependenciesID=f31c70f467dc3b9cb30c6389f077dffd StaticDependenciesID=35443bd634e40c94d03f00a4032164af 
Importing 'GUID: 1311b9a22d9d947469e86cc1a6f1a7a7 - Path: Assets/Art/Meshes/Miso_9.asset' with importer (NativeFormatImporter)
Main Object Name 'Miso/combined/WheelFR/Tire' does not match filename 'Miso_9'
UnityEngine.Debug:ExtractStackTraceNoAlloc (byte*,int,string)
UnityEngine.StackTraceUtility:ExtractStackTrace ()
BuildGame:BakeModels () (at Assets/Editor/BuildGame.cs:21)
BuildGame:Build () (at Assets/Editor/BuildGame.cs:24)

[Assets/Editor/BuildGame.cs line 21]

Imported 'GUID: 1311b9a22d9d947469e86cc1a6f1a7a7' -> (Import Result ID: '88d1cf93ee86984c9b7a4cd3c81904a3') in 0.001 seconds [static dependencies only]. Details - ImportResultOutputID=f18877ae3b8d3fde2508299c9fe97b0f DependenciesID=c0bbb976eda76f38fd7339563c0b4e2b StaticDependenciesID=c8010f213ee4717f5d112380d9bd17c5 
Importing 'GUID: 3362f9d599b97414aadaec0bd226a1b1 - Path: Assets/Art/Meshes/CrystalCluster_0.asset' with importer (NativeFormatImporter)
Main Object Name 'CrystalCluster/combined/Body/Crystal' does not match filename 'CrystalCluster_0'
UnityEngine.Debug:ExtractStackTraceNoAlloc (byte*,int,string)
UnityEngine.StackTraceUtility:ExtractStackTrace ()
BuildGame:BakeModels () (at Assets/Editor/BuildGame.cs:21)
BuildGame:Build () (at Assets/Editor/BuildGame.cs:24)

[Assets/Editor/BuildGame.cs line 21]

Imported 'GUID: 3362f9d599b97414aadaec0bd226a1b1' -> (Import Result ID: '379ed4f3f1fd819d026ad784b3014506') in 0.001 seconds [static dependencies only]. Details - ImportResultOutputID=523a9664898882dbfba84b3b6415b6c0 DependenciesID=d4e1630108076137bc02d71470c71d1d StaticDependenciesID=50bfa4206143afb8d66049ad0df7bf53 
Importing 'GUID: 63678472f3737e1478dc183258bed9e4 - Path: Assets/Art/Meshes/Miso_13.asset' with importer (NativeFormatImporter)
Main Object Name 'Miso/combined/WheelRL/Accent' does not match filename 'Miso_13'
UnityEngine.Debug:ExtractStackTraceNoAlloc (byte*,int,string)
UnityEngine.StackTraceUtility:ExtractStackTrace ()
BuildGame:BakeModels () (at Assets/Editor/BuildGame.cs:21)
BuildGame:Build () (at Assets/Editor/BuildGame.cs:24)

[Assets/Editor/BuildGame.cs line 21]

Imported 'GUID: 63678472f3737e1478dc183258bed9e4' -> (Import Result ID: '392e1313be3ab2d20204d63a2ced1573') in 0.001 seconds [static dependencies only]. Details - ImportResultOutputID=d9bb89332d50a9b2636d0dfea11eaf20 DependenciesID=5d3a2054730ac728ca8d7ca7bc619f77 StaticDependenciesID=d832159d2a22e9c3e0f6e1747650a1be 
Importing 'GUID: 63597ad072281494ca6da66b3a0d2202 - Path: Assets/Art/Meshes/Comet_20.asset' with importer (NativeFormatImporter)
Main Object Name 'Comet/combined/WheelFL/Accent' does not match filename 'Comet_20'
UnityEngine.Debug:ExtractStackTraceNoAlloc (byte*,int,string)
UnityEngine.StackTraceUtility:ExtractStackTrace ()
BuildGame:BakeModels () (at Assets/Editor/BuildGame.cs:21)
BuildGame:Build () (at Assets/Editor/BuildGame.cs:24)

[Assets/Editor/BuildGame.cs line 21]

Imported 'GUID: 63597ad072281494ca6da66b3a0d2202' -> (Import Result ID: 'd682b7ec26657873c4cbe307a632a376') in 0.001 seconds [static dependencies only]. Details - ImportResultOutputID=74a485f06248bd1cdf85d1fbaa8b66c3 DependenciesID=ead3717e13589fb1a2017c75a81aabda StaticDependenciesID=5f79593a8b1ebc6893df7a20b3d95e28 
Importing 'GUID: 630c4c68d8d32264a8ccab1920512c39 - Path: Assets/Art/Meshes/Miso_25.asset' with importer (NativeFormatImporter)
Main Object Name 'Miso/combined/Body/Headlight' does not match filename 'Miso_25'
UnityEngine.Debug:ExtractStackTraceNoAlloc (byte*,int,string)
UnityEngine.StackTraceUtility:ExtractStackTrace ()
BuildGame:BakeModels () (at Assets/Editor/BuildGame.cs:21)
BuildGame:Build () (at Assets/Editor/BuildGame.cs:24)

[Assets/Editor/BuildGame.cs line 21]

Imported 'GUID: 630c4c68d8d32264a8ccab1920512c39' -> (Import Result ID: 'b15bd43747bca1d8dceb0502d53cdf58') in 0.001 seconds [static dependencies only]. Details - ImportResultOutputID=8c3add9162576a25d0231e9fe1f5acc3 DependenciesID=3af6d7a77f83ffd7c3f8598ee7dd2795 StaticDependenciesID=596e5c6a7109c30533408f4d2d190b99 
Importing 'GUID: 739744e320f1bfc458661987d467f4c7 - Path: Assets/Art/Meshes/Miso_24.asset' with importer (NativeFormatImporter)
Main Object Name 'Miso/combined/Body/Carbon' does not match filename 'Miso_24'
UnityEngine.Debug:ExtractStackTraceNoAlloc (byte*,int,string)
UnityEngine.StackTraceUtility:ExtractStackTrace ()
BuildGame:BakeModels () (at Assets/Editor/BuildGame.cs:21)
BuildGame:Build () (at Assets/Editor/BuildGame.cs:24)

[Assets/Editor/BuildGame.cs line 21]

Imported 'GUID: 739744e320f1bfc458661987d467f4c7' -> (Import Result ID: '69718fb53c1fc6ca2b929dcc5a7179be') in 0.001 seconds [static dependencies only]. Details - ImportResultOutputID=b3f3474b86fe164e95a2ce5ad3205751 DependenciesID=7d0fc883975ea67b087d53898e2322cc StaticDependenciesID=d1886eeebf37bd95304438c163a8a400 
Importing 'GUID: 9369d58acdf2a024abd91c486dccfa37 - Path: Assets/Art/Meshes/Comet_22.asset' with importer (NativeFormatImporter)
Main Object Name 'Comet/combined/WheelFL/Metal' does not match filename 'Comet_22'
UnityEngine.Debug:ExtractStackTraceNoAlloc (byte*,int,string)
UnityEngine.StackTraceUtility:ExtractStackTrace ()
BuildGame:BakeModels () (at Assets/Editor/BuildGame.cs:21)
BuildGame:Build () (at Assets/Editor/BuildGame.cs:24)

[Assets/Editor/BuildGame.cs line 21]

Imported 'GUID: 9369d58acdf2a024abd91c486dccfa37' -> (Import Result ID: '115178bc89a925bda189ea901b45a763') in 0.001 seconds [static dependencies only]. Details - ImportResultOutputID=f0a8c3521f1c2af1facd00a07b1a250c DependenciesID=80a91262b4f6e397efcc4105e9d2deea StaticDependenciesID=629f1139c955fc852fe6ae5ba2df9c4f 
Importing 'GUID: 936f96beb40948a42bff96f4bc2081c9 - Path: Assets/Art/Meshes/Spectre_14.asset' with importer (NativeFormatImporter)
Main Object Name 'Spectre/combined/WheelFR/Tire' does not match filename 'Spectre_14'
UnityEngine.Debug:ExtractStackTraceNoAlloc (byte*,int,string)
UnityEngine.StackTraceUtility:ExtractStackTrace ()
BuildGame:BakeModels () (at Assets/Editor/BuildGame.cs:21)
BuildGame:Build () (at Assets/Editor/BuildGame.cs:24)

[Assets/Editor/BuildGame.cs line 21]

Imported 'GUID: 936f96beb40948a42bff96f4bc2081c9' -> (Import Result ID: 'dec1ce45f802eed7f6f8c81d44c7555e') in 0.001 seconds [static dependencies only]. Details - ImportResultOutputID=f27300e2dfe688f9d36b18643bd7fed6 DependenciesID=bfc8410ed19a89d85d0df0169748e942 StaticDependenciesID=6396410bb5b8b5fe966ca9184317ac6b 
Importing 'GUID: a3d898a6f12eca94aab2a8d32113ed3d - Path: Assets/Art/Meshes/Vanta_24.asset' with importer (NativeFormatImporter)
Main Object Name 'Vanta/combined/WheelFR/Wheel' does not match filename 'Vanta_24'
UnityEngine.Debug:ExtractStackTraceNoAlloc (byte*,int,string)
UnityEngine.StackTraceUtility:ExtractStackTrace ()
BuildGame:BakeModels () (at Assets/Editor/BuildGame.cs:21)
BuildGame:Build () (at Assets/Editor/BuildGame.cs:24)

[Assets/Editor/BuildGame.cs line 21]

Imported 'GUID: a3d898a6f12eca94aab2a8d32113ed3d' -> (Import Result ID: 'a7a10a98233208b987b30986e975650e') in 0.001 seconds [static dependencies only]. Details - ImportResultOutputID=dc12a81f43933d3e0d8beb8ae748d7d2 DependenciesID=bfb015b590489534fcb864712918309f StaticDependenciesID=6a632b32c3425a3fb546ccd97dcf9ade 
Importing 'GUID: a36b4539a6684f746a49f9ba4eb215fa - Path: Assets/Art/Meshes/Miso_26.asset' with importer (NativeFormatImporter)
Main Object Name 'Miso/combined/Body/Taillight' does not match filename 'Miso_26'
UnityEngine.Debug:ExtractStackTraceNoAlloc (byte*,int,string)
UnityEngine.StackTraceUtility:ExtractStackTrace ()
BuildGame:BakeModels () (at Assets/Editor/BuildGame.cs:21)
BuildGame:Build () (at Assets/Editor/BuildGame.cs:24)

[Assets/Editor/BuildGame.cs line 21]

Imported 'GUID: a36b4539a6684f746a49f9ba4eb215fa' -> (Import Result ID: '1f962bf9422ffe22fc75db7653b9e2d0') in 0.001 seconds [static dependencies only]. Details - ImportResultOutputID=cf3818e9704a62ed872ff7e3c2ee92e2 DependenciesID=b4fa70efd967acbfaf176c6caef284a4 StaticDependenciesID=03865dbf6e629b807ad8852af1863c13 
Importing 'GUID: a3de2f81bdc0f564f813bf185c417fc6 - Path: Assets/Art/Meshes/Vanta_17.asset' with importer (NativeFormatImporter)
Main Object Name 'Vanta/combined/WheelRL/Accent' does not match filename 'Vanta_17'
UnityEngine.Debug:ExtractStackTraceNoAlloc (byte*,int,string)
UnityEngine.StackTraceUtility:ExtractStackTrace ()
BuildGame:BakeModels () (at Assets/Editor/BuildGame.cs:21)
BuildGame:Build () (at Assets/Editor/BuildGame.cs:24)

[Assets/Editor/BuildGame.cs line 21]

Imported 'GUID: a3de2f81bdc0f564f813bf185c417fc6' -> (Import Result ID: '359cfc9f55d605150954f33b14a9f047') in 0.001 seconds [static dependencies only]. Details - ImportResultOutputID=449212694a5c6466ffd543ea9c0d6592 DependenciesID=0cca86f6c5c4d1747dce105837933907 StaticDependenciesID=a7c42dbded09b95d60bfb9f37d5fa570 
Importing 'GUID: b36fe9fc5d494fb4f83677cad2a0dda1 - Path: Assets/Art/Meshes/Comet_21.asset' with importer (NativeFormatImporter)
Main Object Name 'Comet/combined/WheelFL/Wheel' does not match filename 'Comet_21'
UnityEngine.Debug:ExtractStackTraceNoAlloc (byte*,int,string)
UnityEngine.StackTraceUtility:ExtractStackTrace ()
BuildGame:BakeModels () (at Assets/Editor/BuildGame.cs:21)
BuildGame:Build () (at Assets/Editor/BuildGame.cs:24)

[Assets/Editor/BuildGame.cs line 21]

Imported 'GUID: b36fe9fc5d494fb4f83677cad2a0dda1' -> (Import Result ID: '7a3264f7302421d3745ae10616624887') in 0.001 seconds [static dependencies only]. Details - ImportResultOutputID=66b3bd96323b321c432e7c0d18d23bdf DependenciesID=d76933be9d57e9d3e187864f4c4c8ece StaticDependenciesID=2d05679bd2d46abd9f58b8c7457af6cf 
Importing 'GUID: d399a22ca1e8dcd42832a567dcc4ac03 - Path: Assets/Art/Meshes/Miso_4.asset' with importer (NativeFormatImporter)
Main Object Name 'Miso/combined/WheelFL/Tire' does not match filename 'Miso_4'
UnityEngine.Debug:ExtractStackTraceNoAlloc (byte*,int,string)
UnityEngine.StackTraceUtility:ExtractStackTrace ()
BuildGame:BakeModels () (at Assets/Editor/BuildGame.cs:21)
BuildGame:Build () (at Assets/Editor/BuildGame.cs:24)

[Assets/Editor/BuildGame.cs line 21]

Imported 'GUID: d399a22ca1e8dcd42832a567dcc4ac03' -> (Import Result ID: '50d7925251c9dd04ebc80472b5fd720e') in 0.001 seconds [static dependencies only]. Details - ImportResultOutputID=7bb43c168ac600345e2856601a654160 DependenciesID=3f3c322e2f391b68cafaa324c90d469b StaticDependenciesID=c2bab6442998d02e1ef14b2420874576 
Importing 'GUID: e38b82f067a05d64782d72379e1ce7aa - Path: Assets/Art/Meshes/Spectre_22.asset' with importer (NativeFormatImporter)
Main Object Name 'Spectre/combined/Body/Metal' does not match filename 'Spectre_22'
UnityEngine.Debug:ExtractStackTraceNoAlloc (byte*,int,string)
UnityEngine.StackTraceUtility:ExtractStackTrace ()
BuildGame:BakeModels () (at Assets/Editor/BuildGame.cs:21)
BuildGame:Build () (at Assets/Editor/BuildGame.cs:24)

[Assets/Editor/BuildGame.cs line 21]

Imported 'GUID: e38b82f067a05d64782d72379e1ce7aa' -> (Import Result ID: 'b2212b8ad944925edffb3b958ee93dec') in 0.001 seconds [static dependencies only]. Details - ImportResultOutputID=fbacf0a046e20b1951f75196ce9bdb55 DependenciesID=eb273b8a1035c453828ebe5874261a39 StaticDependenciesID=97d05fb88982fe352ac8d4dbd7ed57d1 
Importing 'GUID: f38718d5bb4ed6d44ba824a2c9ac1807 - Path: Assets/Art/Meshes/Vanta_19.asset' with importer (NativeFormatImporter)
Main Object Name 'Vanta/combined/Body/Paint' does not match filename 'Vanta_19'
UnityEngine.Debug:ExtractStackTraceNoAlloc (byte*,int,string)
UnityEngine.StackTraceUtility:ExtractStackTrace ()
BuildGame:BakeModels () (at Assets/Editor/BuildGame.cs:21)
BuildGame:Build () (at Assets/Editor/BuildGame.cs:24)

[Assets/Editor/BuildGame.cs line 21]

Imported 'GUID: f38718d5bb4ed6d44ba824a2c9ac1807' -> (Import Result ID: '3dee5686655230102b1b0211e214d0b3') in 0.001 seconds [static dependencies only]. Details - ImportResultOutputID=f5582280f64b1508c640f39ccebe90f9 DependenciesID=998c9d880ce12c9a110a9b750d7ffc69 StaticDependenciesID=7047fec139dd76055ca2990bb55225ab 
Importing 'GUID: 04167968933432a4dacbe15d40a6b3b4 - Path: Assets/Art/Meshes/Spectre_18.asset' with importer (NativeFormatImporter)
Main Object Name 'Spectre/combined/WheelFL/Metal' does not match filename 'Spectre_18'
UnityEngine.Debug:ExtractStackTraceNoAlloc (byte*,int,string)
UnityEngine.StackTraceUtility:ExtractStackTrace ()
BuildGame:BakeModels () (at Assets/Editor/BuildGame.cs:21)
BuildGame:Build () (at Assets/Editor/BuildGame.cs:24)

[Assets/Editor/BuildGame.cs line 21]

Imported 'GUID: 04167968933432a4dacbe15d40a6b3b4' -> (Import Result ID: '27e6a3a2d1a957577d170429951c9399') in 0.001 seconds [static dependencies only]. Details - ImportResultOutputID=a38d03e1243c5bee55db286887f70904 DependenciesID=0f8822120431c663d67a4b6035c177bf StaticDependenciesID=471d2992c2ba58fc1d146f7617947a59 
Importing 'GUID: 04ead5a07aeef0d4b9d83f607a9e64e0 - Path: Assets/Art/Meshes/Miso_22.asset' with importer (NativeFormatImporter)
Main Object Name 'Miso/combined/Body/Glass' does not match filename 'Miso_22'
UnityEngine.Debug:ExtractStackTraceNoAlloc (byte*,int,string)
UnityEngine.StackTraceUtility:ExtractStackTrace ()
BuildGame:BakeModels () (at Assets/Editor/BuildGame.cs:21)
BuildGame:Build () (at Assets/Editor/BuildGame.cs:24)

[Assets/Editor/BuildGame.cs line 21]

Imported 'GUID: 04ead5a07aeef0d4b9d83f607a9e64e0' -> (Import Result ID: '893703416127dad760082e05408643d3') in 0.000 seconds [static dependencies only]. Details - ImportResultOutputID=9f875f348ec9ab377c12d0d18ce139a2 DependenciesID=80df02377aedd048ed891443936a273b StaticDependenciesID=07215026de0f5d60d679962e07dbf312 
Importing 'GUID: 24bebcfb936b7a04c8eff98284cd0a97 - Path: Assets/Art/Meshes/Spectre_9.asset' with importer (NativeFormatImporter)
Main Object Name 'Spectre/combined/WheelRL/Wheel' does not match filename 'Spectre_9'
UnityEngine.Debug:ExtractStackTraceNoAlloc (byte*,int,string)
UnityEngine.StackTraceUtility:ExtractStackTrace ()
BuildGame:BakeModels () (at Assets/Editor/BuildGame.cs:21)
BuildGame:Build () (at Assets/Editor/BuildGame.cs:24)

[Assets/Editor/BuildGame.cs line 21]

Imported 'GUID: 24bebcfb936b7a04c8eff98284cd0a97' -> (Import Result ID: '5bbc4ac619f85fa822424dfd513bcc2c') in 0.000 seconds [static dependencies only]. Details - ImportResultOutputID=3e6d36cf2aff06b7815651e7fc662235 DependenciesID=bda320cd022e3a1e91d02e93b1810844 StaticDependenciesID=a84d299faf09e72ab36a0a1a2844728c 
Importing 'GUID: 44659a6d84cefec488a4e26d49e21b25 - Path: Assets/Art/Meshes/Spectre_6.asset' with importer (NativeFormatImporter)
Main Object Name 'Spectre/combined/WheelRL/Carbon' does not match filename 'Spectre_6'
UnityEngine.Debug:ExtractStackTraceNoAlloc (byte*,int,string)
UnityEngine.StackTraceUtility:ExtractStackTrace ()
BuildGame:BakeModels () (at Assets/Editor/BuildGame.cs:21)
BuildGame:Build () (at Assets/Editor/BuildGame.cs:24)

[Assets/Editor/BuildGame.cs line 21]

Imported 'GUID: 44659a6d84cefec488a4e26d49e21b25' -> (Import Result ID: '18cec8bb2e83a2993fba2a47beae6ddd') in 0.001 seconds [static dependencies only]. Details - ImportResultOutputID=0d6c2bf539e05de762c9890bbe3252d8 DependenciesID=badb5cdcffef3e53660574ffdfcb52c2 StaticDependenciesID=c188957683633d06264fc48d3534bd2b 
Importing 'GUID: 5411cc3ca4cb4b64082df5eb6836e406 - Path: Assets/Art/Meshes/Spectre_19.asset' with importer (NativeFormatImporter)
Main Object Name 'Spectre/combined/WheelFL/Accent' does not match filename 'Spectre_19'
UnityEngine.Debug:ExtractStackTraceNoAlloc (byte*,int,string)
UnityEngine.StackTraceUtility:ExtractStackTrace ()
BuildGame:BakeModels () (at Assets/Editor/BuildGame.cs:21)
BuildGame:Build () (at Assets/Editor/BuildGame.cs:24)

[Assets/Editor/BuildGame.cs line 21]

Imported 'GUID: 5411cc3ca4cb4b64082df5eb6836e406' -> (Import Result ID: 'c9b60b9729fa187d6f772a36fdb91821') in 0.001 seconds [static dependencies only]. Details - ImportResultOutputID=6a918ab5233a06052b688a84fa1d6708 DependenciesID=076ff115924ce81017d1d66fd5c73972 StaticDependenciesID=59337c656585fa6590b42a056dbbc19e 
Importing 'GUID: 542baec35bdbfae49854599f201dd11d - Path: Assets/Art/Meshes/Vanta_6.asset' with importer (NativeFormatImporter)
Main Object Name 'Vanta/combined/WheelFL/Accent' does not match filename 'Vanta_6'
UnityEngine.Debug:ExtractStackTraceNoAlloc (byte*,int,string)
UnityEngine.StackTraceUtility:ExtractStackTrace ()
BuildGame:BakeModels () (at Assets/Editor/BuildGame.cs:21)
BuildGame:Build () (at Assets/Editor/BuildGame.cs:24)

[Assets/Editor/BuildGame.cs line 21]

Imported 'GUID: 542baec35bdbfae49854599f201dd11d' -> (Import Result ID: 'ba6feb9d1697c131a970b89a7d40bfb1') in 0.001 seconds [static dependencies only]. Details - ImportResultOutputID=0c1cb078d9202ceb3f1575c0647275c3 DependenciesID=a88a727de80dd9edc259b6bfa71667d4 StaticDependenciesID=a85bd8d905dfa139ffa6ed70cfa0f609 
Importing 'GUID: 541d7540f40b0354eb3bd8059e4779f3 - Path: Assets/Art/Meshes/Vanta_10.asset' with importer (NativeFormatImporter)
Main Object Name 'Vanta/combined/WheelRR/Carbon' does not match filename 'Vanta_10'
UnityEngine.Debug:ExtractStackTraceNoAlloc (byte*,int,string)
UnityEngine.StackTraceUtility:ExtractStackTrace ()
BuildGame:BakeModels () (at Assets/Editor/BuildGame.cs:21)
BuildGame:Build () (at Assets/Editor/BuildGame.cs:24)

[Assets/Editor/BuildGame.cs line 21]

Imported 'GUID: 541d7540f40b0354eb3bd8059e4779f3' -> (Import Result ID: '74982212d42bd6224429947579528cf6') in 0.001 seconds [static dependencies only]. Details - ImportResultOutputID=1987c331240d3a0ed798a73ddd43df98 DependenciesID=4456fc57a3166af11ec5d8bbbeee7f75 StaticDependenciesID=e27c1a5227ed459b13edc86d7c600689 
Importing 'GUID: 7401dc01015b8b842a22f54c9648b814 - Path: Assets/Art/Meshes/Comet_12.asset' with importer (NativeFormatImporter)
Main Object Name 'Comet/combined/Body/Headlight' does not match filename 'Comet_12'
UnityEngine.Debug:ExtractStackTraceNoAlloc (byte*,int,string)
UnityEngine.StackTraceUtility:ExtractStackTrace ()
BuildGame:BakeModels () (at Assets/Editor/BuildGame.cs:21)
BuildGame:Build () (at Assets/Editor/BuildGame.cs:24)

[Assets/Editor/BuildGame.cs line 21]

Imported 'GUID: 7401dc01015b8b842a22f54c9648b814' -> (Import Result ID: '3492d7c726c351ccb70f5c77cf8fb22e') in 0.001 seconds [static dependencies only]. Details - ImportResultOutputID=f2ee92c0b22efd7d9eb99af15c2f390e DependenciesID=0263f8bb6e13da2a50a96da76fa36bf9 StaticDependenciesID=3bb486cf5a3f6c3625cf4163fbd07379 
Importing 'GUID: 949142bee6270844498b77f08454d22c - Path: Assets/Art/Meshes/Comet_24.asset' with importer (NativeFormatImporter)
Main Object Name 'Comet/combined/Body/Paint' does not match filename 'Comet_24'
UnityEngine.Debug:ExtractStackTraceNoAlloc (byte*,int,string)
UnityEngine.StackTraceUtility:ExtractStackTrace ()
BuildGame:BakeModels () (at Assets/Editor/BuildGame.cs:21)
BuildGame:Build () (at Assets/Editor/BuildGame.cs:24)

[Assets/Editor/BuildGame.cs line 21]

Imported 'GUID: 949142bee6270844498b77f08454d22c' -> (Import Result ID: '66db227de9c40b90169912da1824022e') in 0.001 seconds [static dependencies only]. Details - ImportResultOutputID=7983c814db1ad0d3ca63eb5e2ee6c9ba DependenciesID=e97d4cad9ad226e2bf13adf675e6f713 StaticDependenciesID=d014480ed81f9e408e6d3c34317e7ae2 
Importing 'GUID: 9493e1d6fa062c8439b2d409936e99c1 - Path: Assets/Art/Meshes/Spectre_3.asset' with importer (NativeFormatImporter)
Main Object Name 'Spectre/combined/WheelRR/Tire' does not match filename 'Spectre_3'
UnityEngine.Debug:ExtractStackTraceNoAlloc (byte*,int,string)
UnityEngine.StackTraceUtility:ExtractStackTrace ()
BuildGame:BakeModels () (at Assets/Editor/BuildGame.cs:21)
BuildGame:Build () (at Assets/Editor/BuildGame.cs:24)

[Assets/Editor/BuildGame.cs line 21]

Imported 'GUID: 9493e1d6fa062c8439b2d409936e99c1' -> (Import Result ID: '2435321658a50ab585028a856472c1c6') in 0.001 seconds [static dependencies only]. Details - ImportResultOutputID=5dc8348525e144d95664b165ba2d3055 DependenciesID=7102604f5e41bb7a4db456064ee43c88 StaticDependenciesID=8a0eb0e5b20d29972b9721d9f9943b03 
Importing 'GUID: a44dfd0d82a33e549802bcddc858e7af - Path: Assets/Art/Meshes/Spectre_15.asset' with importer (NativeFormatImporter)
Main Object Name 'Spectre/combined/WheelFR/Metal' does not match filename 'Spectre_15'
UnityEngine.Debug:ExtractStackTraceNoAlloc (byte*,int,string)
UnityEngine.StackTraceUtility:ExtractStackTrace ()
BuildGame:BakeModels () (at Assets/Editor/BuildGame.cs:21)
BuildGame:Build () (at Assets/Editor/BuildGame.cs:24)

[Assets/Editor/BuildGame.cs line 21]

Imported 'GUID: a44dfd0d82a33e549802bcddc858e7af' -> (Import Result ID: 'c830b469c9511917fd13d54a4aca7919') in 0.001 seconds [static dependencies only]. Details - ImportResultOutputID=9f10064f736a64a2aa9d627ee2df0357 DependenciesID=b44f2b000660c4350446092640217f58 StaticDependenciesID=16ab5445662dcd3d5d9763ce082a36e3 
Importing 'GUID: c463daec3ea02c245b760f51cf601f8f - Path: Assets/Art/Meshes/Spectre_10.asset' with importer (NativeFormatImporter)
Main Object Name 'Spectre/combined/WheelRL/Tire' does not match filename 'Spectre_10'
UnityEngine.Debug:ExtractStackTraceNoAlloc (byte*,int,string)
UnityEngine.StackTraceUtility:ExtractStackTrace ()
BuildGame:BakeModels () (at Assets/Editor/BuildGame.cs:21)
BuildGame:Build () (at Assets/Editor/BuildGame.cs:24)

[Assets/Editor/BuildGame.cs line 21]

Imported 'GUID: c463daec3ea02c245b760f51cf601f8f' -> (Import Result ID: 'e222b82d0041b68808bb79cbfc38a91c') in 0.001 seconds [static dependencies only]. Details - ImportResultOutputID=72c2634624ff6e59849ec28a8a0f1864 DependenciesID=f3602834e60c3e532594b6e86b3ec846 StaticDependenciesID=52b7ad779ed2a9ef4fd7359e82657a50 
Importing 'GUID: c4def738f84347740b5e5bcc26f5f369 - Path: Assets/Art/Meshes/Nomad_3.asset' with importer (NativeFormatImporter)
Main Object Name 'Nomad/combined/WheelFR/Wheel' does not match filename 'Nomad_3'
UnityEngine.Debug:ExtractStackTraceNoAlloc (byte*,int,string)
UnityEngine.StackTraceUtility:ExtractStackTrace ()
BuildGame:BakeModels () (at Assets/Editor/BuildGame.cs:21)
BuildGame:Build () (at Assets/Editor/BuildGame.cs:24)

[Assets/Editor/BuildGame.cs line 21]

Imported 'GUID: c4def738f84347740b5e5bcc26f5f369' -> (Import Result ID: '73b22dcdd243e097f6d065d35b59039f') in 0.001 seconds [static dependencies only]. Details - ImportResultOutputID=ca3b05346411fb3f50f86b3fb9796b38 DependenciesID=d48bd4f27c083e852a37bc709df585f5 StaticDependenciesID=d4b006888d84bac14111286bda5761b2 
Importing 'GUID: d4e35b4f1af36c640ae4c274c6b5c503 - Path: Assets/Art/Meshes/Spectre_16.asset' with importer (NativeFormatImporter)
Main Object Name 'Spectre/combined/WheelFR/Wheel' does not match filename 'Spectre_16'
UnityEngine.Debug:ExtractStackTraceNoAlloc (byte*,int,string)
UnityEngine.StackTraceUtility:ExtractStackTrace ()
BuildGame:BakeModels () (at Assets/Editor/BuildGame.cs:21)
BuildGame:Build () (at Assets/Editor/BuildGame.cs:24)

[Assets/Editor/BuildGame.cs line 21]

Imported 'GUID: d4e35b4f1af36c640ae4c274c6b5c503' -> (Import Result ID: 'e9475694406d8d331a1289c3bc9e4e64') in 0.001 seconds [static dependencies only]. Details - ImportResultOutputID=c87d908e31a4e66a0dbca7efbe96673d DependenciesID=cb3a2c7380ac61c56f676a00c6d483bf StaticDependenciesID=556077da5cf974853a93b3422b0e2330 
Importing 'GUID: f426edc9755392e4bb1877020d6bd544 - Path: Assets/Art/Meshes/Rock_0.asset' with importer (NativeFormatImporter)
Main Object Name 'Rock/combined/Body/Rock' does not match filename 'Rock_0'
UnityEngine.Debug:ExtractStackTraceNoAlloc (byte*,int,string)
UnityEngine.StackTraceUtility:ExtractStackTrace ()
BuildGame:BakeModels () (at Assets/Editor/BuildGame.cs:21)
BuildGame:Build () (at Assets/Editor/BuildGame.cs:24)

[Assets/Editor/BuildGame.cs line 21]

Imported 'GUID: f426edc9755392e4bb1877020d6bd544' -> (Import Result ID: 'e1e2dddf4ee0e7c072b204e814c34731') in 0.001 seconds [static dependencies only]. Details - ImportResultOutputID=803598f75639978fb563101e4ab9964c DependenciesID=6e4594c114daae9d6ba72092c3452fe1 StaticDependenciesID=e4e81849c3f64c4c3710e36cee45f4f5 
Importing 'GUID: 253461ffdeea0bf4e86724bab715a63b - Path: Assets/Art/Meshes/Comet_0.asset' with importer (NativeFormatImporter)
Main Object Name 'Comet/combined/Body/Accent' does not match filename 'Comet_0'
UnityEngine.Debug:ExtractStackTraceNoAlloc (byte*,int,string)
UnityEngine.StackTraceUtility:ExtractStackTrace ()
BuildGame:BakeModels () (at Assets/Editor/BuildGame.cs:21)
BuildGame:Build () (at Assets/Editor/BuildGame.cs:24)

[Assets/Editor/BuildGame.cs line 21]

Imported 'GUID: 253461ffdeea0bf4e86724bab715a63b' -> (Import Result ID: '9f358775be91732422f502a307960cf0') in 0.001 seconds [static dependencies only]. Details - ImportResultOutputID=9836e194ad9a4ee836bcc8e3738949f3 DependenciesID=e0959cf46547c700e2da3d6ff0986c82 StaticDependenciesID=857dae751cee626b84d4a936fbcadf06 
Importing 'GUID: 255432ea24b51954aaf4f835c3b3490f - Path: Assets/Art/Meshes/Comet_16.asset' with importer (NativeFormatImporter)
Main Object Name 'Comet/combined/WheelFR/Wheel' does not match filename 'Comet_16'
UnityEngine.Debug:ExtractStackTraceNoAlloc (byte*,int,string)
UnityEngine.StackTraceUtility:ExtractStackTrace ()
BuildGame:BakeModels () (at Assets/Editor/BuildGame.cs:21)
BuildGame:Build () (at Assets/Editor/BuildGame.cs:24)

[Assets/Editor/BuildGame.cs line 21]

Imported 'GUID: 255432ea24b51954aaf4f835c3b3490f' -> (Import Result ID: 'f221279b9fde6ac2c9712c209223d837') in 0.001 seconds [static dependencies only]. Details - ImportResultOutputID=028626e43830c1da26903878e635942e DependenciesID=7fb761a8ebe0e9dba48c9917bdecfbcc StaticDependenciesID=cbdc25ac211f7e33455e8897d5d672b2 
Importing 'GUID: 45a4425c1063f8842aa15347c2bc8aeb - Path: Assets/Art/Meshes/Nomad_24.asset' with importer (NativeFormatImporter)
Main Object Name 'Nomad/combined/Body/Headlight' does not match filename 'Nomad_24'
UnityEngine.Debug:ExtractStackTraceNoAlloc (byte*,int,string)
UnityEngine.StackTraceUtility:ExtractStackTrace ()
BuildGame:BakeModels () (at Assets/Editor/BuildGame.cs:21)
BuildGame:Build () (at Assets/Editor/BuildGame.cs:24)

[Assets/Editor/BuildGame.cs line 21]

Imported 'GUID: 45a4425c1063f8842aa15347c2bc8aeb' -> (Import Result ID: 'ce16b72ab4e2e10c2dbbbf7fa6f75ddb') in 0.001 seconds [static dependencies only]. Details - ImportResultOutputID=fd7d6abac626e8149499af188acfd089 DependenciesID=ad1e67ccf12655c31bde3ed725f8575b StaticDependenciesID=d992d3ca4e3a15d70afaf743e6ed40f3 
Importing 'GUID: 85af756ffd673d443860cb65118edcca - Path: Assets/Art/Meshes/Spectre_7.asset' with importer (NativeFormatImporter)
Main Object Name 'Spectre/combined/WheelRL/Accent' does not match filename 'Spectre_7'
UnityEngine.Debug:ExtractStackTraceNoAlloc (byte*,int,string)
UnityEngine.StackTraceUtility:ExtractStackTrace ()
BuildGame:BakeModels () (at Assets/Editor/BuildGame.cs:21)
BuildGame:Build () (at Assets/Editor/BuildGame.cs:24)

[Assets/Editor/BuildGame.cs line 21]

Imported 'GUID: 85af756ffd673d443860cb65118edcca' -> (Import Result ID: '0969d77bf42d0b8076f17977e7b376bf') in 0.001 seconds [static dependencies only]. Details - ImportResultOutputID=df481fa3c11ea5ff24aefbfa46585c0d DependenciesID=62d5f27c589c000addf5d1e97ba6b6eb StaticDependenciesID=61e6cd690a713dc43b5293296e7b7b9f 
Importing 'GUID: 950f0c0f7a6ee864ab5b842bfbcbb2d9 - Path: Assets/Art/Meshes/Nomad_17.asset' with importer (NativeFormatImporter)
Main Object Name 'Nomad/combined/WheelRL/Carbon' does not match filename 'Nomad_17'
UnityEngine.Debug:ExtractStackTraceNoAlloc (byte*,int,string)
UnityEngine.StackTraceUtility:ExtractStackTrace ()
BuildGame:BakeModels () (at Assets/Editor/BuildGame.cs:21)
BuildGame:Build () (at Assets/Editor/BuildGame.cs:24)

[Assets/Editor/BuildGame.cs line 21]

Imported 'GUID: 950f0c0f7a6ee864ab5b842bfbcbb2d9' -> (Import Result ID: '9c579bc557753817a9da628cbc14c801') in 0.001 seconds [static dependencies only]. Details - ImportResultOutputID=0f7603f334e2102f47d942e08c8879ca DependenciesID=b708edb4aeb07fac22a4cf3a6f386b56 StaticDependenciesID=f1c9814bde4d1f183c9023f31e798186 
Importing 'GUID: b5f3a13c3d26e614f957951ebf0c1fc6 - Path: Assets/Art/Meshes/Vanta_25.asset' with importer (NativeFormatImporter)
Main Object Name 'Vanta/combined/Body/Taillight' does not match filename 'Vanta_25'
UnityEngine.Debug:ExtractStackTraceNoAlloc (byte*,int,string)
UnityEngine.StackTraceUtility:ExtractStackTrace ()
BuildGame:BakeModels () (at Assets/Editor/BuildGame.cs:21)
BuildGame:Build () (at Assets/Editor/BuildGame.cs:24)

[Assets/Editor/BuildGame.cs line 21]

Imported 'GUID: b5f3a13c3d26e614f957951ebf0c1fc6' -> (Import Result ID: '2d2fdbf1a98e5b40d366e44a0c870146') in 0.001 seconds [static dependencies only]. Details - ImportResultOutputID=dae4350b85a5a15f2fac76428a5b7cdb DependenciesID=493d0d44bbd141b8e1d528852985328b StaticDependenciesID=e271b2edb64511b53778842982841ef4 
Importing 'GUID: b56835deeb39df240a04d7fee620fe2c - Path: Assets/Art/Meshes/Spectre_12.asset' with importer (NativeFormatImporter)
Main Object Name 'Spectre/combined/WheelFR/Accent' does not match filename 'Spectre_12'
UnityEngine.Debug:ExtractStackTraceNoAlloc (byte*,int,string)
UnityEngine.StackTraceUtility:ExtractStackTrace ()
BuildGame:BakeModels () (at Assets/Editor/BuildGame.cs:21)
BuildGame:Build () (at Assets/Editor/BuildGame.cs:24)

[Assets/Editor/BuildGame.cs line 21]

Imported 'GUID: b56835deeb39df240a04d7fee620fe2c' -> (Import Result ID: 'c7f33e2433bdbc34484ce077c244a87c') in 0.001 seconds [static dependencies only]. Details - ImportResultOutputID=5ccc5d7382197ceea80c5b2ba731fa16 DependenciesID=d8d578a68f0464ff6b155d9cb45a7952 StaticDependenciesID=12ab11035a56f155cb83429bb784c849 
Importing 'GUID: b51ebd9261931ca428ec21907e6550e8 - Path: Assets/Art/Meshes/Vanta_2.asset' with importer (NativeFormatImporter)
Main Object Name 'Vanta/combined/Body/Metal' does not match filename 'Vanta_2'
UnityEngine.Debug:ExtractStackTraceNoAlloc (byte*,int,string)
UnityEngine.StackTraceUtility:ExtractStackTrace ()
BuildGame:BakeModels () (at Assets/Editor/BuildGame.cs:21)
BuildGame:Build () (at Assets/Editor/BuildGame.cs:24)

[Assets/Editor/BuildGame.cs line 21]

Imported 'GUID: b51ebd9261931ca428ec21907e6550e8' -> (Import Result ID: '2e279d28e8ea5adb263b539a03a20c4a') in 0.001 seconds [static dependencies only]. Details - ImportResultOutputID=3fedce5574ad54c81c36cfb6a509939f DependenciesID=00b773071f314efef10ec723d180aa9b StaticDependenciesID=046f7009dd1a04d9d8ba4e3754aa2c31 
Importing 'GUID: d540d5f1fd2fbba4387e654402392178 - Path: Assets/Art/Meshes/RaceArch_1.asset' with importer (NativeFormatImporter)
Main Object Name 'RaceArch/combined/Body/Crystal' does not match filename 'RaceArch_1'
UnityEngine.Debug:ExtractStackTraceNoAlloc (byte*,int,string)
UnityEngine.StackTraceUtility:ExtractStackTrace ()
BuildGame:BakeModels () (at Assets/Editor/BuildGame.cs:21)
BuildGame:Build () (at Assets/Editor/BuildGame.cs:24)

[Assets/Editor/BuildGame.cs line 21]

Imported 'GUID: d540d5f1fd2fbba4387e654402392178' -> (Import Result ID: '9d47936b62364f7b2821e259ad2ec86d') in 0.001 seconds [static dependencies only]. Details - ImportResultOutputID=1e3ac877e1d290a37994b5df20a268a3 DependenciesID=3bbc34c5130beca14cd425b6db5074b0 StaticDependenciesID=fd9bed312b19b36e1bf434494bc11b56 
Importing 'GUID: f5f96588a1b6cfd4f957a78ebba96c5c - Path: Assets/Art/Meshes/Miso_11.asset' with importer (NativeFormatImporter)
Main Object Name 'Miso/combined/WheelRL/Carbon' does not match filename 'Miso_11'
UnityEngine.Debug:ExtractStackTraceNoAlloc (byte*,int,string)
UnityEngine.StackTraceUtility:ExtractStackTrace ()
BuildGame:BakeModels () (at Assets/Editor/BuildGame.cs:21)
BuildGame:Build () (at Assets/Editor/BuildGame.cs:24)

[Assets/Editor/BuildGame.cs line 21]

Imported 'GUID: f5f96588a1b6cfd4f957a78ebba96c5c' -> (Import Result ID: '128044e5867b1d3e5de29565cc9e7aba') in 0.001 seconds [static dependencies only]. Details - ImportResultOutputID=0bea3306dd7b5eed969c8ba7494170e7 DependenciesID=e1ad76e5a65a01262eaae79bf402b17a StaticDependenciesID=c36b22d4efc615e760e351baa7fa897f 
Importing 'GUID: 26c05b3cbc47d32498c155dfc7466bdc - Path: Assets/Art/Meshes/Spectre_4.asset' with importer (NativeFormatImporter)
Main Object Name 'Spectre/combined/WheelRR/Wheel' does not match filename 'Spectre_4'
UnityEngine.Debug:ExtractStackTraceNoAlloc (byte*,int,string)
UnityEngine.StackTraceUtility:ExtractStackTrace ()
BuildGame:BakeModels () (at Assets/Editor/BuildGame.cs:21)
BuildGame:Build () (at Assets/Editor/BuildGame.cs:24)

[Assets/Editor/BuildGame.cs line 21]

Imported 'GUID: 26c05b3cbc47d32498c155dfc7466bdc' -> (Import Result ID: 'a25afed9d8f3cc0eaa3d4894555d386e') in 0.001 seconds [static dependencies only]. Details - ImportResultOutputID=a6e20173664188c979c0acc8b6d174bc DependenciesID=df97c3c6940a5305c484d40bd63b8e98 StaticDependenciesID=af64fce946b2b1dd34becb34dc92f98d 
Importing 'GUID: 56fa2d80efb0f3e4ba58a84158dfa9e6 - Path: Assets/Art/Meshes/Spectre_17.asset' with importer (NativeFormatImporter)
Main Object Name 'Spectre/combined/WheelFL/Carbon' does not match filename 'Spectre_17'
UnityEngine.Debug:ExtractStackTraceNoAlloc (byte*,int,string)
UnityEngine.StackTraceUtility:ExtractStackTrace ()
BuildGame:BakeModels () (at Assets/Editor/BuildGame.cs:21)
BuildGame:Build () (at Assets/Editor/BuildGame.cs:24)

[Assets/Editor/BuildGame.cs line 21]

Imported 'GUID: 56fa2d80efb0f3e4ba58a84158dfa9e6' -> (Import Result ID: '050f90241eb8f272c7c54b7881252fb5') in 0.001 seconds [static dependencies only]. Details - ImportResultOutputID=ebb8a389651c041236393777d24d1b4b DependenciesID=7241ca048edc462ca5323f99a85c17b5 StaticDependenciesID=6ffcdac147e158289810d47bbf2a4a25 
Importing 'GUID: 767a5cc05afd05d4eafa8136d04e4efe - Path: Assets/Art/Meshes/Vanta_8.asset' with importer (NativeFormatImporter)
Main Object Name 'Vanta/combined/WheelFL/Tire' does not match filename 'Vanta_8'
UnityEngine.Debug:ExtractStackTraceNoAlloc (byte*,int,string)
UnityEngine.StackTraceUtility:ExtractStackTrace ()
BuildGame:BakeModels () (at Assets/Editor/BuildGame.cs:21)
BuildGame:Build () (at Assets/Editor/BuildGame.cs:24)

[Assets/Editor/BuildGame.cs line 21]

Imported 'GUID: 767a5cc05afd05d4eafa8136d04e4efe' -> (Import Result ID: '32ecc79374f57799d8bbe3faaf4552b6') in 0.001 seconds [static dependencies only]. Details - ImportResultOutputID=fa4ce4ffae176e461451904b98368001 DependenciesID=ab9a7afc2fc9120381cee77bef6ccd31 StaticDependenciesID=8de87c8e22699020bec78a4b19c5a579 
Importing 'GUID: 869fb3a055826344e8f3ed76cc7f6071 - Path: Assets/Art/Meshes/Comet_11.asset' with importer (NativeFormatImporter)
Main Object Name 'Comet/combined/Body/Metal' does not match filename 'Comet_11'
UnityEngine.Debug:ExtractStackTraceNoAlloc (byte*,int,string)
UnityEngine.StackTraceUtility:ExtractStackTrace ()
BuildGame:BakeModels () (at Assets/Editor/BuildGame.cs:21)
BuildGame:Build () (at Assets/Editor/BuildGame.cs:24)

[Assets/Editor/BuildGame.cs line 21]

Imported 'GUID: 869fb3a055826344e8f3ed76cc7f6071' -> (Import Result ID: 'be69f44d2a53f2678073396603f39b48') in 0.001 seconds [static dependencies only]. Details - ImportResultOutputID=54c6d53f74769d72f8372bf6edfbc7ca DependenciesID=74ebec682f8dfb5cb9bdef5cb225c686 StaticDependenciesID=ab3e6b1a2b216eacb9f0a65dec444e96 
Importing 'GUID: a68388bb7e2b49d46afe36243bab5efe - Path: Assets/Art/Meshes/Vanta_9.asset' with importer (NativeFormatImporter)
Main Object Name 'Vanta/combined/WheelRR/Accent' does not match filename 'Vanta_9'
UnityEngine.Debug:ExtractStackTraceNoAlloc (byte*,int,string)
UnityEngine.StackTraceUtility:ExtractStackTrace ()
BuildGame:BakeModels () (at Assets/Editor/BuildGame.cs:21)
BuildGame:Build () (at Assets/Editor/BuildGame.cs:24)

[Assets/Editor/BuildGame.cs line 21]

Imported 'GUID: a68388bb7e2b49d46afe36243bab5efe' -> (Import Result ID: '87f1305fc85112fbd21ddd9d07c16565') in 0.001 seconds [static dependencies only]. Details - ImportResultOutputID=2447317c4b7a01bbd881e2af09b25a70 DependenciesID=5069a148b66f7bbe131d75dc241c2cfa StaticDependenciesID=8a4c64baae4800f461dedcd5544c4445 
Importing 'GUID: b63ed2aeb7b52c44ab528cba3918feee - Path: Assets/Art/Meshes/Comet_15.asset' with importer (NativeFormatImporter)
Main Object Name 'Comet/combined/WheelFR/Metal' does not match filename 'Comet_15'
UnityEngine.Debug:ExtractStackTraceNoAlloc (byte*,int,string)
UnityEngine.StackTraceUtility:ExtractStackTrace ()
BuildGame:BakeModels () (at Assets/Editor/BuildGame.cs:21)
BuildGame:Build () (at Assets/Editor/BuildGame.cs:24)

[Assets/Editor/BuildGame.cs line 21]

Imported 'GUID: b63ed2aeb7b52c44ab528cba3918feee' -> (Import Result ID: 'b1dc8a649a8751951c177a1e04b1e65c') in 0.001 seconds [static dependencies only]. Details - ImportResultOutputID=c045ec9399cd156f3ba3777d0f8d46ef DependenciesID=10c5ddef8c5bb306ddcf573bbad34326 StaticDependenciesID=b244839cc96ba0684fba81b9ba111e36 
Importing 'GUID: e6f8479efc564344aad03e71713d505f - Path: Assets/Art/Meshes/TrackStation_0.asset' with importer (NativeFormatImporter)
Main Object Name 'TrackStation/combined/Body/Metal' does not match filename 'TrackStation_0'
UnityEngine.Debug:ExtractStackTraceNoAlloc (byte*,int,string)
UnityEngine.StackTraceUtility:ExtractStackTrace ()
BuildGame:BakeModels () (at Assets/Editor/BuildGame.cs:21)
BuildGame:Build () (at Assets/Editor/BuildGame.cs:24)

[Assets/Editor/BuildGame.cs line 21]

Imported 'GUID: e6f8479efc564344aad03e71713d505f' -> (Import Result ID: '580dc404d0e5cd9567fe7346a0864163') in 0.001 seconds [static dependencies only]. Details - ImportResultOutputID=81d064c184a49560d22ba43f97f57220 DependenciesID=edc90ceec0d19060c0618d4860dfb361 StaticDependenciesID=da7e618dde02e8a0338b909e645e91a1 
Importing 'GUID: f6311790a92c12641af2c2faa69b4f75 - Path: Assets/Art/Meshes/RaceArch_0.asset' with importer (NativeFormatImporter)
Main Object Name 'RaceArch/combined/Body/Building' does not match filename 'RaceArch_0'
UnityEngine.Debug:ExtractStackTraceNoAlloc (byte*,int,string)
UnityEngine.StackTraceUtility:ExtractStackTrace ()
BuildGame:BakeModels () (at Assets/Editor/BuildGame.cs:21)
BuildGame:Build () (at Assets/Editor/BuildGame.cs:24)

[Assets/Editor/BuildGame.cs line 21]

Imported 'GUID: f6311790a92c12641af2c2faa69b4f75' -> (Import Result ID: 'a5c622cc6e58184d35637012ea91e08f') in 0.001 seconds [static dependencies only]. Details - ImportResultOutputID=5776558748d21c9d598059624b6cd6f3 DependenciesID=176069e515697e61ff865a231e2146c0 StaticDependenciesID=cf4fbe133e3c87ffd9f90caeedeae926 
Importing 'GUID: 070c8f583ba14694e9f65f55f234e713 - Path: Assets/Art/Meshes/Vanta_16.asset' with importer (NativeFormatImporter)
Main Object Name 'Vanta/combined/WheelRL/Wheel' does not match filename 'Vanta_16'
UnityEngine.Debug:ExtractStackTraceNoAlloc (byte*,int,string)
UnityEngine.StackTraceUtility:ExtractStackTrace ()
BuildGame:BakeModels () (at Assets/Editor/BuildGame.cs:21)
BuildGame:Build () (at Assets/Editor/BuildGame.cs:24)

[Assets/Editor/BuildGame.cs line 21]

Imported 'GUID: 070c8f583ba14694e9f65f55f234e713' -> (Import Result ID: 'ebc56580fd78611acacd9ef93420e376') in 0.001 seconds [static dependencies only]. Details - ImportResultOutputID=e57a73c4b6a13b5f4cd096d1b3ba7c85 DependenciesID=48c2b96252b1f1fa3d4e1ea2f7730ed2 StaticDependenciesID=1c17fdc426d5129b429e27c6cb43290b 
Importing 'GUID: 176ba15535ffdf94a88504a1cd7e6e0b - Path: Assets/Art/Meshes/Vanta_20.asset' with importer (NativeFormatImporter)
Main Object Name 'Vanta/combined/WheelFR/Carbon' does not match filename 'Vanta_20'
UnityEngine.Debug:ExtractStackTraceNoAlloc (byte*,int,string)
UnityEngine.StackTraceUtility:ExtractStackTrace ()
BuildGame:BakeModels () (at Assets/Editor/BuildGame.cs:21)
BuildGame:Build () (at Assets/Editor/BuildGame.cs:24)

[Assets/Editor/BuildGame.cs line 21]

Imported 'GUID: 176ba15535ffdf94a88504a1cd7e6e0b' -> (Import Result ID: '5ebac75be701033b95d5f16cd96ad4ef') in 0.001 seconds [static dependencies only]. Details - ImportResultOutputID=77163013106136a0b022e9b0b45435d9 DependenciesID=32fabaf340530347e10457bf379a1ec5 StaticDependenciesID=65c387a300ba37d5a5a5a43667cf09c1 
Importing 'GUID: 576e80063ac809a408685b77c8fdc1c5 - Path: Assets/Art/Meshes/Spectre_2.asset' with importer (NativeFormatImporter)
Main Object Name 'Spectre/combined/WheelRR/Metal' does not match filename 'Spectre_2'
UnityEngine.Debug:ExtractStackTraceNoAlloc (byte*,int,string)
UnityEngine.StackTraceUtility:ExtractStackTrace ()
BuildGame:BakeModels () (at Assets/Editor/BuildGame.cs:21)
BuildGame:Build () (at Assets/Editor/BuildGame.cs:24)

[Assets/Editor/BuildGame.cs line 21]

Imported 'GUID: 576e80063ac809a408685b77c8fdc1c5' -> (Import Result ID: 'df8c13712ae6d560d8e2c3242c9937aa') in 0.001 seconds [static dependencies only]. Details - ImportResultOutputID=8849ca492824859263b891f9b2d81e10 DependenciesID=e7f40b2055c42d8ae41751d93a83edc2 StaticDependenciesID=965e76d25f86c68b9e3a92477e4f93f8 
Importing 'GUID: d7138dd7ba0b9204fa67c9f3696e2e51 - Path: Assets/Art/Meshes/Nomad_11.asset' with importer (NativeFormatImporter)
Main Object Name 'Nomad/combined/Body/Metal' does not match filename 'Nomad_11'
UnityEngine.Debug:ExtractStackTraceNoAlloc (byte*,int,string)
UnityEngine.StackTraceUtility:ExtractStackTrace ()
BuildGame:BakeModels () (at Assets/Editor/BuildGame.cs:21)
BuildGame:Build () (at Assets/Editor/BuildGame.cs:24)

[Assets/Editor/BuildGame.cs line 21]

Imported 'GUID: d7138dd7ba0b9204fa67c9f3696e2e51' -> (Import Result ID: '43b73da59cb06ca56cce2ed5c55823bc') in 0.001 seconds [static dependencies only]. Details - ImportResultOutputID=c9ac39aff0d540efbbec29230f81551a DependenciesID=f07d86a35637afea9ba99aa9eda3331d StaticDependenciesID=81083b5690240913b4ae4f8a00ec7170 
Importing 'GUID: e744b1085c1749a4dba396c6b64828ba - Path: Assets/Art/Meshes/Spectre_5.asset' with importer (NativeFormatImporter)
Main Object Name 'Spectre/combined/Body/Accent' does not match filename 'Spectre_5'
UnityEngine.Debug:ExtractStackTraceNoAlloc (byte*,int,string)
UnityEngine.StackTraceUtility:ExtractStackTrace ()
BuildGame:BakeModels () (at Assets/Editor/BuildGame.cs:21)
BuildGame:Build () (at Assets/Editor/BuildGame.cs:24)

[Assets/Editor/BuildGame.cs line 21]

Imported 'GUID: e744b1085c1749a4dba396c6b64828ba' -> (Import Result ID: '824a399c5582551f1102fa30fb601d11') in 0.001 seconds [static dependencies only]. Details - ImportResultOutputID=8a59a3c97d25ea52df3c6b8b2f0cc7ab DependenciesID=4c0c938715e13bfe7a5345e12f746285 StaticDependenciesID=aa9d83a419b9877468a09d54e02a237b 
Importing 'GUID: 081dcb255a4f05d4aa4b27e0cdd0caee - Path: Assets/Art/Meshes/Spectre_0.asset' with importer (NativeFormatImporter)
Main Object Name 'Spectre/combined/WheelRR/Carbon' does not match filename 'Spectre_0'
UnityEngine.Debug:ExtractStackTraceNoAlloc (byte*,int,string)
UnityEngine.StackTraceUtility:ExtractStackTrace ()
BuildGame:BakeModels () (at Assets/Editor/BuildGame.cs:21)
BuildGame:Build () (at Assets/Editor/BuildGame.cs:24)

[Assets/Editor/BuildGame.cs line 21]

Imported 'GUID: 081dcb255a4f05d4aa4b27e0cdd0caee' -> (Import Result ID: '5424f91fc0228102524a0e0c0e736193') in 0.001 seconds [static dependencies only]. Details - ImportResultOutputID=7fe2c30106dada90ab8981ae17b82f4c DependenciesID=41008158676b11f819cffb1aa6586222 StaticDependenciesID=d6a344183872b65e2a11349cf4957c13 
Importing 'GUID: 289aa85882c02844aa0ce7859fbc2ca4 - Path: Assets/Art/Meshes/Vanta_1.asset' with importer (NativeFormatImporter)
Main Object Name 'Vanta/combined/Body/Carbon' does not match filename 'Vanta_1'
UnityEngine.Debug:ExtractStackTraceNoAlloc (byte*,int,string)
UnityEngine.StackTraceUtility:ExtractStackTrace ()
BuildGame:BakeModels () (at Assets/Editor/BuildGame.cs:21)
BuildGame:Build () (at Assets/Editor/BuildGame.cs:24)

[Assets/Editor/BuildGame.cs line 21]

Imported 'GUID: 289aa85882c02844aa0ce7859fbc2ca4' -> (Import Result ID: 'ba66b422ccbfdf4a58518bea13907a28') in 0.001 seconds [static dependencies only]. Details - ImportResultOutputID=054fa3f159fa7b91ee32ef988ea6dac2 DependenciesID=b2c30d1985f43bffbe7af20467bd9d2c StaticDependenciesID=3f8bc443eedeb5d533b428de872ad1c6 
Importing 'GUID: 282e5ea2a895e50468f7fec40a503bfe - Path: Assets/Art/Meshes/Miso_1.asset' with importer (NativeFormatImporter)
Main Object Name 'Miso/combined/WheelFL/Accent' does not match filename 'Miso_1'
UnityEngine.Debug:ExtractStackTraceNoAlloc (byte*,int,string)
UnityEngine.StackTraceUtility:ExtractStackTrace ()
BuildGame:BakeModels () (at Assets/Editor/BuildGame.cs:21)
BuildGame:Build () (at Assets/Editor/BuildGame.cs:24)

[Assets/Editor/BuildGame.cs line 21]

Imported 'GUID: 282e5ea2a895e50468f7fec40a503bfe' -> (Import Result ID: 'bbef2df4eb3b53825eb01c325f91cfbb') in 0.001 seconds [static dependencies only]. Details - ImportResultOutputID=b59d980f873315437323dd02515d6ce2 DependenciesID=06d3c2d6c87c7cff6a189627897fb641 StaticDependenciesID=56a6fde76d915fc1b116282a24d335ba 
Importing 'GUID: 58be5ea69a953384081d9c3a04638a15 - Path: Assets/Art/Meshes/Vanta_12.asset' with importer (NativeFormatImporter)
Main Object Name 'Vanta/combined/WheelRR/Wheel' does not match filename 'Vanta_12'
UnityEngine.Debug:ExtractStackTraceNoAlloc (byte*,int,string)
UnityEngine.StackTraceUtility:ExtractStackTrace ()
BuildGame:BakeModels () (at Assets/Editor/BuildGame.cs:21)
BuildGame:Build () (at Assets/Editor/BuildGame.cs:24)

[Assets/Editor/BuildGame.cs line 21]

Imported 'GUID: 58be5ea69a953384081d9c3a04638a15' -> (Import Result ID: '091b03b0f7b28728aee4cde83fbb2a07') in 0.001 seconds [static dependencies only]. Details - ImportResultOutputID=5538384270b936bffe046382ba95fafe DependenciesID=a50f6efe55aab13f793df15a6e1ac5cc StaticDependenciesID=8a622dd044f0e55bd6435e9d39a63ca4 
Importing 'GUID: 782bf47629955e34bbe6dd76e7b36a1d - Path: Assets/Art/Meshes/Miso_15.asset' with importer (NativeFormatImporter)
Main Object Name 'Miso/combined/WheelRL/Wheel' does not match filename 'Miso_15'
UnityEngine.Debug:ExtractStackTraceNoAlloc (byte*,int,string)
UnityEngine.StackTraceUtility:ExtractStackTrace ()
BuildGame:BakeModels () (at Assets/Editor/BuildGame.cs:21)
BuildGame:Build () (at Assets/Editor/BuildGame.cs:24)

[Assets/Editor/BuildGame.cs line 21]

Imported 'GUID: 782bf47629955e34bbe6dd76e7b36a1d' -> (Import Result ID: 'cb50c0a867ed03f6d033f55e40ea83df') in 0.001 seconds [static dependencies only]. Details - ImportResultOutputID=03c70259d3ab31c8409a47e78cbdb36f DependenciesID=23eee9b3269bbee5446d7a50848ce8e4 StaticDependenciesID=2c9785a0eb69f534dc118661e2d2ac8a 
Importing 'GUID: a8a1e89af5f6e534187b6db2409621d1 - Path: Assets/Art/Meshes/Comet_1.asset' with importer (NativeFormatImporter)
Main Object Name 'Comet/combined/WheelRL/Carbon' does not match filename 'Comet_1'
UnityEngine.Debug:ExtractStackTraceNoAlloc (byte*,int,string)
UnityEngine.StackTraceUtility:ExtractStackTrace ()
BuildGame:BakeModels () (at Assets/Editor/BuildGame.cs:21)
BuildGame:Build () (at Assets/Editor/BuildGame.cs:24)

[Assets/Editor/BuildGame.cs line 21]

Imported 'GUID: a8a1e89af5f6e534187b6db2409621d1' -> (Import Result ID: '8f2cb268db3521c9d6ec8f94b7199121') in 0.001 seconds [static dependencies only]. Details - ImportResultOutputID=7737f354937191d2773e565b7c15a0ea DependenciesID=ea32b82d94010ede54edaf71dbf0eec7 StaticDependenciesID=3d6329597d2245b14ddb50a45705207f 
Importing 'GUID: c8e75468b1fd4ac48965ddfc5f5bf929 - Path: Assets/Art/Meshes/Comet_14.asset' with importer (NativeFormatImporter)
Main Object Name 'Comet/combined/WheelFR/Accent' does not match filename 'Comet_14'
UnityEngine.Debug:ExtractStackTraceNoAlloc (byte*,int,string)
UnityEngine.StackTraceUtility:ExtractStackTrace ()
BuildGame:BakeModels () (at Assets/Editor/BuildGame.cs:21)
BuildGame:Build () (at Assets/Editor/BuildGame.cs:24)

[Assets/Editor/BuildGame.cs line 21]

Imported 'GUID: c8e75468b1fd4ac48965ddfc5f5bf929' -> (Import Result ID: 'c943c490c2817283f765e0a7b2b90bf0') in 0.001 seconds [static dependencies only]. Details - ImportResultOutputID=93bed0fb2de4e3c60e1dd1fcc7a31d05 DependenciesID=141a0a37fa5014c9c13f92f5e13659cc StaticDependenciesID=89879134fd69cdd2eaa173b696dc7022 
Importing 'GUID: 0931026714888e54881a889708901417 - Path: Assets/Art/Meshes/Miso_14.asset' with importer (NativeFormatImporter)
Main Object Name 'Miso/combined/WheelRL/Tire' does not match filename 'Miso_14'
UnityEngine.Debug:ExtractStackTraceNoAlloc (byte*,int,string)
UnityEngine.StackTraceUtility:ExtractStackTrace ()
BuildGame:BakeModels () (at Assets/Editor/BuildGame.cs:21)
BuildGame:Build () (at Assets/Editor/BuildGame.cs:24)

[Assets/Editor/BuildGame.cs line 21]

Imported 'GUID: 0931026714888e54881a889708901417' -> (Import Result ID: 'be822629bdec023caf3c3a8ecc2fc3cd') in 0.001 seconds [static dependencies only]. Details - ImportResultOutputID=6d6d5eec7945fa2ed1d943a4e4c31d8b DependenciesID=59bb07d7592763d8d1015d0646e611cf StaticDependenciesID=1952bc7dd11025bdbfd729460734114c 
Importing 'GUID: 39937bdb1c3701340a4fb3a87fa31d5d - Path: Assets/Art/Meshes/Miso_7.asset' with importer (NativeFormatImporter)
Main Object Name 'Miso/combined/WheelFR/Metal' does not match filename 'Miso_7'
UnityEngine.Debug:ExtractStackTraceNoAlloc (byte*,int,string)
UnityEngine.StackTraceUtility:ExtractStackTrace ()
BuildGame:BakeModels () (at Assets/Editor/BuildGame.cs:21)
BuildGame:Build () (at Assets/Editor/BuildGame.cs:24)

[Assets/Editor/BuildGame.cs line 21]

Imported 'GUID: 39937bdb1c3701340a4fb3a87fa31d5d' -> (Import Result ID: '29eed142c1b00369f396a548553ac765') in 0.001 seconds [static dependencies only]. Details - ImportResultOutputID=5f95ad195804cd49afe1fab0c79d4802 DependenciesID=1b44d818507bdb7897cbe86ee856b75f StaticDependenciesID=ac7bbba7e07a4fead0bf57bc2bbfa557 
Importing 'GUID: 39d32a19fa0002245a1944a4ed2c9ab8 - Path: Assets/Art/Meshes/Comet_9.asset' with importer (NativeFormatImporter)
Main Object Name 'Comet/combined/WheelRR/Wheel' does not match filename 'Comet_9'
UnityEngine.Debug:ExtractStackTraceNoAlloc (byte*,int,string)
UnityEngine.StackTraceUtility:ExtractStackTrace ()
BuildGame:BakeModels () (at Assets/Editor/BuildGame.cs:21)
BuildGame:Build () (at Assets/Editor/BuildGame.cs:24)

[Assets/Editor/BuildGame.cs line 21]

Imported 'GUID: 39d32a19fa0002245a1944a4ed2c9ab8' -> (Import Result ID: '25291aa3bb4541d91a97b5f201f0ba95') in 0.001 seconds [static dependencies only]. Details - ImportResultOutputID=d11859780f37d868712eac8f78f07d33 DependenciesID=63abba988c1af87e2341feb8d6e5d22f StaticDependenciesID=8ec9f2ad1446eb9fc9b8f7f983256a5c 
Importing 'GUID: 3956554391f5cfe45b3ebb4c5d23d574 - Path: Assets/Art/Meshes/Miso_12.asset' with importer (NativeFormatImporter)
Main Object Name 'Miso/combined/WheelRL/Metal' does not match filename 'Miso_12'
UnityEngine.Debug:ExtractStackTraceNoAlloc (byte*,int,string)
UnityEngine.StackTraceUtility:ExtractStackTrace ()
BuildGame:BakeModels () (at Assets/Editor/BuildGame.cs:21)
BuildGame:Build () (at Assets/Editor/BuildGame.cs:24)

[Assets/Editor/BuildGame.cs line 21]

Imported 'GUID: 3956554391f5cfe45b3ebb4c5d23d574' -> (Import Result ID: 'bb282c89b0fce03d749894c4aa20c849') in 0.001 seconds [static dependencies only]. Details - ImportResultOutputID=313509b70082c97ed1f0c1454f50020b DependenciesID=2c20593cf0893aa02c57399382546d67 StaticDependenciesID=8702307a09c66ee847832e59e843bae4 
Importing 'GUID: 49a27f7a64db5e543b8fc10eaa98ecae - Path: Assets/Art/Meshes/Miso_6.asset' with importer (NativeFormatImporter)
Main Object Name 'Miso/combined/WheelFR/Accent' does not match filename 'Miso_6'
UnityEngine.Debug:ExtractStackTraceNoAlloc (byte*,int,string)
UnityEngine.StackTraceUtility:ExtractStackTrace ()
BuildGame:BakeModels () (at Assets/Editor/BuildGame.cs:21)
BuildGame:Build () (at Assets/Editor/BuildGame.cs:24)

[Assets/Editor/BuildGame.cs line 21]

Imported 'GUID: 49a27f7a64db5e543b8fc10eaa98ecae' -> (Import Result ID: '4428f46bdf0187f31fa1428af3948708') in 0.001 seconds [static dependencies only]. Details - ImportResultOutputID=3d38c7f004d8128dfa25839d9de15bba DependenciesID=a05df6dc624314253f96c11685b97c7e StaticDependenciesID=3512ad6a7478199f4088a38d433d938c 
Importing 'GUID: 49d327c393e6241499ebc330c0803736 - Path: Assets/Art/Meshes/Vanta_21.asset' with importer (NativeFormatImporter)
Main Object Name 'Vanta/combined/WheelFR/Metal' does not match filename 'Vanta_21'
UnityEngine.Debug:ExtractStackTraceNoAlloc (byte*,int,string)
UnityEngine.StackTraceUtility:ExtractStackTrace ()
BuildGame:BakeModels () (at Assets/Editor/BuildGame.cs:21)
BuildGame:Build () (at Assets/Editor/BuildGame.cs:24)

[Assets/Editor/BuildGame.cs line 21]

Imported 'GUID: 49d327c393e6241499ebc330c0803736' -> (Import Result ID: '84cea982c2454ef1e64044988ef20220') in 0.001 seconds [static dependencies only]. Details - ImportResultOutputID=bc8bd11c297dd7f193c779bbc1fc56e8 DependenciesID=228690e1c07ac37a893d84603e4c6ae2 StaticDependenciesID=33af001b89dc5ebb508b738f148a2150 
Importing 'GUID: 7990d282c15531c44ba8d845af8922be - Path: Assets/Art/Meshes/Miso_2.asset' with importer (NativeFormatImporter)
Main Object Name 'Miso/combined/WheelFL/Carbon' does not match filename 'Miso_2'
UnityEngine.Debug:ExtractStackTraceNoAlloc (byte*,int,string)
UnityEngine.StackTraceUtility:ExtractStackTrace ()
BuildGame:BakeModels () (at Assets/Editor/BuildGame.cs:21)
BuildGame:Build () (at Assets/Editor/BuildGame.cs:24)

[Assets/Editor/BuildGame.cs line 21]

Imported 'GUID: 7990d282c15531c44ba8d845af8922be' -> (Import Result ID: '1803297d478021c7865f93cb6f86b646') in 0.001 seconds [static dependencies only]. Details - ImportResultOutputID=8ade219842e930fac82e4fd7f429cb65 DependenciesID=084fd989d30c10b39deb448104b3413b StaticDependenciesID=50dd7714980a00ba79f2272fcefb31ea 
Importing 'GUID: 7955e011ab1b3b647ad0f4033a75bd4c - Path: Assets/Art/Meshes/Comet_13.asset' with importer (NativeFormatImporter)
Main Object Name 'Comet/combined/WheelFR/Carbon' does not match filename 'Comet_13'
UnityEngine.Debug:ExtractStackTraceNoAlloc (byte*,int,string)
UnityEngine.StackTraceUtility:ExtractStackTrace ()
BuildGame:BakeModels () (at Assets/Editor/BuildGame.cs:21)
BuildGame:Build () (at Assets/Editor/BuildGame.cs:24)

[Assets/Editor/BuildGame.cs line 21]

Imported 'GUID: 7955e011ab1b3b647ad0f4033a75bd4c' -> (Import Result ID: 'e22adcc228b92bd8d655defb9d4c3252') in 0.001 seconds [static dependencies only]. Details - ImportResultOutputID=bfbce7e96ced08353cfe7e6255f88b51 DependenciesID=98114ec564a9c9493dacb5394d56b6ec StaticDependenciesID=cf46c1204210066cab2e72370cc8494a 
Importing 'GUID: 9995b70d7c74dff4eaec674439ecfb7d - Path: Assets/Art/Meshes/AlienTree_1.asset' with importer (NativeFormatImporter)
Main Object Name 'AlienTree/combined/Body/Leaves' does not match filename 'AlienTree_1'
UnityEngine.Debug:ExtractStackTraceNoAlloc (byte*,int,string)
UnityEngine.StackTraceUtility:ExtractStackTrace ()
BuildGame:BakeModels () (at Assets/Editor/BuildGame.cs:21)
BuildGame:Build () (at Assets/Editor/BuildGame.cs:24)

[Assets/Editor/BuildGame.cs line 21]

Imported 'GUID: 9995b70d7c74dff4eaec674439ecfb7d' -> (Import Result ID: '8daeb3ff6b6fc55a700331ad75a93f20') in 0.001 seconds [static dependencies only]. Details - ImportResultOutputID=85511bcc72439495aca7d1b8e1a14573 DependenciesID=b74c14f42002f01aa9d4c6e9a828f8f2 StaticDependenciesID=21ea62ce6807160107d479a913f91673 
Importing 'GUID: a962ce1ccced30741a3753e91d8cc0fb - Path: Assets/Art/Meshes/Miso_3.asset' with importer (NativeFormatImporter)
Main Object Name 'Miso/combined/WheelFL/Metal' does not match filename 'Miso_3'
UnityEngine.Debug:ExtractStackTraceNoAlloc (byte*,int,string)
UnityEngine.StackTraceUtility:ExtractStackTrace ()
BuildGame:BakeModels () (at Assets/Editor/BuildGame.cs:21)
BuildGame:Build () (at Assets/Editor/BuildGame.cs:24)

[Assets/Editor/BuildGame.cs line 21]

Imported 'GUID: a962ce1ccced30741a3753e91d8cc0fb' -> (Import Result ID: '7f0cb69d657f73521c7dff9f040d2c8c') in 0.001 seconds [static dependencies only]. Details - ImportResultOutputID=8fbeb0c5e559aac29b63b882d966c107 DependenciesID=7416ee352c8ec673551a3ccbb3019c2f StaticDependenciesID=2f31a95464e4f616411a3c3b1e10c076 
Importing 'GUID: a97c314da02954c4ba5380c858ce4ee9 - Path: Assets/Art/Meshes/Comet_3.asset' with importer (NativeFormatImporter)
Main Object Name 'Comet/combined/WheelRL/Accent' does not match filename 'Comet_3'
UnityEngine.Debug:ExtractStackTraceNoAlloc (byte*,int,string)
UnityEngine.StackTraceUtility:ExtractStackTrace ()
BuildGame:BakeModels () (at Assets/Editor/BuildGame.cs:21)
BuildGame:Build () (at Assets/Editor/BuildGame.cs:24)

[Assets/Editor/BuildGame.cs line 21]

Imported 'GUID: a97c314da02954c4ba5380c858ce4ee9' -> (Import Result ID: '49e4d4788cc4fc5968f69fd5484a5c82') in 0.001 seconds [static dependencies only]. Details - ImportResultOutputID=e2fa1a4e719f843d444e463d11dcfa7e DependenciesID=e249a0d8d6dfcb9d213cfee7ad8388c4 StaticDependenciesID=5d40a9ad73337603faff1f1b2ad24c79 
Importing 'GUID: b95b096647e6ded4f9b02efd1cb61b22 - Path: Assets/Art/Meshes/Miso_17.asset' with importer (NativeFormatImporter)
Main Object Name 'Miso/combined/WheelRR/Carbon' does not match filename 'Miso_17'
UnityEngine.Debug:ExtractStackTraceNoAlloc (byte*,int,string)
UnityEngine.StackTraceUtility:ExtractStackTrace ()
BuildGame:BakeModels () (at Assets/Editor/BuildGame.cs:21)
BuildGame:Build () (at Assets/Editor/BuildGame.cs:24)

[Assets/Editor/BuildGame.cs line 21]

Imported 'GUID: b95b096647e6ded4f9b02efd1cb61b22' -> (Import Result ID: 'ad7b73e57bc1a5b0ead2096d965a5071') in 0.001 seconds [static dependencies only]. Details - ImportResultOutputID=d30bca6890b6271dcdeb8d27bb3f595b DependenciesID=28134d4a1dbfd26640e332a4321cc5bd StaticDependenciesID=589ac24358b066ca31cb0ffb532a9437 
Importing 'GUID: b9aedc71eb77cef47aa40e5c951e0ecc - Path: Assets/Art/Meshes/Vanta_14.asset' with importer (NativeFormatImporter)
Main Object Name 'Vanta/combined/WheelRL/Carbon' does not match filename 'Vanta_14'
UnityEngine.Debug:ExtractStackTraceNoAlloc (byte*,int,string)
UnityEngine.StackTraceUtility:ExtractStackTrace ()
BuildGame:BakeModels () (at Assets/Editor/BuildGame.cs:21)
BuildGame:Build () (at Assets/Editor/BuildGame.cs:24)

[Assets/Editor/BuildGame.cs line 21]

Imported 'GUID: b9aedc71eb77cef47aa40e5c951e0ecc' -> (Import Result ID: '84938751a53593dfdf927c28dfda9a0a') in 0.001 seconds [static dependencies only]. Details - ImportResultOutputID=4f08a4067e1067958625abdace0fdb82 DependenciesID=3992448ea1a3347f83349a507cf26efb StaticDependenciesID=c05a0a517677f15ef60cf7ff675a9e99 
Importing 'GUID: c9d52e812c12b1149a3b1cb25fce5a0a - Path: Assets/Art/Meshes/Vanta_0.asset' with importer (NativeFormatImporter)
Main Object Name 'Vanta/combined/Body/Accent' does not match filename 'Vanta_0'
UnityEngine.Debug:ExtractStackTraceNoAlloc (byte*,int,string)
UnityEngine.StackTraceUtility:ExtractStackTrace ()
BuildGame:BakeModels () (at Assets/Editor/BuildGame.cs:21)
BuildGame:Build () (at Assets/Editor/BuildGame.cs:24)

[Assets/Editor/BuildGame.cs line 21]

Imported 'GUID: c9d52e812c12b1149a3b1cb25fce5a0a' -> (Import Result ID: '988f6a924a0d0dd8e42ad71af2bbb033') in 0.001 seconds [static dependencies only]. Details - ImportResultOutputID=6fc6f89622d1fae511b602712071ef13 DependenciesID=a5c68a0666b368b1c483f81ac33f9db7 StaticDependenciesID=4f63f25a6e200c09898b511e4cad7c00 
Importing 'GUID: 5a219b9bc83254347ba061b63bcd3e88 - Path: Assets/Art/Meshes/Spectre_23.asset' with importer (NativeFormatImporter)
Main Object Name 'Spectre/combined/Body/Headlight' does not match filename 'Spectre_23'
UnityEngine.Debug:ExtractStackTraceNoAlloc (byte*,int,string)
UnityEngine.StackTraceUtility:ExtractStackTrace ()
BuildGame:BakeModels () (at Assets/Editor/BuildGame.cs:21)
BuildGame:Build () (at Assets/Editor/BuildGame.cs:24)

[Assets/Editor/BuildGame.cs line 21]

Imported 'GUID: 5a219b9bc83254347ba061b63bcd3e88' -> (Import Result ID: 'a76a4783459478c02865c92b88cc94df') in 0.001 seconds [static dependencies only]. Details - ImportResultOutputID=dececfd3eed8e5a8d7a7add2845fdc46 DependenciesID=0f43c4fa8e7b98fd8fa7c0cb7f19b9f6 StaticDependenciesID=c3f22d692429beaa06d9e28daef6989d 
Importing 'GUID: 8a12ed546e4ae41418c61809d098890a - Path: Assets/Art/Meshes/Nomad_0.asset' with importer (NativeFormatImporter)
Main Object Name 'Nomad/combined/Body/Carbon' does not match filename 'Nomad_0'
UnityEngine.Debug:ExtractStackTraceNoAlloc (byte*,int,string)
UnityEngine.StackTraceUtility:ExtractStackTrace ()
BuildGame:BakeModels () (at Assets/Editor/BuildGame.cs:21)
BuildGame:Build () (at Assets/Editor/BuildGame.cs:24)

[Assets/Editor/BuildGame.cs line 21]

Imported 'GUID: 8a12ed546e4ae41418c61809d098890a' -> (Import Result ID: '4021163a6061dd85764fc1aad89fbc88') in 0.001 seconds [static dependencies only]. Details - ImportResultOutputID=505f5487c96163f5bd1e7136a939db23 DependenciesID=7f39045a59be197dd3ee88a9995d2108 StaticDependenciesID=47904e60d74072d8ff7a6a3bde609251 
Importing 'GUID: 8a880034f52199b4c99af665affc3f47 - Path: Assets/Art/Meshes/TrackStation_3.asset' with importer (NativeFormatImporter)
Main Object Name 'TrackStation/combined/Body/Accent' does not match filename 'TrackStation_3'
UnityEngine.Debug:ExtractStackTraceNoAlloc (byte*,int,string)
UnityEngine.StackTraceUtility:ExtractStackTrace ()
BuildGame:BakeModels () (at Assets/Editor/BuildGame.cs:21)
BuildGame:Build () (at Assets/Editor/BuildGame.cs:24)

[Assets/Editor/BuildGame.cs line 21]

Imported 'GUID: 8a880034f52199b4c99af665affc3f47' -> (Import Result ID: '5708f1db0a4ea6652fc9338ae378f4cf') in 0.001 seconds [static dependencies only]. Details - ImportResultOutputID=2cb95d8896a6f31984fc5a6a48a09e97 DependenciesID=14f279564332b292a08348e6c1d80439 StaticDependenciesID=77fb33a598ab91a47e3026a05010b0a1 
Importing 'GUID: aac25bb10a6908340b74fdb5b58184be - Path: Assets/Art/Meshes/Comet_10.asset' with importer (NativeFormatImporter)
Main Object Name 'Comet/combined/WheelRR/Tire' does not match filename 'Comet_10'
UnityEngine.Debug:ExtractStackTraceNoAlloc (byte*,int,string)
UnityEngine.StackTraceUtility:ExtractStackTrace ()
BuildGame:BakeModels () (at Assets/Editor/BuildGame.cs:21)
BuildGame:Build () (at Assets/Editor/BuildGame.cs:24)

[Assets/Editor/BuildGame.cs line 21]

Imported 'GUID: aac25bb10a6908340b74fdb5b58184be' -> (Import Result ID: '8d6940691e79f9589c453ce0fbe51121') in 0.001 seconds [static dependencies only]. Details - ImportResultOutputID=18ed9f9eb6a6f0df48b7f664d3ceb346 DependenciesID=ca017c910d4734b2caae5c8e31e52d6d StaticDependenciesID=92eb03265e6a90db07003b6cdd1bb294 
Importing 'GUID: aa3c8cd18870a164b8d0d7a5ab1e9013 - Path: Assets/Art/Meshes/Vanta_5.asset' with importer (NativeFormatImporter)
Main Object Name 'Vanta/combined/WheelFL/Carbon' does not match filename 'Vanta_5'
UnityEngine.Debug:ExtractStackTraceNoAlloc (byte*,int,string)
UnityEngine.StackTraceUtility:ExtractStackTrace ()
BuildGame:BakeModels () (at Assets/Editor/BuildGame.cs:21)
BuildGame:Build () (at Assets/Editor/BuildGame.cs:24)

[Assets/Editor/BuildGame.cs line 21]

Imported 'GUID: aa3c8cd18870a164b8d0d7a5ab1e9013' -> (Import Result ID: '64e6f0e44b3e63489dace9a9f1ea3cbb') in 0.001 seconds [static dependencies only]. Details - ImportResultOutputID=6b15d034d24afcf0998165a9fb918ba2 DependenciesID=e9ef7d680a7a1147bd34676096d03edd StaticDependenciesID=e941325149bd7b2bd9f87dfd606e2263 
Importing 'GUID: da3aeed29f9b06b4080bf9beaadf1b0f - Path: Assets/Art/Meshes/Nomad_20.asset' with importer (NativeFormatImporter)
Main Object Name 'Nomad/combined/WheelRL/Tire' does not match filename 'Nomad_20'
UnityEngine.Debug:ExtractStackTraceNoAlloc (byte*,int,string)
UnityEngine.StackTraceUtility:ExtractStackTrace ()
BuildGame:BakeModels () (at Assets/Editor/BuildGame.cs:21)
BuildGame:Build () (at Assets/Editor/BuildGame.cs:24)

[Assets/Editor/BuildGame.cs line 21]

Imported 'GUID: da3aeed29f9b06b4080bf9beaadf1b0f' -> (Import Result ID: 'e8d25d4d198c4ba5c8f660bd6a26ae4e') in 0.001 seconds [static dependencies only]. Details - ImportResultOutputID=452c4ebe8a8f4edc425870c8f020f17e DependenciesID=1d0d621631b065424120b613abc654ff StaticDependenciesID=e4a33694d6803afbfd11e4ab29431d38 
Importing 'GUID: fa0bb1973cc1ba246aecef3b0a98d11e - Path: Assets/Art/Meshes/Nomad_5.asset' with importer (NativeFormatImporter)
Main Object Name 'Nomad/combined/WheelFR/Tire' does not match filename 'Nomad_5'
UnityEngine.Debug:ExtractStackTraceNoAlloc (byte*,int,string)
UnityEngine.StackTraceUtility:ExtractStackTrace ()
BuildGame:BakeModels () (at Assets/Editor/BuildGame.cs:21)
BuildGame:Build () (at Assets/Editor/BuildGame.cs:24)

[Assets/Editor/BuildGame.cs line 21]

Imported 'GUID: fa0bb1973cc1ba246aecef3b0a98d11e' -> (Import Result ID: 'f52f1f4cd1bcdc907f69efe7dc9a2c77') in 0.001 seconds [static dependencies only]. Details - ImportResultOutputID=210bd28d7252e48ddb7200c64a89c774 DependenciesID=177f550efd882732823320e73618efea StaticDependenciesID=aa203c19855b6f679e403a876e84390c 
Importing 'GUID: fa6de2255d1594b41b25f4212291d0f9 - Path: Assets/Art/Meshes/Nomad_1.asset' with importer (NativeFormatImporter)
Main Object Name 'Nomad/combined/WheelFR/Carbon' does not match filename 'Nomad_1'
UnityEngine.Debug:ExtractStackTraceNoAlloc (byte*,int,string)
UnityEngine.StackTraceUtility:ExtractStackTrace ()
BuildGame:BakeModels () (at Assets/Editor/BuildGame.cs:21)
BuildGame:Build () (at Assets/Editor/BuildGame.cs:24)

[Assets/Editor/BuildGame.cs line 21]

Imported 'GUID: fa6de2255d1594b41b25f4212291d0f9' -> (Import Result ID: '536347afaabdc8b87ab661409df4a5a5') in 0.001 seconds [static dependencies only]. Details - ImportResultOutputID=bed56ceca211f5059efb82e8b58d36bd DependenciesID=831a6b2cdb443c6751776fdbe2e591d3 StaticDependenciesID=db5e38c3be945d3be9b161ad1a81314e 
Importing 'GUID: 2b74bec1f57a7e149831f8ece7d2816c - Path: Assets/Art/Meshes/Nomad_6.asset' with importer (NativeFormatImporter)
Main Object Name 'Nomad/combined/WheelRR/Carbon' does not match filename 'Nomad_6'
UnityEngine.Debug:ExtractStackTraceNoAlloc (byte*,int,string)
UnityEngine.StackTraceUtility:ExtractStackTrace ()
BuildGame:BakeModels () (at Assets/Editor/BuildGame.cs:21)
BuildGame:Build () (at Assets/Editor/BuildGame.cs:24)

[Assets/Editor/BuildGame.cs line 21]

Imported 'GUID: 2b74bec1f57a7e149831f8ece7d2816c' -> (Import Result ID: 'be938773aba5eadd4b64937d7e2dfb18') in 0.001 seconds [static dependencies only]. Details - ImportResultOutputID=95579e2823be781cfc633012d736cd02 DependenciesID=c9a91b73a327c2b60c087f1534cc5001 StaticDependenciesID=7ac8015f9b8cc8be28f66e674c21e1f4 
Importing 'GUID: 2b3d5f6b8c6f2fc44acdaf0f19adf1fd - Path: Assets/Art/Meshes/Miso_18.asset' with importer (NativeFormatImporter)
Main Object Name 'Miso/combined/WheelRR/Wheel' does not match filename 'Miso_18'
UnityEngine.Debug:ExtractStackTraceNoAlloc (byte*,int,string)
UnityEngine.StackTraceUtility:ExtractStackTrace ()
BuildGame:BakeModels () (at Assets/Editor/BuildGame.cs:21)
BuildGame:Build () (at Assets/Editor/BuildGame.cs:24)

[Assets/Editor/BuildGame.cs line 21]

Imported 'GUID: 2b3d5f6b8c6f2fc44acdaf0f19adf1fd' -> (Import Result ID: '9a864103b88a1550898ac2b1ff65dfe8') in 0.001 seconds [static dependencies only]. Details - ImportResultOutputID=1db8e37b1d8be417753caaaed6da4fda DependenciesID=61d68d9378449094ef06fbd79ce57b79 StaticDependenciesID=db29644a190e41b9cc74d58be9be4393 
Importing 'GUID: 7b07b5a00c631b949bc6ba700fbc1e3f - Path: Assets/Art/Meshes/Nomad_10.asset' with importer (NativeFormatImporter)
Main Object Name 'Nomad/combined/WheelRR/Wheel' does not match filename 'Nomad_10'
UnityEngine.Debug:ExtractStackTraceNoAlloc (byte*,int,string)
UnityEngine.StackTraceUtility:ExtractStackTrace ()
BuildGame:BakeModels () (at Assets/Editor/BuildGame.cs:21)
BuildGame:Build () (at Assets/Editor/BuildGame.cs:24)

[Assets/Editor/BuildGame.cs line 21]

Imported 'GUID: 7b07b5a00c631b949bc6ba700fbc1e3f' -> (Import Result ID: 'a669e245577c0437c5e5baa35a04c523') in 0.001 seconds [static dependencies only]. Details - ImportResultOutputID=14fd7462070e0fec35dc54e1f5fc8d04 DependenciesID=0e5f943b4e0f3e3ced936bc275dd8507 StaticDependenciesID=bf967fbc8ab20f1a01e2c5de511393c3 
Importing 'GUID: 8b37da7011c54f44f9f6cc60df066142 - Path: Assets/Art/Meshes/Comet_5.asset' with importer (NativeFormatImporter)
Main Object Name 'Comet/combined/WheelRL/Wheel' does not match filename 'Comet_5'
UnityEngine.Debug:ExtractStackTraceNoAlloc (byte*,int,string)
UnityEngine.StackTraceUtility:ExtractStackTrace ()
BuildGame:BakeModels () (at Assets/Editor/BuildGame.cs:21)
BuildGame:Build () (at Assets/Editor/BuildGame.cs:24)

[Assets/Editor/BuildGame.cs line 21]

Imported 'GUID: 8b37da7011c54f44f9f6cc60df066142' -> (Import Result ID: 'c34b254f2c327eca87c4ae96bc490ca3') in 0.001 seconds [static dependencies only]. Details - ImportResultOutputID=bd2fa2606c87604c1964c1062ca9dec4 DependenciesID=4b4a738597f5a96dbcb9fea52d5cb535 StaticDependenciesID=c4acee6f65e592b1e1c7a70be1420956 
Importing 'GUID: 9bee25be2fc44bf468b1012b50f33d05 - Path: Assets/Art/Meshes/Vanta_11.asset' with importer (NativeFormatImporter)
Main Object Name 'Vanta/combined/WheelRR/Metal' does not match filename 'Vanta_11'
UnityEngine.Debug:ExtractStackTraceNoAlloc (byte*,int,string)
UnityEngine.StackTraceUtility:ExtractStackTrace ()
BuildGame:BakeModels () (at Assets/Editor/BuildGame.cs:21)
BuildGame:Build () (at Assets/Editor/BuildGame.cs:24)

[Assets/Editor/BuildGame.cs line 21]

Imported 'GUID: 9bee25be2fc44bf468b1012b50f33d05' -> (Import Result ID: '9efc61d70b172d656ada6cd108101a2a') in 0.001 seconds [static dependencies only]. Details - ImportResultOutputID=65ed6f2dcc42ec6a1063dc26aed065d9 DependenciesID=58e55f8041e0a65fbac8a966403b88a7 StaticDependenciesID=91fa1233f1534121029f0abe707416d6 
Importing 'GUID: db4f7c0e155525241b887ef0d1414746 - Path: Assets/Art/Meshes/Nomad_15.asset' with importer (NativeFormatImporter)
Main Object Name 'Nomad/combined/WheelFL/Tire' does not match filename 'Nomad_15'
UnityEngine.Debug:ExtractStackTraceNoAlloc (byte*,int,string)
UnityEngine.StackTraceUtility:ExtractStackTrace ()
BuildGame:BakeModels () (at Assets/Editor/BuildGame.cs:21)
BuildGame:Build () (at Assets/Editor/BuildGame.cs:24)

[Assets/Editor/BuildGame.cs line 21]

Imported 'GUID: db4f7c0e155525241b887ef0d1414746' -> (Import Result ID: 'bf8c1d1e544d2472f9212610fca137a6') in 0.001 seconds [static dependencies only]. Details - ImportResultOutputID=8d73f28fb46928dc4e5c4a2e7984d8d6 DependenciesID=6357f035247063c3e2385463f7426729 StaticDependenciesID=b2e840e8cfcc0bdebd21b6ac9186c3a5 
Importing 'GUID: eb03d7814b282e147be7f54fc8062cf2 - Path: Assets/Art/Meshes/Spectre_26.asset' with importer (NativeFormatImporter)
Main Object Name 'Spectre/combined/Body/Taillight' does not match filename 'Spectre_26'
UnityEngine.Debug:ExtractStackTraceNoAlloc (byte*,int,string)
UnityEngine.StackTraceUtility:ExtractStackTrace ()
BuildGame:BakeModels () (at Assets/Editor/BuildGame.cs:21)
BuildGame:Build () (at Assets/Editor/BuildGame.cs:24)

[Assets/Editor/BuildGame.cs line 21]

Imported 'GUID: eb03d7814b282e147be7f54fc8062cf2' -> (Import Result ID: '8e5df630e72f7ba9e3026f723841cfa1') in 0.001 seconds [static dependencies only]. Details - ImportResultOutputID=ab78c392827150a74cc7d421281bd712 DependenciesID=4319207221427e2e68ff85a1d66d2795 StaticDependenciesID=985be942dc86d9af3a6905926afabe0b 
Importing 'GUID: fb91702de928e184b8ce49f6f3a0976e - Path: Assets/Art/Meshes/Comet_26.asset' with importer (NativeFormatImporter)
Main Object Name 'Comet/combined/Body/Glass' does not match filename 'Comet_26'
UnityEngine.Debug:ExtractStackTraceNoAlloc (byte*,int,string)
UnityEngine.StackTraceUtility:ExtractStackTrace ()
BuildGame:BakeModels () (at Assets/Editor/BuildGame.cs:21)
BuildGame:Build () (at Assets/Editor/BuildGame.cs:24)

[Assets/Editor/BuildGame.cs line 21]

Imported 'GUID: fb91702de928e184b8ce49f6f3a0976e' -> (Import Result ID: '68efe54a104c18b4758cb9c9dbbaa1d8') in 0.001 seconds [static dependencies only]. Details - ImportResultOutputID=627420c68df7b4fa21d12f71a0ba94ed DependenciesID=90dff797e1bb18637af1d96ec2d0df71 StaticDependenciesID=ff3a86c02094392489616be77f6b1244 
Importing 'GUID: 1ca4b6ee45df42d428fc644ca1af1169 - Path: Assets/Art/Meshes/Nomad_26.asset' with importer (NativeFormatImporter)
Main Object Name 'Nomad/combined/Body/Glass' does not match filename 'Nomad_26'
UnityEngine.Debug:ExtractStackTraceNoAlloc (byte*,int,string)
UnityEngine.StackTraceUtility:ExtractStackTrace ()
BuildGame:BakeModels () (at Assets/Editor/BuildGame.cs:21)
BuildGame:Build () (at Assets/Editor/BuildGame.cs:24)

[Assets/Editor/BuildGame.cs line 21]

Imported 'GUID: 1ca4b6ee45df42d428fc644ca1af1169' -> (Import Result ID: '2a603fce50961f42dc77f53fed8cc1d1') in 0.001 seconds [static dependencies only]. Details - ImportResultOutputID=6382199f236a2a8158af9bf7d8c72314 DependenciesID=040fd6eb98c16e4dbfed8410ac88cd1b StaticDependenciesID=635fbcee8f648aef42ff5d479f096a95 
Importing 'GUID: 2c46f7b1a892ce34daac4237444bdb39 - Path: Assets/Art/Meshes/Vanta_15.asset' with importer (NativeFormatImporter)
Main Object Name 'Vanta/combined/WheelRL/Metal' does not match filename 'Vanta_15'
UnityEngine.Debug:ExtractStackTraceNoAlloc (byte*,int,string)
UnityEngine.StackTraceUtility:ExtractStackTrace ()
BuildGame:BakeModels () (at Assets/Editor/BuildGame.cs:21)
BuildGame:Build () (at Assets/Editor/BuildGame.cs:24)

[Assets/Editor/BuildGame.cs line 21]

Imported 'GUID: 2c46f7b1a892ce34daac4237444bdb39' -> (Import Result ID: 'b027d78ad304404e11cc298d1eaa83d7') in 0.001 seconds [static dependencies only]. Details - ImportResultOutputID=59d8e5964094d994e538482b518f35d1 DependenciesID=92f47ee10f023b745abd708f89f0822e StaticDependenciesID=f4231c0fd3cb53600d13c8f4760df11a 
Importing 'GUID: 3c11832abcba2df409f6f8e21c838ab8 - Path: Assets/Art/Meshes/Vanta_18.asset' with importer (NativeFormatImporter)
Main Object Name 'Vanta/combined/WheelRL/Tire' does not match filename 'Vanta_18'
UnityEngine.Debug:ExtractStackTraceNoAlloc (byte*,int,string)
UnityEngine.StackTraceUtility:ExtractStackTrace ()
BuildGame:BakeModels () (at Assets/Editor/BuildGame.cs:21)
BuildGame:Build () (at Assets/Editor/BuildGame.cs:24)

[Assets/Editor/BuildGame.cs line 21]

Imported 'GUID: 3c11832abcba2df409f6f8e21c838ab8' -> (Import Result ID: '4e9c8f7c1ce5fb2f00d7b34556c6b159') in 0.001 seconds [static dependencies only]. Details - ImportResultOutputID=ff085cb7f2aca534a928d0f2ffa0a568 DependenciesID=b941d1f1346868b31119396b0c0eb565 StaticDependenciesID=f5286084498f7966dfe5223756c0e518 
Importing 'GUID: 3c65ab7219d2cba4e99a841ac5ed0a9d - Path: Assets/Art/Meshes/Vanta_13.asset' with importer (NativeFormatImporter)
Main Object Name 'Vanta/combined/WheelRR/Tire' does not match filename 'Vanta_13'
UnityEngine.Debug:ExtractStackTraceNoAlloc (byte*,int,string)
UnityEngine.StackTraceUtility:ExtractStackTrace ()
BuildGame:BakeModels () (at Assets/Editor/BuildGame.cs:21)
BuildGame:Build () (at Assets/Editor/BuildGame.cs:24)

[Assets/Editor/BuildGame.cs line 21]

Imported 'GUID: 3c65ab7219d2cba4e99a841ac5ed0a9d' -> (Import Result ID: '19dd964c4b1df2c297b447fc35b9ca94') in 0.001 seconds [static dependencies only]. Details - ImportResultOutputID=e7df5694411baf00d10ff7973077cc97 DependenciesID=0d431848a47b916881476f03b9412228 StaticDependenciesID=b8fbfdb9ff67fedcf2e2b000c5d9b446 
Importing 'GUID: 3c394569e50d7df4f8b153f1239e7f63 - Path: Assets/Art/Meshes/Miso_5.asset' with importer (NativeFormatImporter)
Main Object Name 'Miso/combined/WheelFL/Wheel' does not match filename 'Miso_5'
UnityEngine.Debug:ExtractStackTraceNoAlloc (byte*,int,string)
UnityEngine.StackTraceUtility:ExtractStackTrace ()
BuildGame:BakeModels () (at Assets/Editor/BuildGame.cs:21)
BuildGame:Build () (at Assets/Editor/BuildGame.cs:24)

[Assets/Editor/BuildGame.cs line 21]

Imported 'GUID: 3c394569e50d7df4f8b153f1239e7f63' -> (Import Result ID: '48b5d8ac6e8747fb4a9d8b9a5b97d0af') in 0.001 seconds [static dependencies only]. Details - ImportResultOutputID=881b7c2de6f291caa226b028399d67b4 DependenciesID=495923aafba435f8761f5f98a8b561e6 StaticDependenciesID=1cb57491465ab9a848c1d80d4472f47c 
Importing 'GUID: 4c10ce3e92ba62b45a10a1f713f129d4 - Path: Assets/Art/Meshes/Vanta_3.asset' with importer (NativeFormatImporter)
Main Object Name 'Vanta/combined/Body/Headlight' does not match filename 'Vanta_3'
UnityEngine.Debug:ExtractStackTraceNoAlloc (byte*,int,string)
UnityEngine.StackTraceUtility:ExtractStackTrace ()
BuildGame:BakeModels () (at Assets/Editor/BuildGame.cs:21)
BuildGame:Build () (at Assets/Editor/BuildGame.cs:24)

[Assets/Editor/BuildGame.cs line 21]

Imported 'GUID: 4c10ce3e92ba62b45a10a1f713f129d4' -> (Import Result ID: '5a1a626ce463fc4f25116f57b87ddfa0') in 0.001 seconds [static dependencies only]. Details - ImportResultOutputID=55bc0c8bd84ce58353fc68af500ff3be DependenciesID=f0d098be45472f6fbb9cf1412e093f17 StaticDependenciesID=54eba322270e5cff3f105fa200eba16c 
Importing 'GUID: 4cdfad2a4a9e9214198f51d0b2d58634 - Path: Assets/Art/Meshes/TrackStation_1.asset' with importer (NativeFormatImporter)
Main Object Name 'TrackStation/combined/Body/Building' does not match filename 'TrackStation_1'
UnityEngine.Debug:ExtractStackTraceNoAlloc (byte*,int,string)
UnityEngine.StackTraceUtility:ExtractStackTrace ()
BuildGame:BakeModels () (at Assets/Editor/BuildGame.cs:21)
BuildGame:Build () (at Assets/Editor/BuildGame.cs:24)

[Assets/Editor/BuildGame.cs line 21]

Imported 'GUID: 4cdfad2a4a9e9214198f51d0b2d58634' -> (Import Result ID: '9636d98564ce12b63235a761f24cb62d') in 0.001 seconds [static dependencies only]. Details - ImportResultOutputID=a5f55dad5d2764ca810b365f315dae74 DependenciesID=65c97a6adb04ed451675facfce461593 StaticDependenciesID=275def30235e4cfade9dfa475044c5ac 
Importing 'GUID: 8ca3d00984ed5304f8f701834f023882 - Path: Assets/Art/Meshes/Miso_16.asset' with importer (NativeFormatImporter)
Main Object Name 'Miso/combined/Body/Metal' does not match filename 'Miso_16'
UnityEngine.Debug:ExtractStackTraceNoAlloc (byte*,int,string)
UnityEngine.StackTraceUtility:ExtractStackTrace ()
BuildGame:BakeModels () (at Assets/Editor/BuildGame.cs:21)
BuildGame:Build () (at Assets/Editor/BuildGame.cs:24)

[Assets/Editor/BuildGame.cs line 21]

Imported 'GUID: 8ca3d00984ed5304f8f701834f023882' -> (Import Result ID: '9aaec26fc8a09a3e7212940c96e6a0c4') in 0.001 seconds [static dependencies only]. Details - ImportResultOutputID=51406225fc6ec735b18deb3bf183a472 DependenciesID=5ec90805fc97c5e9677366d69005392d StaticDependenciesID=23d1b890ef7d7b939ffa5b401953935d 
Importing 'GUID: cc33efa912660824b8dae4ca35767238 - Path: Assets/Art/Meshes/Nomad_21.asset' with importer (NativeFormatImporter)
Main Object Name 'Nomad/combined/WheelRL/Wheel' does not match filename 'Nomad_21'
UnityEngine.Debug:ExtractStackTraceNoAlloc (byte*,int,string)
UnityEngine.StackTraceUtility:ExtractStackTrace ()
BuildGame:BakeModels () (at Assets/Editor/BuildGame.cs:21)
BuildGame:Build () (at Assets/Editor/BuildGame.cs:24)

[Assets/Editor/BuildGame.cs line 21]

Imported 'GUID: cc33efa912660824b8dae4ca35767238' -> (Import Result ID: 'db5835832ae3aaefa0df3b1f11816bd2') in 0.001 seconds [static dependencies only]. Details - ImportResultOutputID=5733c0db20c2525716ff086dc252dd3a DependenciesID=80bc6514f1643de135b092b559aa8429 StaticDependenciesID=d55c39442abecac38b4ea2ee8b5bbfc8 
Importing 'GUID: 2d54018da8f2e4d43913f93a159e95da - Path: Assets/Art/Meshes/Spectre_11.asset' with importer (NativeFormatImporter)
Main Object Name 'Spectre/combined/Body/Paint' does not match filename 'Spectre_11'
UnityEngine.Debug:ExtractStackTraceNoAlloc (byte*,int,string)
UnityEngine.StackTraceUtility:ExtractStackTrace ()
BuildGame:BakeModels () (at Assets/Editor/BuildGame.cs:21)
BuildGame:Build () (at Assets/Editor/BuildGame.cs:24)

[Assets/Editor/BuildGame.cs line 21]

Imported 'GUID: 2d54018da8f2e4d43913f93a159e95da' -> (Import Result ID: '9c872226daae29e87a2f98d34520f384') in 0.001 seconds [static dependencies only]. Details - ImportResultOutputID=8f843c1283bcf2f7846bbf4ab0c770d2 DependenciesID=3056572d671b0bd7b1b486706b15aa14 StaticDependenciesID=75b507cf5753afb1e6061c1c2877eb62 
Importing 'GUID: 4dc49fd7171bdea409931fce8342823b - Path: Assets/Art/Meshes/Nomad_8.asset' with importer (NativeFormatImporter)
Main Object Name 'Nomad/combined/WheelRR/Accent' does not match filename 'Nomad_8'
UnityEngine.Debug:ExtractStackTraceNoAlloc (byte*,int,string)
UnityEngine.StackTraceUtility:ExtractStackTrace ()
BuildGame:BakeModels () (at Assets/Editor/BuildGame.cs:21)
BuildGame:Build () (at Assets/Editor/BuildGame.cs:24)

[Assets/Editor/BuildGame.cs line 21]

Imported 'GUID: 4dc49fd7171bdea409931fce8342823b' -> (Import Result ID: '157bdf5aef14d8c46626a4bd54caa5aa') in 0.001 seconds [static dependencies only]. Details - ImportResultOutputID=06e18f416a588d133a1967ac4e4fa74e DependenciesID=c22928c6011c0739adfb5a2ab9ac664c StaticDependenciesID=e85458d2bf79c480caad1d3d1ab9959f 
Importing 'GUID: 5dbabc7ef225f414891d0ab609a2ea8e - Path: Assets/Art/Meshes/Comet_2.asset' with importer (NativeFormatImporter)
Main Object Name 'Comet/combined/WheelRL/Metal' does not match filename 'Comet_2'
UnityEngine.Debug:ExtractStackTraceNoAlloc (byte*,int,string)
UnityEngine.StackTraceUtility:ExtractStackTrace ()
BuildGame:BakeModels () (at Assets/Editor/BuildGame.cs:21)
BuildGame:Build () (at Assets/Editor/BuildGame.cs:24)

[Assets/Editor/BuildGame.cs line 21]

Imported 'GUID: 5dbabc7ef225f414891d0ab609a2ea8e' -> (Import Result ID: 'dfb32cdd49ed52eeddc8d9e04bcd5321') in 0.001 seconds [static dependencies only]. Details - ImportResultOutputID=77ddf53041846de65dbe45ee97e83850 DependenciesID=5c59e15b5011bb7e32b551692d09b6aa StaticDependenciesID=680fef204504b0826769777bc3d9f402 
Importing 'GUID: 6dd3b319e6b5fec49a575eb61a96bb5b - Path: Assets/Art/Meshes/Miso_23.asset' with importer (NativeFormatImporter)
Main Object Name 'Miso/combined/Body/Paint' does not match filename 'Miso_23'
UnityEngine.Debug:ExtractStackTraceNoAlloc (byte*,int,string)
UnityEngine.StackTraceUtility:ExtractStackTrace ()
BuildGame:BakeModels () (at Assets/Editor/BuildGame.cs:21)
BuildGame:Build () (at Assets/Editor/BuildGame.cs:24)

[Assets/Editor/BuildGame.cs line 21]

Imported 'GUID: 6dd3b319e6b5fec49a575eb61a96bb5b' -> (Import Result ID: 'a7a9eb159287dfe1ea45d20200012b0f') in 0.001 seconds [static dependencies only]. Details - ImportResultOutputID=902c2ee640563fd9822a9f44f808a648 DependenciesID=e1d342df6fff5f0e22a6ede5b1305755 StaticDependenciesID=7302d84bd5fafcc669cb41f8727757c3 
Importing 'GUID: 8db5e303dbb1131408cc0dd54b946de7 - Path: Assets/Art/Meshes/TrackStation_2.asset' with importer (NativeFormatImporter)
Main Object Name 'TrackStation/combined/Body/Glass' does not match filename 'TrackStation_2'
UnityEngine.Debug:ExtractStackTraceNoAlloc (byte*,int,string)
UnityEngine.StackTraceUtility:ExtractStackTrace ()
BuildGame:BakeModels () (at Assets/Editor/BuildGame.cs:21)
BuildGame:Build () (at Assets/Editor/BuildGame.cs:24)

[Assets/Editor/BuildGame.cs line 21]

Imported 'GUID: 8db5e303dbb1131408cc0dd54b946de7' -> (Import Result ID: '06474dfc7b1cdbe07e5da30b84692d2d') in 0.001 seconds [static dependencies only]. Details - ImportResultOutputID=865a9d1b92bc5a4b426cc13618b878b7 DependenciesID=fa845270fccb46e1c9ea58a03eb31b0b StaticDependenciesID=292160e83dd5d3e815148e362ca21e39 
Importing 'GUID: 8d4c68a58d40cc64686d79e14837b0f4 - Path: Assets/Art/Meshes/Nomad_23.asset' with importer (NativeFormatImporter)
Main Object Name 'Nomad/combined/Body/Paint' does not match filename 'Nomad_23'
UnityEngine.Debug:ExtractStackTraceNoAlloc (byte*,int,string)
UnityEngine.StackTraceUtility:ExtractStackTrace ()
BuildGame:BakeModels () (at Assets/Editor/BuildGame.cs:21)
BuildGame:Build () (at Assets/Editor/BuildGame.cs:24)

[Assets/Editor/BuildGame.cs line 21]

Imported 'GUID: 8d4c68a58d40cc64686d79e14837b0f4' -> (Import Result ID: '94fc77997a455fce22131587cdceeb71') in 0.001 seconds [static dependencies only]. Details - ImportResultOutputID=975498e5a8d222179afb0b9afacd29ab DependenciesID=c0220c83d89608c67fb18554f504123d StaticDependenciesID=fcba7db11e9f236c35d962da6d34bfc0 
Importing 'GUID: cd5ea37fde25f9341870eeac18739db3 - Path: Assets/Art/Meshes/Spectre_1.asset' with importer (NativeFormatImporter)
Main Object Name 'Spectre/combined/WheelRR/Accent' does not match filename 'Spectre_1'
UnityEngine.Debug:ExtractStackTraceNoAlloc (byte*,int,string)
UnityEngine.StackTraceUtility:ExtractStackTrace ()
BuildGame:BakeModels () (at Assets/Editor/BuildGame.cs:21)
BuildGame:Build () (at Assets/Editor/BuildGame.cs:24)

[Assets/Editor/BuildGame.cs line 21]

Imported 'GUID: cd5ea37fde25f9341870eeac18739db3' -> (Import Result ID: '512a0bf7596d6ac35b507c34465e8afa') in 0.001 seconds [static dependencies only]. Details - ImportResultOutputID=3977ec68a3eee385f638db758b68d955 DependenciesID=1073bb2700f7e79387e1965f15903a16 StaticDependenciesID=352a3e29982d5e915e15c09354aaf161 
Importing 'GUID: dd71abbdfce17eb44816d5e3eaf3e9a5 - Path: Assets/Art/Meshes/AlienTree_0.asset' with importer (NativeFormatImporter)
Main Object Name 'AlienTree/combined/Body/Bark' does not match filename 'AlienTree_0'
UnityEngine.Debug:ExtractStackTraceNoAlloc (byte*,int,string)
UnityEngine.StackTraceUtility:ExtractStackTrace ()
BuildGame:BakeModels () (at Assets/Editor/BuildGame.cs:21)
BuildGame:Build () (at Assets/Editor/BuildGame.cs:24)

[Assets/Editor/BuildGame.cs line 21]

Imported 'GUID: dd71abbdfce17eb44816d5e3eaf3e9a5' -> (Import Result ID: '7f3d1b3ce0df537a575dcb76040dd663') in 0.001 seconds [static dependencies only]. Details - ImportResultOutputID=c9ea52c858b4ba48907efa507c00012f DependenciesID=ee28a0dfd9a14037d102066c2dc412ed StaticDependenciesID=1b5f3ec0b658a83d622ef230c45e7f05 
Importing 'GUID: ed2b2a8850347d7429984091e52b542e - Path: Assets/Art/Meshes/Spectre_21.asset' with importer (NativeFormatImporter)
Main Object Name 'Spectre/combined/WheelFL/Wheel' does not match filename 'Spectre_21'
UnityEngine.Debug:ExtractStackTraceNoAlloc (byte*,int,string)
UnityEngine.StackTraceUtility:ExtractStackTrace ()
BuildGame:BakeModels () (at Assets/Editor/BuildGame.cs:21)
BuildGame:Build () (at Assets/Editor/BuildGame.cs:24)

[Assets/Editor/BuildGame.cs line 21]

Imported 'GUID: ed2b2a8850347d7429984091e52b542e' -> (Import Result ID: 'edff258666771e9d9d843641fab613bb') in 0.001 seconds [static dependencies only]. Details - ImportResultOutputID=f33fef0fdf972b1f2f54c1b9f1fe72d4 DependenciesID=1fee6bb29b863fa2eceaa6cfbf12e04a StaticDependenciesID=20039995a1cec6feb58c4bfb40ed1ed8 
Importing 'GUID: 3eb23fec121e5964581e14340c4848e1 - Path: Assets/Art/Meshes/Comet_23.asset' with importer (NativeFormatImporter)
Main Object Name 'Comet/combined/WheelFL/Tire' does not match filename 'Comet_23'
UnityEngine.Debug:ExtractStackTraceNoAlloc (byte*,int,string)
UnityEngine.StackTraceUtility:ExtractStackTrace ()
BuildGame:BakeModels () (at Assets/Editor/BuildGame.cs:21)
BuildGame:Build () (at Assets/Editor/BuildGame.cs:24)

[Assets/Editor/BuildGame.cs line 21]

Imported 'GUID: 3eb23fec121e5964581e14340c4848e1' -> (Import Result ID: 'c940725b616aaf2543e2196991ea1262') in 0.001 seconds [static dependencies only]. Details - ImportResultOutputID=02fdf053672470b4855ef4b22d977d7d DependenciesID=d25923a9edd93b0380efcdaea65ed2e3 StaticDependenciesID=cc4cb79a4d994e6c18d1b914f7770de2 
Importing 'GUID: 3e7b01229d9fa8e41a68eabc1ec1f8e0 - Path: Assets/Art/Meshes/Comet_25.asset' with importer (NativeFormatImporter)
Main Object Name 'Comet/combined/Body/Taillight' does not match filename 'Comet_25'
UnityEngine.Debug:ExtractStackTraceNoAlloc (byte*,int,string)
UnityEngine.StackTraceUtility:ExtractStackTrace ()
BuildGame:BakeModels () (at Assets/Editor/BuildGame.cs:21)
BuildGame:Build () (at Assets/Editor/BuildGame.cs:24)

[Assets/Editor/BuildGame.cs line 21]

Imported 'GUID: 3e7b01229d9fa8e41a68eabc1ec1f8e0' -> (Import Result ID: 'c9e1d8571da1093a34d91f9d9f96e24e') in 0.001 seconds [static dependencies only]. Details - ImportResultOutputID=b08692c74d9eec14006a17ef5b16e2fe DependenciesID=5c1a500cee6374c224522a7c4835b810 StaticDependenciesID=6bf915205c0c5e9d6592242ed6228cbe 
Importing 'GUID: 6e9415839d16dbc4194f8707c2959a62 - Path: Assets/Art/Meshes/Miso_8.asset' with importer (NativeFormatImporter)
Main Object Name 'Miso/combined/WheelFR/Carbon' does not match filename 'Miso_8'
UnityEngine.Debug:ExtractStackTraceNoAlloc (byte*,int,string)
UnityEngine.StackTraceUtility:ExtractStackTrace ()
BuildGame:BakeModels () (at Assets/Editor/BuildGame.cs:21)
BuildGame:Build () (at Assets/Editor/BuildGame.cs:24)

[Assets/Editor/BuildGame.cs line 21]

Imported 'GUID: 6e9415839d16dbc4194f8707c2959a62' -> (Import Result ID: 'f0ac05fbf6006e692d52369a48354b25') in 0.001 seconds [static dependencies only]. Details - ImportResultOutputID=a8cf9acf3c5cc3413d0f9dc2a5bba7e3 DependenciesID=79bff9916db6cb6ad0eb72f277937f8c StaticDependenciesID=993eedb887b50ad43a07eb1c2569b181 
Importing 'GUID: 7e839f0860d01cc47943b3f0b4974150 - Path: Assets/Art/Meshes/Nomad_16.asset' with importer (NativeFormatImporter)
Main Object Name 'Nomad/combined/WheelFL/Wheel' does not match filename 'Nomad_16'
UnityEngine.Debug:ExtractStackTraceNoAlloc (byte*,int,string)
UnityEngine.StackTraceUtility:ExtractStackTrace ()
BuildGame:BakeModels () (at Assets/Editor/BuildGame.cs:21)
BuildGame:Build () (at Assets/Editor/BuildGame.cs:24)

[Assets/Editor/BuildGame.cs line 21]

Imported 'GUID: 7e839f0860d01cc47943b3f0b4974150' -> (Import Result ID: '13784d934db2859b0860b61ab0aa1338') in 0.001 seconds [static dependencies only]. Details - ImportResultOutputID=a830d24a21203ddbbcd05a0460e06c72 DependenciesID=f652dd477cbfa2eb54ecc8f3b01f5110 StaticDependenciesID=4e5a8828f4313d321d40a2d1db96310f 
Importing 'GUID: ae74c6a93ecb5d94292743b35b0de436 - Path: Assets/Art/Meshes/Nomad_14.asset' with importer (NativeFormatImporter)
Main Object Name 'Nomad/combined/WheelFL/Metal' does not match filename 'Nomad_14'
UnityEngine.Debug:ExtractStackTraceNoAlloc (byte*,int,string)
UnityEngine.StackTraceUtility:ExtractStackTrace ()
BuildGame:BakeModels () (at Assets/Editor/BuildGame.cs:21)
BuildGame:Build () (at Assets/Editor/BuildGame.cs:24)

[Assets/Editor/BuildGame.cs line 21]

Imported 'GUID: ae74c6a93ecb5d94292743b35b0de436' -> (Import Result ID: '6ed4739053708dfdafbb89b4061a2c13') in 0.001 seconds [static dependencies only]. Details - ImportResultOutputID=17e22e3b9f50287d561095b7c14d6dff DependenciesID=841848b736d25e09080014bcde80a3a0 StaticDependenciesID=f15f24541f2729908fd94c8b2899b1fd 
Importing 'GUID: be7956e5357bc0f42809d7d264b95ca0 - Path: Assets/Art/Meshes/Nomad_4.asset' with importer (NativeFormatImporter)
Main Object Name 'Nomad/combined/WheelFR/Metal' does not match filename 'Nomad_4'
UnityEngine.Debug:ExtractStackTraceNoAlloc (byte*,int,string)
UnityEngine.StackTraceUtility:ExtractStackTrace ()
BuildGame:BakeModels () (at Assets/Editor/BuildGame.cs:21)
BuildGame:Build () (at Assets/Editor/BuildGame.cs:24)

[Assets/Editor/BuildGame.cs line 21]

Imported 'GUID: be7956e5357bc0f42809d7d264b95ca0' -> (Import Result ID: 'b4f5098e48c58155f9e178c47ce73b5a') in 0.001 seconds [static dependencies only]. Details - ImportResultOutputID=e67b5d671cb0e71ba505f829e36a10b2 DependenciesID=8f7342620a300d4164f0db37ad33f184 StaticDependenciesID=565bbb05cce49597e3ee09ad36130904 
Importing 'GUID: dee38f8c318ed4b4b8c5ac32325a81bd - Path: Assets/Art/Meshes/Comet_17.asset' with importer (NativeFormatImporter)
Main Object Name 'Comet/combined/WheelFR/Tire' does not match filename 'Comet_17'
UnityEngine.Debug:ExtractStackTraceNoAlloc (byte*,int,string)
UnityEngine.StackTraceUtility:ExtractStackTrace ()
BuildGame:BakeModels () (at Assets/Editor/BuildGame.cs:21)
BuildGame:Build () (at Assets/Editor/BuildGame.cs:24)

[Assets/Editor/BuildGame.cs line 21]

Imported 'GUID: dee38f8c318ed4b4b8c5ac32325a81bd' -> (Import Result ID: '7f4a184cf1471176d92d5ca73857721e') in 0.001 seconds [static dependencies only]. Details - ImportResultOutputID=2a662c031d888c5340c316f14bf8ea6f DependenciesID=4c0e75639af358b637747eb572eca503 StaticDependenciesID=89e16accaf6d3f7fe9ebffd7b3bf4f53 
Importing 'GUID: 0f4c55a8f9c8679439eba7f1ca6120aa - Path: Assets/Art/Meshes/Nomad_22.asset' with importer (NativeFormatImporter)
Main Object Name 'Nomad/combined/Body/Accent' does not match filename 'Nomad_22'
UnityEngine.Debug:ExtractStackTraceNoAlloc (byte*,int,string)
UnityEngine.StackTraceUtility:ExtractStackTrace ()
BuildGame:BakeModels () (at Assets/Editor/BuildGame.cs:21)
BuildGame:Build () (at Assets/Editor/BuildGame.cs:24)

[Assets/Editor/BuildGame.cs line 21]

Imported 'GUID: 0f4c55a8f9c8679439eba7f1ca6120aa' -> (Import Result ID: '92e18154c756e410cb208a8be0d06bfd') in 0.001 seconds [static dependencies only]. Details - ImportResultOutputID=9ffd4e93fbf0f3ebe1c260097e4d3b1b DependenciesID=80df4e073c72400a61e98732c50aed83 StaticDependenciesID=d4dc033b71fb051dbc85e26c29d05731 
Importing 'GUID: 1f295b0b89de7f04f8c715368e58a967 - Path: Assets/Art/Meshes/Spectre_20.asset' with importer (NativeFormatImporter)
Main Object Name 'Spectre/combined/WheelFL/Tire' does not match filename 'Spectre_20'
UnityEngine.Debug:ExtractStackTraceNoAlloc (byte*,int,string)
UnityEngine.StackTraceUtility:ExtractStackTrace ()
BuildGame:BakeModels () (at Assets/Editor/BuildGame.cs:21)
BuildGame:Build () (at Assets/Editor/BuildGame.cs:24)

[Assets/Editor/BuildGame.cs line 21]

Imported 'GUID: 1f295b0b89de7f04f8c715368e58a967' -> (Import Result ID: '7f07d039d680bb66bef8b931a53ba550') in 0.001 seconds [static dependencies only]. Details - ImportResultOutputID=1de121278a22641dfd57781ffbe73e8e DependenciesID=fa61036aba4c650419a96af08ac728cb StaticDependenciesID=fcdd365ce74433653d9f3f848ab58b60 
Importing 'GUID: 2f2f62d7613ae3b44a0c50fea4f20f22 - Path: Assets/Art/Meshes/Vanta_23.asset' with importer (NativeFormatImporter)
Main Object Name 'Vanta/combined/WheelFR/Tire' does not match filename 'Vanta_23'
UnityEngine.Debug:ExtractStackTraceNoAlloc (byte*,int,string)
UnityEngine.StackTraceUtility:ExtractStackTrace ()
BuildGame:BakeModels () (at Assets/Editor/BuildGame.cs:21)
BuildGame:Build () (at Assets/Editor/BuildGame.cs:24)

[Assets/Editor/BuildGame.cs line 21]

Imported 'GUID: 2f2f62d7613ae3b44a0c50fea4f20f22' -> (Import Result ID: '7bfc270ad549cffadf7a85819c40911e') in 0.001 seconds [static dependencies only]. Details - ImportResultOutputID=1e06b0828de4b01c3dd449ce5d53bdb5 DependenciesID=c1eddc5207771ab74813ef8feae3b909 StaticDependenciesID=764135242a435f749a0d6e01a6e44841 
Importing 'GUID: 4fe6c647edb7b404db950eaea16fc403 - Path: Assets/Art/Meshes/Nomad_12.asset' with importer (NativeFormatImporter)
Main Object Name 'Nomad/combined/WheelFL/Carbon' does not match filename 'Nomad_12'
UnityEngine.Debug:ExtractStackTraceNoAlloc (byte*,int,string)
UnityEngine.StackTraceUtility:ExtractStackTrace ()
BuildGame:BakeModels () (at Assets/Editor/BuildGame.cs:21)
BuildGame:Build () (at Assets/Editor/BuildGame.cs:24)

[Assets/Editor/BuildGame.cs line 21]

Imported 'GUID: 4fe6c647edb7b404db950eaea16fc403' -> (Import Result ID: '53ae59d2e5185987fce29b58ca777329') in 0.001 seconds [static dependencies only]. Details - ImportResultOutputID=8a14968357b85a8e5e1790e2093dd61a DependenciesID=c157ecb2def648aa112e809f3fdacd8b StaticDependenciesID=e5c1635408c76083286ab97680a5ef54 
Importing 'GUID: 5fe24cfbbdae2d3468dfa0ec5f5a336e - Path: Assets/Art/Meshes/TrackStation_4.asset' with importer (NativeFormatImporter)
Main Object Name 'TrackStation/combined/Body/Crystal' does not match filename 'TrackStation_4'
UnityEngine.Debug:ExtractStackTraceNoAlloc (byte*,int,string)
UnityEngine.StackTraceUtility:ExtractStackTrace ()
BuildGame:BakeModels () (at Assets/Editor/BuildGame.cs:21)
BuildGame:Build () (at Assets/Editor/BuildGame.cs:24)

[Assets/Editor/BuildGame.cs line 21]

Imported 'GUID: 5fe24cfbbdae2d3468dfa0ec5f5a336e' -> (Import Result ID: '0bfdbdeaf5e63a6d6ba8315c30e885eb') in 0.001 seconds [static dependencies only]. Details - ImportResultOutputID=7e88dd339e8c3070820dea7ee4fcc3bd DependenciesID=408b66cd81f39181f7295a63e47067e8 StaticDependenciesID=d5e432baa33e1ce3591cf60375c040c3 
Importing 'GUID: 5f8f0999f14c41141bb8ae7348604430 - Path: Assets/Art/Meshes/Miso_10.asset' with importer (NativeFormatImporter)
Main Object Name 'Miso/combined/WheelFR/Wheel' does not match filename 'Miso_10'
UnityEngine.Debug:ExtractStackTraceNoAlloc (byte*,int,string)
UnityEngine.StackTraceUtility:ExtractStackTrace ()
BuildGame:BakeModels () (at Assets/Editor/BuildGame.cs:21)
BuildGame:Build () (at Assets/Editor/BuildGame.cs:24)

[Assets/Editor/BuildGame.cs line 21]

Imported 'GUID: 5f8f0999f14c41141bb8ae7348604430' -> (Import Result ID: '98934cb624bab2c569ea6dd7c53eefe4') in 0.001 seconds [static dependencies only]. Details - ImportResultOutputID=f5d06596e68cf84ba4bc95ce4320800d DependenciesID=12bd3e30a9b6cd302f52f102133ec588 StaticDependenciesID=cd7da686eec1e552d0a2e9692cd96fe9 
Importing 'GUID: 6f2a39587ed46e24eb9f65267c263f8c - Path: Assets/Art/Meshes/Comet_4.asset' with importer (NativeFormatImporter)
Main Object Name 'Comet/combined/WheelRL/Tire' does not match filename 'Comet_4'
UnityEngine.Debug:ExtractStackTraceNoAlloc (byte*,int,string)
UnityEngine.StackTraceUtility:ExtractStackTrace ()
BuildGame:BakeModels () (at Assets/Editor/BuildGame.cs:21)
BuildGame:Build () (at Assets/Editor/BuildGame.cs:24)

[Assets/Editor/BuildGame.cs line 21]

Imported 'GUID: 6f2a39587ed46e24eb9f65267c263f8c' -> (Import Result ID: '9b9ecf733e3b69046879b72bdd3ef4f8') in 0.001 seconds [static dependencies only]. Details - ImportResultOutputID=6489169ab15a232a58fc1c0ddf4d4dff DependenciesID=8f4db84dab0ad5a473e2529b58d3412a StaticDependenciesID=105f3d09e6b4b9ca60e0ae397332974e 
Importing 'GUID: 7f4371fa6c237804e9dadec87eb53047 - Path: Assets/Art/Meshes/Miso_21.asset' with importer (NativeFormatImporter)
Main Object Name 'Miso/combined/WheelRR/Tire' does not match filename 'Miso_21'
UnityEngine.Debug:ExtractStackTraceNoAlloc (byte*,int,string)
UnityEngine.StackTraceUtility:ExtractStackTrace ()
BuildGame:BakeModels () (at Assets/Editor/BuildGame.cs:21)
BuildGame:Build () (at Assets/Editor/BuildGame.cs:24)

[Assets/Editor/BuildGame.cs line 21]

Imported 'GUID: 7f4371fa6c237804e9dadec87eb53047' -> (Import Result ID: '5c9ff684132c3c81c4bc64f0f780cdd0') in 0.001 seconds [static dependencies only]. Details - ImportResultOutputID=b01e5086150646d3a535dcd6f2447f7d DependenciesID=9db6600d90a367da0641e312267b49ec StaticDependenciesID=4e274363da6d6bf5eae90ed61ac6d6c6 
Importing 'GUID: bfef17318625e504a89145f266838b79 - Path: Assets/Art/Meshes/Vanta_7.asset' with importer (NativeFormatImporter)
Main Object Name 'Vanta/combined/WheelFL/Wheel' does not match filename 'Vanta_7'
UnityEngine.Debug:ExtractStackTraceNoAlloc (byte*,int,string)
UnityEngine.StackTraceUtility:ExtractStackTrace ()
BuildGame:BakeModels () (at Assets/Editor/BuildGame.cs:21)
BuildGame:Build () (at Assets/Editor/BuildGame.cs:24)

[Assets/Editor/BuildGame.cs line 21]

Imported 'GUID: bfef17318625e504a89145f266838b79' -> (Import Result ID: 'e30dddc09bfdb767a0638dcef011c8f2') in 0.000 seconds [static dependencies only]. Details - ImportResultOutputID=44c8e8e43d9e6306971992b0459487b5 DependenciesID=a5b88e3868db1c0b36e8cebb1e5d36c3 StaticDependenciesID=709e3e59702ccff0a5de8299e410e89a 
Importing 'GUID: cf4329e6c39437045b7d8e913518a8ed - Path: Assets/Art/Meshes/Comet_18.asset' with importer (NativeFormatImporter)
Main Object Name 'Comet/combined/Body/Carbon' does not match filename 'Comet_18'
UnityEngine.Debug:ExtractStackTraceNoAlloc (byte*,int,string)
UnityEngine.StackTraceUtility:ExtractStackTrace ()
BuildGame:BakeModels () (at Assets/Editor/BuildGame.cs:21)
BuildGame:Build () (at Assets/Editor/BuildGame.cs:24)

[Assets/Editor/BuildGame.cs line 21]

Imported 'GUID: cf4329e6c39437045b7d8e913518a8ed' -> (Import Result ID: '4dd8eb43006f4d2a2252816d195f9c9c') in 0.001 seconds [static dependencies only]. Details - ImportResultOutputID=855dea804b249e52f3c23cc154ee5ef6 DependenciesID=ca4a606ab8e764c353d060a81fa7b10d StaticDependenciesID=32fe3157a8ec1e14ea2dc63cd6cfbba5 
Importing 'GUID: df40b55108cae604eb40cf6c646005b3 - Path: Assets/Art/Meshes/Nomad_7.asset' with importer (NativeFormatImporter)
Main Object Name 'Nomad/combined/WheelRR/Metal' does not match filename 'Nomad_7'
UnityEngine.Debug:ExtractStackTraceNoAlloc (byte*,int,string)
UnityEngine.StackTraceUtility:ExtractStackTrace ()
BuildGame:BakeModels () (at Assets/Editor/BuildGame.cs:21)
BuildGame:Build () (at Assets/Editor/BuildGame.cs:24)

[Assets/Editor/BuildGame.cs line 21]

Imported 'GUID: df40b55108cae604eb40cf6c646005b3' -> (Import Result ID: '3f60b78583578571448743fab26af326') in 0.001 seconds [static dependencies only]. Details - ImportResultOutputID=4342872c0665643a729e073eabb7ad60 DependenciesID=584d8d9de8a8fa520a2250a31a2960c6 StaticDependenciesID=09b48af92c4133fe37b65fbc41fe6a04 
Asset Pipeline Refresh (id=355015a3d045855458dfddabe94a646a): Total: 0.118 seconds - Initiated by StopAssetImportingV2(NoUpdateAssetOptions)
Unloading 0 Unused Serialized files (Serialized files now loaded: 0)
Unloading 846 unused Assets / (4.5 MB). Loaded Objects now: 1238.
Memory consumption went from 234.1 MB to 229.6 MB.
Total: 14.172200 ms (FindLiveObjects: 0.551300 ms CreateObjectMapping: 0.057400 ms MarkObjects: 11.796300 ms  DeleteObjects: 1.180500 ms)

Importing 'GUID: a5929a916fe0d704c8269d79a17ca826 - Path: Assets/Scenes/AetherGrounds.unity' with importer (DefaultImporter)
Imported 'GUID: a5929a916fe0d704c8269d79a17ca826' -> (Import Result ID: '224855c09450de85fa94a72a99b78f01') in 0.001 seconds [static dependencies only]. Details - ImportResultOutputID=5891426d0f91369b943e8cdd2782b3c4 DependenciesID=9bcdd77994fec27ee7490d44dac484cb StaticDependenciesID=2cf9d6bf45ef0828580ec28e6af7edd0 
Asset Pipeline Refresh (id=fef82622250e8084895dda16ecfe0049): Total: 0.008 seconds - Initiated by StopAssetImportingV2(NoUpdateAssetOptions)
AcceleratorClientConnectionCallback - disconnected - :0
Importing 'GUID: 00000000000000004000000000000000 - Path: ProjectSettings/ProjectSettings.asset' with importer (LibraryAssetImporter)
Imported 'GUID: 00000000000000004000000000000000' -> (Import Result ID: 'c1b44e432f85f85ca914b1924a5da58a') in 0.001 seconds [static dependencies only]. Details - ImportResultOutputID=054c890a8f4b6dddbea933bc5e4b7df4 DependenciesID=9d0da0b52ef2d7de174c97a115b875f1 StaticDependenciesID=1156614ff87eba521cce40ba591aa09a 
Importing 'GUID: 00000000000000006100000000000000 - Path: ProjectSettings/GraphicsSettings.asset' with importer (LibraryAssetImporter)
Imported 'GUID: 00000000000000006100000000000000' -> (Import Result ID: '04bd109621d858021fd6e6993a5a710d') in 0.001 seconds [static dependencies only]. Details - ImportResultOutputID=a2dcdb8bc9503711bc0f2e2d72cfd36c DependenciesID=d267dc50618f7e8a27956967a69512a6 StaticDependenciesID=24036602ece0e5cc595e72e53ae84a68 
Asset Pipeline Refresh (id=b3618d6875507c34cae5572f5781d2f3): Total: 0.014 seconds - Initiated by StopAssetImportingV2(NoUpdateAssetOptions)
Starting: C:\Program Files\Unity\Hub\Editor\6000.6.0f1\Editor\Data\Tools\BuildPipeline\bee_backend.exe --ipc --defer-dag-verification --dagfile="Library/Bee/1900b0aESkipCompile.dag" --continue-on-failure --profile="Library/Bee/backend1.traceevents" ScriptAssembliesAndTypeDB
WorkingDir: A:/Python/aether-grounds
ExitCode: 0 Duration: 0s231ms
[2/3        0s] BuildPlayerDataGenerator Library/BuildPlayerData/Editor/TypeDb-All.json
*** Tundra build success (0.20 seconds), 1 items updated, 3 evaluated
Asset Pipeline Refresh (id=3f12e6a829e6ba34f82285c5e35c43d7): Total: 0.007 seconds - Initiated by RefreshV2(NoUpdateAssetOptions)
[ScriptCompilation] Requested script compilation because: Recompiling scripts for player build.
BuildPlayer: start building target 19
Starting: C:\Program Files\Unity\Hub\Editor\6000.6.0f1\Editor\Data\Tools\BuildPipeline\bee_backend.exe --ipc --defer-dag-verification --dagfile="Library/Bee/1900b0aPDev.dag" --continue-on-failure --profile="Library/Bee/backend1.traceevents" ScriptAssembliesAndTypeDB
WorkingDir: A:/Python/aether-grounds
Total cache size 266788968
Total cache size after purge 266788968, took 00:00:00.2352869
ExitCode: 0 Duration: 1s39ms
[92/99      0s] ILPP-Configuration Library/ilpp-configuration.nevergeneratedoutput
[93/99      0s] Csc Library/Bee/artifacts/1900b0aPDev.dag/Assembly-CSharp.dll (+2 others)
Assets\Scripts\PhysicsSmokeTest.cs(8,95): warning CS0618: 'Object.FindFirstObjectByType<T>()' is obsolete: 'FindFirstObjectByType has been deprecated because it relies on instance ID ordering. Use FindAnyObjectByType instead, which does not depend on ordering.'

Assets\Scripts\PhysicsSmokeTest.cs(13,48): warning CS0618: 'Object.FindFirstObjectByType<T>()' is obsolete: 'FindFirstObjectByType has been deprecated because it relies on instance ID ordering. Use FindAnyObjectByType instead, which does not depend on ordering.'

Assets\Scripts\PhysicsSmokeTest.cs(24,110): warning CS0618: 'Object.FindFirstObjectByType<T>()' is obsolete: 'FindFirstObjectByType has been deprecated because it relies on instance ID ordering. Use FindAnyObjectByType instead, which does not depend on ordering.'

Assets\Scripts\Game.cs(28,262): warning CS0618: 'FindObjectsSortMode' is obsolete: 'FindObjectsSortMode has been deprecated. Use the FindObjectsByType overloads that do not take a FindObjectsSortMode parameter.'

Assets\Scripts\Game.cs(28,236): warning CS0618: 'Object.FindObjectsByType<T>(FindObjectsSortMode)' is obsolete: 'FindObjectsByType with FindObjectsSortMode parameter has been deprecated. Use FindObjectsByType<T>() or FindObjectsByType<T>(FindObjectsInactive) instead. InstanceID will be replaced in the future with EntityId and previous sort order cannot be maintained.'

Assets\Scripts\Game.cs(54,131): warning CS0618: 'FindObjectsSortMode' is obsolete: 'FindObjectsSortMode has been deprecated. Use the FindObjectsByType overloads that do not take a FindObjectsSortMode parameter.'

Assets\Scripts\Game.cs(54,105): warning CS0618: 'Object.FindObjectsByType<T>(FindObjectsSortMode)' is obsolete: 'FindObjectsByType with FindObjectsSortMode parameter has been deprecated. Use FindObjectsByType<T>() or FindObjectsByType<T>(FindObjectsInactive) instead. InstanceID will be replaced in the future with EntityId and previous sort order cannot be maintained.'
[94/99      0s] ILPostProcess Library/Bee/artifacts/1900b0aPDev.dag/post-processed/Assembly-CSharp.dll (+pdb)
Processing assembly Library/Bee/artifacts/1900b0aPDev.dag/Assembly-CSharp.dll, with 140 defines and 218 references

processors: zzzUnity.Burst.CodeGen.BurstILPostProcessor

1 processor(s) skipped this assembly
[95/99      0s] CopyFiles Library/Bee/PlayerScriptAssemblies/Assembly-CSharp.pdb
[96/99      0s] CopyFiles Library/Bee/PlayerScriptAssemblies/Assembly-CSharp.dll
[98/99      0s] BuildPlayerDataGenerator Library/BuildPlayerData/Player/RuntimeInitializeOnLoads.json (+1 other)
*** Tundra build success (1.01 seconds), 6 items updated, 99 evaluated
Assets\Scripts\PhysicsSmokeTest.cs(8,95): warning CS0618: 'Object.FindFirstObjectByType<T>()' is obsolete: 'FindFirstObjectByType has been deprecated because it relies on instance ID ordering. Use FindAnyObjectByType instead, which does not depend on ordering.'
Assets\Scripts\PhysicsSmokeTest.cs(13,48): warning CS0618: 'Object.FindFirstObjectByType<T>()' is obsolete: 'FindFirstObjectByType has been deprecated because it relies on instance ID ordering. Use FindAnyObjectByType instead, which does not depend on ordering.'
Assets\Scripts\PhysicsSmokeTest.cs(24,110): warning CS0618: 'Object.FindFirstObjectByType<T>()' is obsolete: 'FindFirstObjectByType has been deprecated because it relies on instance ID ordering. Use FindAnyObjectByType instead, which does not depend on ordering.'
Assets\Scripts\Game.cs(28,262): warning CS0618: 'FindObjectsSortMode' is obsolete: 'FindObjectsSortMode has been deprecated. Use the FindObjectsByType overloads that do not take a FindObjectsSortMode parameter.'
Assets\Scripts\Game.cs(28,236): warning CS0618: 'Object.FindObjectsByType<T>(FindObjectsSortMode)' is obsolete: 'FindObjectsByType with FindObjectsSortMode parameter has been deprecated. Use FindObjectsByType<T>() or FindObjectsByType<T>(FindObjectsInactive) instead. InstanceID will be replaced in the future with EntityId and previous sort order cannot be maintained.'
Assets\Scripts\Game.cs(54,131): warning CS0618: 'FindObjectsSortMode' is obsolete: 'FindObjectsSortMode has been deprecated. Use the FindObjectsByType overloads that do not take a FindObjectsSortMode parameter.'
Assets\Scripts\Game.cs(54,105): warning CS0618: 'Object.FindObjectsByType<T>(FindObjectsSortMode)' is obsolete: 'FindObjectsByType with FindObjectsSortMode parameter has been deprecated. Use FindObjectsByType<T>() or FindObjectsByType<T>(FindObjectsInactive) instead. InstanceID will be replaced in the future with EntityId and previous sort order cannot be maintained.'
Rebuilding Data files because Assets/Scenes/AetherGrounds.unity is dirty (hash)


Mono dependencies included in the build
Dependency assembly - System.Windows.Forms.dll
Dependency assembly - System.IO.dll
Dependency assembly - System.Collections.NonGeneric.dll
Dependency assembly - System.Net.Ping.dll
Dependency assembly - I18N.Other.dll
Dependency assembly - System.Net.dll
Dependency assembly - System.Workflow.Activities.dll
Dependency assembly - System.Buffers.dll
Dependency assembly - System.Net.HttpListener.dll
Dependency assembly - Microsoft.Web.Infrastructure.dll
Dependency assembly - System.ServiceModel.NetTcp.dll
Dependency assembly - Mono.Tasklets.dll
Dependency assembly - System.Workflow.Runtime.dll
Dependency assembly - System.Net.AuthenticationManager.dll
Dependency assembly - System.Core.dll
Dependency assembly - System.Diagnostics.Debug.dll
Dependency assembly - cscompmgd.dll
Dependency assembly - Mono.Security.Win32.dll
Dependency assembly - Mono.Data.Sqlite.dll
Dependency assembly - System.Data.DataSetExtensions.dll
Dependency assembly - System.Net.NameResolution.dll
Dependency assembly - Mono.WebBrowser.dll
Dependency assembly - System.Drawing.Design.dll
Dependency assembly - System.Net.Http.Formatting.dll
Dependency assembly - System.IO.FileSystem.DriveInfo.dll
Dependency assembly - System.Dynamic.Runtime.dll
Dependency assembly - System.IO.Pipes.dll
Dependency assembly - System.Web.DynamicData.dll
Dependency assembly - System.Web.Mvc.dll
Dependency assembly - System.Reflection.Extensions.dll
Dependency assembly - System.Dynamic.dll
Dependency assembly - System.Security.AccessControl.dll
Dependency assembly - System.Threading.AccessControl.dll
Dependency assembly - Microsoft.Extensions.Logging.Abstractions.dll
Dependency assembly - I18N.Rare.dll
Dependency assembly - System.Web.Extensions.dll
Dependency assembly - System.ObjectModel.dll
Dependency assembly - System.Transactions.dll
Dependency assembly - Mono.Messaging.RabbitMQ.dll
Dependency assembly - WebMatrix.Data.dll
Dependency assembly - System.Reactive.Runtime.Remoting.dll
Dependency assembly - System.Xml.Serialization.dll
Dependency assembly - System.IO.FileSystem.Watcher.dll
Dependency assembly - Microsoft.Win32.Registry.AccessControl.dll
Dependency assembly - System.Reactive.Windows.Forms.dll
Dependency assembly - System.IO.FileSystem.Primitives.dll
Dependency assembly - System.IO.MemoryMappedFiles.dll
Dependency assembly - System.IO.FileSystem.dll
Dependency assembly - Assembly-CSharp.dll
Dependency assembly - System.Data.Services.dll
Dependency assembly - System.IO.FileSystem.AccessControl.dll
Dependency assembly - System.Resources.ResourceManager.dll
Dependency assembly - System.Text.Encoding.dll
Dependency assembly - System.Security.Cryptography.Primitives.dll
Dependency assembly - System.Web.Routing.dll
Dependency assembly - System.Messaging.dll
Dependency assembly - System.Reflection.Emit.Lightweight.dll
Dependency assembly - System.ServiceModel.Discovery.dll
Dependency assembly - System.Web.Abstractions.dll
Dependency assembly - SystemWebTestShim.dll
Dependency assembly - System.Reflection.Primitives.dll
Dependency assembly - Mono.Data.Tds.dll
Dependency assembly - Microsoft.Win32.Primitives.dll
Dependency assembly - PEAPI.dll
Dependency assembly - Mono.Messaging.dll
Dependency assembly - System.Runtime.Serialization.Primitives.dll
Dependency assembly - System.Xml.XPath.XDocument.dll
Dependency assembly - System.Drawing.dll
Dependency assembly - System.Security.Cryptography.Encryption.dll
Dependency assembly - System.Resources.Reader.dll
Dependency assembly - System.Runtime.DurableInstancing.dll
Dependency assembly - System.ValueTuple.dll
Dependency assembly - System.DirectoryServices.Protocols.dll
Dependency assembly - Microsoft.Win32.Registry.dll
Dependency assembly - System.Security.Cryptography.DeriveBytes.dll
Dependency assembly - System.Security.Cryptography.Hashing.dll
Dependency assembly - System.Security.Cryptography.X509Certificates.dll
Dependency assembly - System.Security.dll
Dependency assembly - System.Json.dll
Dependency assembly - System.Reactive.Observable.Aliases.dll
Dependency assembly - System.Diagnostics.Tracing.dll
Dependency assembly - System.IO.Compression.dll
Dependency assembly - System.Resources.Writer.dll
Dependency assembly - System.Data.Common.dll
Dependency assembly - System.Threading.Tasks.dll
Dependency assembly - System.Security.Cryptography.Pkcs.dll
Dependency assembly - System.Numerics.Vectors.dll
Dependency assembly - System.Xml.XmlDocument.dll
Dependency assembly - System.Console.dll
Dependency assembly - System.Net.ServicePoint.dll
Dependency assembly - Mono.XBuild.Tasks.dll
Dependency assembly - I18N.West.dll
Dependency assembly - System.Reactive.Debugger.dll
Dependency assembly - System.ComponentModel.TypeConverter.dll
Dependency assembly - System.ServiceModel.Primitives.dll
Dependency assembly - System.Security.Cryptography.Encryption.Aes.dll
Dependency assembly - System.Reactive.Interfaces.dll
Dependency assembly - System.Runtime.Caching.dll
Dependency assembly - System.IO.UnmanagedMemoryStream.dll
Dependency assembly - System.Security.Cryptography.Csp.dll
Dependency assembly - System.Web.dll
Dependency assembly - System.Web.Mobile.dll
Dependency assembly - System.Runtime.Serialization.Xml.dll
Dependency assembly - System.Diagnostics.Contracts.dll
Dependency assembly - System.Diagnostics.TextWriterTraceListener.dll
Dependency assembly - System.Runtime.Numerics.dll
Dependency assembly - Mono.C5.dll
Dependency assembly - System.Xml.ReaderWriter.dll
Dependency assembly - Microsoft.Build.Utilities.v4.0.dll
Dependency assembly - Microsoft.Build.Tasks.v4.0.dll
Dependency assembly - System.ServiceModel.Internals.dll
Dependency assembly - System.ServiceProcess.ServiceController.dll
Dependency assembly - System.Reactive.Experimental.dll
Dependency assembly - Microsoft.Build.Engine.dll
Dependency assembly - System.Linq.Expressions.dll
Dependency assembly - System.Security.Cryptography.OpenSsl.dll
Dependency assembly - System.Reactive.Core.dll
Dependency assembly - System.Security.Principal.dll
Dependency assembly - System.Security.Principal.Windows.dll
Dependency assembly - System.Memory.dll
Dependency assembly - System.Diagnostics.StackTrace.dll
Dependency assembly - System.Design.dll
Dependency assembly - ICSharpCode.SharpZipLib.dll
Dependency assembly - System.Security.Cryptography.Cng.dll
Dependency assembly - System.Collections.dll
Dependency assembly - System.ServiceModel.Http.dll
Dependency assembly - System.Security.Cryptography.ProtectedData.dll
Dependency assembly - System.ComponentModel.Annotations.dll
Dependency assembly - System.Net.Mail.dll
Dependency assembly - Mono.Btls.Interface.dll
Dependency assembly - System.Numerics.dll
Dependency assembly - System.Data.OracleClient.dll
Dependency assembly - I18N.MidEast.dll
Dependency assembly - System.ServiceModel.Activation.dll
Dependency assembly - System.Text.Json.dll
Dependency assembly - System.ComponentModel.dll
Dependency assembly - CustomMarshalers.dll
Dependency assembly - System.Data.Entity.dll
Dependency assembly - System.Diagnostics.Tools.dll
Dependency assembly - System.Net.WebSockets.dll
Dependency assembly - System.Runtime.dll
Dependency assembly - System.ServiceModel.Web.dll
Dependency assembly - System.Text.Encodings.Web.dll
Dependency assembly - System.Runtime.InteropServices.WindowsRuntime.dll
Dependency assembly - System.Net.Primitives.dll
Dependency assembly - System.Reflection.TypeExtensions.dll
Dependency assembly - System.Text.Encoding.CodePages.dll
Dependency assembly - System.Collections.Immutable.dll
Dependency assembly - Mono.Posix.dll
Dependency assembly - Mono.Security.dll
Dependency assembly - System.Web.Services.dll
Dependency assembly - System.Net.Cache.dll
Dependency assembly - System.Web.WebPages.dll
Dependency assembly - System.Reactive.Linq.dll
Dependency assembly - System.Net.NetworkInformation.dll
Dependency assembly - System.Diagnostics.Process.dll
Dependency assembly - System.Security.Cryptography.RSA.dll
Dependency assembly - Microsoft.Extensions.DependencyInjection.Abstractions.dll
Dependency assembly - System.Threading.ThreadPool.dll
Dependency assembly - System.Drawing.Primitives.dll
Dependency assembly - Accessibility.dll
Dependency assembly - System.Data.Linq.dll
Dependency assembly - System.Deployment.dll
Dependency assembly - System.Reflection.Emit.dll
Dependency assembly - System.Threading.Tasks.Extensions.dll
Dependency assembly - System.Workflow.ComponentModel.dll
Dependency assembly - System.Runtime.Extensions.dll
Dependency assembly - System.Reactive.PlatformServices.dll
Dependency assembly - Mono.Cairo.dll
Dependency assembly - System.Linq.dll
Dependency assembly - System.IO.IsolatedStorage.dll
Dependency assembly - Mono.Management.dll
Dependency assembly - System.Runtime.CompilerServices.Unsafe.dll
Dependency assembly - System.Web.Http.dll
Dependency assembly - System.Runtime.Loader.dll
Dependency assembly - System.Text.Encoding.Extensions.dll
Dependency assembly - Microsoft.Build.Framework.dll
Dependency assembly - System.Net.Http.Rtc.dll
Dependency assembly - System.Xml.Linq.dll
Dependency assembly - Mono.Simd.dll
Dependency assembly - System.Security.Cryptography.Encoding.dll
Dependency assembly - System.Security.Cryptography.Encryption.ECDsa.dll
Dependency assembly - System.IO.Compression.FileSystem.dll
Dependency assembly - System.ServiceModel.Routing.dll
Dependency assembly - System.Web.WebPages.Razor.dll
Dependency assembly - System.Resources.ReaderWriter.dll
Dependency assembly - System.Reflection.DispatchProxy.dll
Dependency assembly - Mono.CompilerServices.SymbolWriter.dll
Dependency assembly - System.ServiceModel.dll
Dependency assembly - Mono.CSharp.dll
Dependency assembly - System.Xml.XDocument.dll
Dependency assembly - System.Windows.Forms.DataVisualization.dll
Dependency assembly - System.Reflection.Metadata.dll
Dependency assembly - System.ServiceProcess.dll
Dependency assembly - I18N.dll
Dependency assembly - System.Collections.Concurrent.dll
Dependency assembly - System.Web.Extensions.Design.dll
Dependency assembly - System.Runtime.InteropServices.RuntimeInformation.dll
Dependency assembly - System.Threading.Tasks.Dataflow.dll
Dependency assembly - Mono.Options.dll
Dependency assembly - System.Web.ApplicationServices.dll
Dependency assembly - System.Globalization.Calendars.dll
Dependency assembly - System.Web.WebPages.Deployment.dll
Dependency assembly - System.Diagnostics.FileVersionInfo.dll
Dependency assembly - System.Xml.XPath.dll
Dependency assembly - RabbitMQ.Client.dll
Dependency assembly - Microsoft.Bcl.AsyncInterfaces.dll
Dependency assembly - System.Net.Utilities.dll
Dependency assembly - System.Collections.Specialized.dll
Dependency assembly - System.Net.WebHeaderCollection.dll
Dependency assembly - System.Security.SecureString.dll
Dependency assembly - System.dll
Dependency assembly - System.Xml.XPath.XmlDocument.dll
Dependency assembly - System.Management.dll
Dependency assembly - System.Runtime.Remoting.dll
Dependency assembly - System.Configuration.dll
Dependency assembly - System.Diagnostics.TraceEvent.dll
Dependency assembly - System.Runtime.Serialization.Json.dll
Dependency assembly - System.Reflection.Emit.ILGeneration.dll
Dependency assembly - System.Xaml.dll
Dependency assembly - System.Net.Http.dll
Dependency assembly - System.Xml.Xsl.Primitives.dll
Dependency assembly - System.Web.Http.SelfHost.dll
Dependency assembly - System.Security.Claims.dll
Dependency assembly - System.Security.Cryptography.Hashing.Algorithms.dll
Dependency assembly - System.ComponentModel.Composition.dll
Dependency assembly - System.ComponentModel.EventBasedAsync.dll
Dependency assembly - System.Diagnostics.TraceSource.dll
Dependency assembly - System.IO.Compression.ZipFile.dll
Dependency assembly - System.Data.Services.Client.dll
Dependency assembly - Mono.Http.dll
Dependency assembly - System.Web.Http.WebHost.dll
Dependency assembly - System.Threading.Overlapped.dll
Dependency assembly - Mono.Profiler.Log.dll
Dependency assembly - System.Reflection.dll
Dependency assembly - Commons.Xml.Relaxng.dll
Dependency assembly - System.Xml.dll
Dependency assembly - System.Linq.Parallel.dll
Dependency assembly - mscorlib.dll
Dependency assembly - I18N.CJK.dll
Dependency assembly - System.Threading.dll
Dependency assembly - System.Runtime.Serialization.Formatters.Soap.dll
Dependency assembly - System.Reactive.Windows.Threading.dll
Dependency assembly - System.ServiceModel.Duplex.dll
Dependency assembly - System.Data.dll
Dependency assembly - System.Threading.Timer.dll
Dependency assembly - System.AppContext.dll
Dependency assembly - System.ServiceModel.Security.dll
Dependency assembly - System.Globalization.Extensions.dll
Dependency assembly - Microsoft.VisualC.dll
Dependency assembly - System.Text.RegularExpressions.dll
Dependency assembly - System.Runtime.InteropServices.dll
Dependency assembly - System.Configuration.Install.dll
Dependency assembly - monodoc.dll
Dependency assembly - System.Security.Cryptography.Algorithms.dll
Dependency assembly - Mono.Parallel.dll
Dependency assembly - System.Threading.Thread.dll
Dependency assembly - System.IdentityModel.dll
Dependency assembly - Microsoft.Build.dll
Dependency assembly - System.Windows.dll
Dependency assembly - IBM.Data.DB2.dll
Dependency assembly - System.Threading.Tasks.Parallel.dll
Dependency assembly - System.Net.Http.WebRequest.dll
Dependency assembly - System.IO.Hashing.dll
Dependency assembly - System.Net.Sockets.dll
Dependency assembly - System.Runtime.CompilerServices.VisualC.dll
Dependency assembly - System.Data.SqlClient.dll
Dependency assembly - System.Diagnostics.DiagnosticSource.dll
Dependency assembly - System.Net.Security.dll
Dependency assembly - System.Linq.Queryable.dll
Dependency assembly - System.Security.Cryptography.Encryption.ECDiffieHellman.dll
Dependency assembly - Microsoft.CSharp.dll
Dependency assembly - System.EnterpriseServices.dll
Dependency assembly - System.Web.RegularExpressions.dll
Dependency assembly - System.ComponentModel.Primitives.dll
Dependency assembly - netstandard.dll
Dependency assembly - SMDiagnostics.dll
Dependency assembly - System.Net.WebSockets.Client.dll
Dependency assembly - System.IdentityModel.Selectors.dll
Dependency assembly - System.ComponentModel.DataAnnotations.dll
Dependency assembly - WindowsBase.dll
Dependency assembly - System.Runtime.Serialization.dll
Dependency assembly - System.Web.Razor.dll
Dependency assembly - System.Json.Microsoft.dll
Dependency assembly - System.Runtime.Handles.dll
Dependency assembly - Novell.Directory.Ldap.dll
Dependency assembly - System.Reflection.Context.dll
Dependency assembly - System.Globalization.dll
Dependency assembly - System.Runtime.Serialization.Formatters.dll
Dependency assembly - System.Net.Requests.dll
Dependency assembly - System.Security.Cryptography.RandomNumberGenerator.dll
Dependency assembly - System.Xml.XmlSerializer.dll
Dependency assembly - System.Reactive.Providers.dll
Dependency assembly - System.DirectoryServices.dll

Opening scene 'Assets/Scenes/AetherGrounds.unity'
Unloading 2 Unused Serialized files (Serialized files now loaded: 0)
Loaded scene 'Assets/Scenes/AetherGrounds.unity'
	Deserialize:            0.764 ms
	Integration:            6.452 ms
	Integration of assets:  0.002 ms
	Thread Wait Time:       0.010 ms
	Total Operation Time:   7.228 ms
Unloading 28 unused Assets / (0.8 MB). Loaded Objects now: 1521.
Memory consumption went from 238.0 MB to 237.2 MB.
Total: 6.773100 ms (FindLiveObjects: 0.194100 ms CreateObjectMapping: 0.023800 ms MarkObjects: 6.048300 ms  DeleteObjects: 0.380700 ms)

Unloading 14 Unused Serialized files (Serialized files now loaded: 0)
Unloading 176 unused Assets / (1.0 MB). Loaded Objects now: 1258.
Memory consumption went from 236.7 MB to 235.7 MB.
Total: 6.440100 ms (FindLiveObjects: 0.149500 ms CreateObjectMapping: 0.019600 ms MarkObjects: 5.721500 ms  DeleteObjects: 0.430500 ms)

Unloading 0 Unused Serialized files (Serialized files now loaded: 0)
Unloading 0 unused Assets / (Unknown). Loaded Objects now: 1258.
Memory consumption went from 233.8 MB to 233.8 MB.
Total: 6.154100 ms (FindLiveObjects: 0.218600 ms CreateObjectMapping: 0.012900 ms MarkObjects: 5.789500 ms  DeleteObjects: 0.005900 ms)

Total cache size 266788968
Total cache size after purge 266788968, took 00:00:00.2631682
Unloading 1 Unused Serialized files (Serialized files now loaded: 0)
Unloading 177 unused Assets / (149.0 MB). Loaded Objects now: 1258.
Memory consumption went from 383.9 MB to 234.8 MB.
Total: 18.028400 ms (FindLiveObjects: 0.187700 ms CreateObjectMapping: 0.026700 ms MarkObjects: 6.415300 ms  DeleteObjects: 11.275800 ms)

Compiling shader "Aether/Shield"
  Pass "" (vp)
    Target graphics API: dx11
    Full variant space:         1
    After settings filtering:   1
    After built-in stripping:   1
    After scriptable stripping: 1
    Processed in 0.01 seconds
    Target graphics API: dx12
    Full variant space:         1
    After settings filtering:   1
    After built-in stripping:   1
    After scriptable stripping: 1
    Processed in 0.00 seconds
  Pass "" (fp)
    Target graphics API: dx11
    Full variant space:         1
    After settings filtering:   1
    After built-in stripping:   1
    After scriptable stripping: 1
    Processed in 0.00 seconds
    Target graphics API: dx12
    Full variant space:         1
    After settings filtering:   1
    After built-in stripping:   1
    After scriptable stripping: 1
    Processed in 0.00 seconds
  Pass  (vp, dx11) finished in 0.00 seconds. Local cache hits 1 (0.00s CPU time), remote cache hits 0 (0.00s CPU time), compiled 0 variants (0.00s CPU time), skipped 0 variants.
  Pass  (vp, dx12) finished in 0.00 seconds. Local cache hits 1 (0.00s CPU time), remote cache hits 0 (0.00s CPU time), compiled 0 variants (0.00s CPU time), skipped 0 variants.
    Prepared data for serialisation in 0.00s
  Pass  (fp, dx11) finished in 0.00 seconds. Local cache hits 1 (0.00s CPU time), remote cache hits 0 (0.00s CPU time), compiled 0 variants (0.00s CPU time), skipped 0 variants.
  Pass  (fp, dx12) finished in 0.00 seconds. Local cache hits 1 (0.00s CPU time), remote cache hits 0 (0.00s CPU time), compiled 0 variants (0.00s CPU time), skipped 0 variants.
    Prepared data for serialisation in 0.00s
Serialized binary data for shader Aether/Shield in 0.00s
    dx11 (total internal programs: 2, unique: 2)
    dx12 (total internal programs: 2, unique: 2)
Compiling shader "Aether/Sky"
  Pass "" (vp)
    Target graphics API: dx11
    Full variant space:         1
    After settings filtering:   1
    After built-in stripping:   1
    After scriptable stripping: 1
    Processed in 0.00 seconds
    Target graphics API: dx12
    Full variant space:         1
    After settings filtering:   1
    After built-in stripping:   1
    After scriptable stripping: 1
    Processed in 0.00 seconds
  Pass "" (fp)
    Target graphics API: dx11
    Full variant space:         1
    After settings filtering:   1
    After built-in stripping:   1
    After scriptable stripping: 1
    Processed in 0.00 seconds
    Target graphics API: dx12
    Full variant space:         1
    After settings filtering:   1
    After built-in stripping:   1
    After scriptable stripping: 1
    Processed in 0.00 seconds
  Pass  (vp, dx11) finished in 0.00 seconds. Local cache hits 1 (0.00s CPU time), remote cache hits 0 (0.00s CPU time), compiled 0 variants (0.00s CPU time), skipped 0 variants.
  Pass  (vp, dx12) finished in 0.00 seconds. Local cache hits 1 (0.00s CPU time), remote cache hits 0 (0.00s CPU time), compiled 0 variants (0.00s CPU time), skipped 0 variants.
    Prepared data for serialisation in 0.00s
  Pass  (fp, dx11) finished in 0.00 seconds. Local cache hits 1 (0.00s CPU time), remote cache hits 0 (0.00s CPU time), compiled 0 variants (0.00s CPU time), skipped 0 variants.
  Pass  (fp, dx12) finished in 0.00 seconds. Local cache hits 1 (0.00s CPU time), remote cache hits 0 (0.00s CPU time), compiled 0 variants (0.00s CPU time), skipped 0 variants.
    Prepared data for serialisation in 0.00s
Serialized binary data for shader Aether/Sky in 0.00s
    dx11 (total internal programs: 2, unique: 2)
    dx12 (total internal programs: 2, unique: 2)
Compiling shader "Aether/Toon"
  Pass "" (vp)
    Target graphics API: dx11
    Full variant space:         332
    After settings filtering:   332
    After built-in stripping:   8
    After scriptable stripping: 8
    Processed in 0.00 seconds
    Target graphics API: dx12
    Full variant space:         332
    After settings filtering:   332
    After built-in stripping:   8
    After scriptable stripping: 8
    Processed in 0.00 seconds
  Pass "" (fp)
    Target graphics API: dx11
    Full variant space:         252
    After settings filtering:   252
    After built-in stripping:   4
    After scriptable stripping: 4
    Processed in 0.00 seconds
    Target graphics API: dx12
    Full variant space:         252
    After settings filtering:   252
    After built-in stripping:   4
    After scriptable stripping: 4
    Processed in 0.00 seconds
  Pass "" (vp)
    Target graphics API: dx11
    Full variant space:         1
    After settings filtering:   1
    After built-in stripping:   1
    After scriptable stripping: 1
    Processed in 0.00 seconds
    Target graphics API: dx12
    Full variant space:         1
    After settings filtering:   1
    After built-in stripping:   1
    After scriptable stripping: 1
    Processed in 0.00 seconds
  Pass "" (fp)
    Target graphics API: dx11
    Full variant space:         1
    After settings filtering:   1
    After built-in stripping:   1
    After scriptable stripping: 1
    Processed in 0.00 seconds
    Target graphics API: dx12
    Full variant space:         1
    After settings filtering:   1
    After built-in stripping:   1
    After scriptable stripping: 1
    Processed in 0.00 seconds
  Pass  (vp, dx11) finished in 0.00 seconds. Local cache hits 8 (0.00s CPU time), remote cache hits 0 (0.00s CPU time), compiled 0 variants (0.00s CPU time), skipped 0 variants.
  Pass  (vp, dx12) finished in 0.00 seconds. Local cache hits 8 (0.00s CPU time), remote cache hits 0 (0.00s CPU time), compiled 0 variants (0.00s CPU time), skipped 0 variants.
    Prepared data for serialisation in 0.00s
  Pass  (fp, dx11) finished in 0.00 seconds. Local cache hits 4 (0.00s CPU time), remote cache hits 0 (0.00s CPU time), compiled 0 variants (0.00s CPU time), skipped 0 variants.
  Pass  (fp, dx12) finished in 0.00 seconds. Local cache hits 4 (0.00s CPU time), remote cache hits 0 (0.00s CPU time), compiled 0 variants (0.00s CPU time), skipped 0 variants.
    Prepared data for serialisation in 0.00s
  Pass  (vp, dx11) finished in 0.00 seconds. Local cache hits 1 (0.00s CPU time), remote cache hits 0 (0.00s CPU time), compiled 0 variants (0.00s CPU time), skipped 0 variants.
  Pass  (vp, dx12) finished in 0.00 seconds. Local cache hits 1 (0.00s CPU time), remote cache hits 0 (0.00s CPU time), compiled 0 variants (0.00s CPU time), skipped 0 variants.
    Prepared data for serialisation in 0.00s
  Pass  (fp, dx11) finished in 0.00 seconds. Local cache hits 1 (0.00s CPU time), remote cache hits 0 (0.00s CPU time), compiled 0 variants (0.00s CPU time), skipped 0 variants.
  Pass  (fp, dx12) finished in 0.00 seconds. Local cache hits 1 (0.00s CPU time), remote cache hits 0 (0.00s CPU time), compiled 0 variants (0.00s CPU time), skipped 0 variants.
    Prepared data for serialisation in 0.00s
Serialized binary data for shader Aether/Toon in 0.00s
    dx11 (total internal programs: 14, unique: 14)
    dx12 (total internal programs: 14, unique: 14)
Compiling shader "Skybox/Procedural"
  Pass "" (vp)
    Target graphics API: dx11
    Full variant space:         3
    After settings filtering:   3
    After built-in stripping:   3
    After scriptable stripping: 3
    Processed in 0.00 seconds
    Target graphics API: dx12
    Full variant space:         3
    After settings filtering:   3
    After built-in stripping:   3
    After scriptable stripping: 3
    Processed in 0.00 seconds
  Pass "" (fp)
    Target graphics API: dx11
    Full variant space:         3
    After settings filtering:   3
    After built-in stripping:   3
    After scriptable stripping: 3
    Processed in 0.00 seconds
    Target graphics API: dx12
    Full variant space:         3
    After settings filtering:   3
    After built-in stripping:   3
    After scriptable stripping: 3
    Processed in 0.00 seconds
  Pass  (vp, dx11) finished in 0.00 seconds. Local cache hits 3 (0.00s CPU time), remote cache hits 0 (0.00s CPU time), compiled 0 variants (0.00s CPU time), skipped 0 variants.
  Pass  (vp, dx12) finished in 0.00 seconds. Local cache hits 3 (0.00s CPU time), remote cache hits 0 (0.00s CPU time), compiled 0 variants (0.00s CPU time), skipped 0 variants.
    Prepared data for serialisation in 0.00s
  Pass  (fp, dx11) finished in 0.00 seconds. Local cache hits 3 (0.00s CPU time), remote cache hits 0 (0.00s CPU time), compiled 0 variants (0.00s CPU time), skipped 0 variants.
  Pass  (fp, dx12) finished in 0.00 seconds. Local cache hits 3 (0.00s CPU time), remote cache hits 0 (0.00s CPU time), compiled 0 variants (0.00s CPU time), skipped 0 variants.
    Prepared data for serialisation in 0.00s
Serialized binary data for shader Skybox/Procedural in 0.00s
    dx11 (total internal programs: 6, unique: 6)
    dx12 (total internal programs: 6, unique: 6)
Compiling shader "Legacy Shaders/VertexLit"
  Pass "" (vp)
    Target graphics API: dx11
    Full variant space:         12
    After settings filtering:   12
    After built-in stripping:   3
    After scriptable stripping: 3
    Processed in 0.00 seconds
    Target graphics API: dx12
    Full variant space:         12
    After settings filtering:   12
    After built-in stripping:   3
    After scriptable stripping: 3
    Processed in 0.00 seconds
  Pass "" (fp)
    Target graphics API: dx11
    Full variant space:         12
    After settings filtering:   12
    After built-in stripping:   3
    After scriptable stripping: 3
    Processed in 0.00 seconds
    Target graphics API: dx12
    Full variant space:         12
    After settings filtering:   12
    After built-in stripping:   3
    After scriptable stripping: 3
    Processed in 0.00 seconds
  Pass "" (vp)
    Target graphics API: dx11
    Full variant space:         4
    After settings filtering:   4
    After built-in stripping:   1
    After scriptable stripping: 1
    Processed in 0.00 seconds
    Target graphics API: dx12
    Full variant space:         4
    After settings filtering:   4
    After built-in stripping:   1
    After scriptable stripping: 1
    Processed in 0.00 seconds
  Pass "" (fp)
    Target graphics API: dx11
    Full variant space:         4
    After settings filtering:   4
    After built-in stripping:   1
    After scriptable stripping: 1
    Processed in 0.00 seconds
    Target graphics API: dx12
    Full variant space:         4
    After settings filtering:   4
    After built-in stripping:   1
    After scriptable stripping: 1
    Processed in 0.00 seconds
  Pass "ShadowCaster" (vp)
    Target graphics API: dx11
    Full variant space:         4
    After settings filtering:   4
    After built-in stripping:   2
    After scriptable stripping: 2
    Processed in 0.00 seconds
    Target graphics API: dx12
    Full variant space:         4
    After settings filtering:   4
    After built-in stripping:   2
    After scriptable stripping: 2
    Processed in 0.00 seconds
  Pass "ShadowCaster" (fp)
    Target graphics API: dx11
    Full variant space:         4
    After settings filtering:   4
    After built-in stripping:   2
    After scriptable stripping: 2
    Processed in 0.00 seconds
    Target graphics API: dx12
    Full variant space:         4
    After settings filtering:   4
    After built-in stripping:   2
    After scriptable stripping: 2
    Processed in 0.00 seconds
  Pass  (vp, dx11) finished in 0.00 seconds. Local cache hits 3 (0.00s CPU time), remote cache hits 0 (0.00s CPU time), compiled 0 variants (0.00s CPU time), skipped 0 variants.
  Pass  (vp, dx12) finished in 0.00 seconds. Local cache hits 3 (0.00s CPU time), remote cache hits 0 (0.00s CPU time), compiled 0 variants (0.00s CPU time), skipped 0 variants.
    Prepared data for serialisation in 0.00s
  Pass  (fp, dx11) finished in 0.00 seconds. Local cache hits 3 (0.00s CPU time), remote cache hits 0 (0.00s CPU time), compiled 0 variants (0.00s CPU time), skipped 0 variants.
  Pass  (fp, dx12) finished in 0.00 seconds. Local cache hits 3 (0.00s CPU time), remote cache hits 0 (0.00s CPU time), compiled 0 variants (0.00s CPU time), skipped 0 variants.
    Prepared data for serialisation in 0.00s
  Pass  (vp, dx11) finished in 0.00 seconds. Local cache hits 1 (0.00s CPU time), remote cache hits 0 (0.00s CPU time), compiled 0 variants (0.00s CPU time), skipped 0 variants.
  Pass  (vp, dx12) finished in 0.00 seconds. Local cache hits 1 (0.00s CPU time), remote cache hits 0 (0.00s CPU time), compiled 0 variants (0.00s CPU time), skipped 0 variants.
    Prepared data for serialisation in 0.00s
  Pass  (fp, dx11) finished in 0.00 seconds. Local cache hits 1 (0.00s CPU time), remote cache hits 0 (0.00s CPU time), compiled 0 variants (0.00s CPU time), skipped 0 variants.
  Pass  (fp, dx12) finished in 0.00 seconds. Local cache hits 1 (0.00s CPU time), remote cache hits 0 (0.00s CPU time), compiled 0 variants (0.00s CPU time), skipped 0 variants.
    Prepared data for serialisation in 0.00s
  Pass ShadowCaster (vp, dx11) finished in 0.00 seconds. Local cache hits 2 (0.00s CPU time), remote cache hits 0 (0.00s CPU time), compiled 0 variants (0.00s CPU time), skipped 0 variants.
  Pass ShadowCaster (vp, dx12) finished in 0.00 seconds. Local cache hits 2 (0.00s CPU time), remote cache hits 0 (0.00s CPU time), compiled 0 variants (0.00s CPU time), skipped 0 variants.
    Prepared data for serialisation in 0.00s
  Pass ShadowCaster (fp, dx11) finished in 0.00 seconds. Local cache hits 2 (0.00s CPU time), remote cache hits 0 (0.00s CPU time), compiled 0 variants (0.00s CPU time), skipped 0 variants.
  Pass ShadowCaster (fp, dx12) finished in 0.00 seconds. Local cache hits 2 (0.00s CPU time), remote cache hits 0 (0.00s CPU time), compiled 0 variants (0.00s CPU time), skipped 0 variants.
    Prepared data for serialisation in 0.00s
Serialized binary data for shader Legacy Shaders/VertexLit in 0.00s
    dx11 (total internal programs: 12, unique: 12)
    dx12 (total internal programs: 12, unique: 12)
Compiling shader "Legacy Shaders/Diffuse"
  Pass "FORWARD" (vp)
    Target graphics API: dx11
    Full variant space:         664
    After settings filtering:   664
    After built-in stripping:   8
    After scriptable stripping: 8
    Processed in 0.00 seconds
    Target graphics API: dx12
    Full variant space:         664
    After settings filtering:   664
    After built-in stripping:   8
    After scriptable stripping: 8
    Processed in 0.00 seconds
  Pass "FORWARD" (fp)
    Target graphics API: dx11
    Full variant space:         504
    After settings filtering:   504
    After built-in stripping:   4
    After scriptable stripping: 4
    Processed in 0.00 seconds
    Target graphics API: dx12
    Full variant space:         504
    After settings filtering:   504
    After built-in stripping:   4
    After scriptable stripping: 4
    Processed in 0.00 seconds
  Pass "FORWARD" (vp)
    Target graphics API: dx11
    Full variant space:         20
    After settings filtering:   20
    After built-in stripping:   5
    After scriptable stripping: 5
    Processed in 0.00 seconds
    Target graphics API: dx12
    Full variant space:         20
    After settings filtering:   20
    After built-in stripping:   5
    After scriptable stripping: 5
    Processed in 0.00 seconds
  Pass "FORWARD" (fp)
    Target graphics API: dx11
    Full variant space:         20
    After settings filtering:   20
    After built-in stripping:   5
    After scriptable stripping: 5
    Processed in 0.00 seconds
    Target graphics API: dx12
    Full variant space:         20
    After settings filtering:   20
    After built-in stripping:   5
    After scriptable stripping: 5
    Processed in 0.00 seconds
  Pass "DEFERRED" (vp)
    Target graphics API: dx11
    Full variant space:         76
    After settings filtering:   76
    After built-in stripping:   4
    After scriptable stripping: 4
    Processed in 0.00 seconds
    Target graphics API: dx12
    Full variant space:         76
    After settings filtering:   76
    After built-in stripping:   4
    After scriptable stripping: 4
    Processed in 0.00 seconds
  Pass "DEFERRED" (fp)
    Target graphics API: dx11
    Full variant space:         76
    After settings filtering:   76
    After built-in stripping:   4
    After scriptable stripping: 4
    Processed in 0.00 seconds
    Target graphics API: dx12
    Full variant space:         76
    After settings filtering:   76
    After built-in stripping:   4
    After scriptable stripping: 4
    Processed in 0.00 seconds
  Pass FORWARD (vp, dx11) finished in 0.01 seconds. Local cache hits 8 (0.00s CPU time), remote cache hits 0 (0.00s CPU time), compiled 0 variants (0.00s CPU time), skipped 0 variants.
  Pass FORWARD (vp, dx12) finished in 0.01 seconds. Local cache hits 8 (0.00s CPU time), remote cache hits 0 (0.00s CPU time), compiled 0 variants (0.00s CPU time), skipped 0 variants.
    Prepared data for serialisation in 0.00s
  Pass FORWARD (fp, dx11) finished in 0.01 seconds. Local cache hits 4 (0.00s CPU time), remote cache hits 0 (0.00s CPU time), compiled 0 variants (0.00s CPU time), skipped 0 variants.
  Pass FORWARD (fp, dx12) finished in 0.01 seconds. Local cache hits 4 (0.00s CPU time), remote cache hits 0 (0.00s CPU time), compiled 0 variants (0.00s CPU time), skipped 0 variants.
    Prepared data for serialisation in 0.00s
  Pass FORWARD (vp, dx11) finished in 0.01 seconds. Local cache hits 5 (0.00s CPU time), remote cache hits 0 (0.00s CPU time), compiled 0 variants (0.00s CPU time), skipped 0 variants.
  Pass FORWARD (vp, dx12) finished in 0.01 seconds. Local cache hits 5 (0.00s CPU time), remote cache hits 0 (0.00s CPU time), compiled 0 variants (0.00s CPU time), skipped 0 variants.
    Prepared data for serialisation in 0.00s
  Pass FORWARD (fp, dx11) finished in 0.01 seconds. Local cache hits 5 (0.00s CPU time), remote cache hits 0 (0.00s CPU time), compiled 0 variants (0.00s CPU time), skipped 0 variants.
  Pass FORWARD (fp, dx12) finished in 0.01 seconds. Local cache hits 5 (0.00s CPU time), remote cache hits 0 (0.00s CPU time), compiled 0 variants (0.00s CPU time), skipped 0 variants.
    Prepared data for serialisation in 0.00s
  Pass DEFERRED (vp, dx11) finished in 0.01 seconds. Local cache hits 4 (0.00s CPU time), remote cache hits 0 (0.00s CPU time), compiled 0 variants (0.00s CPU time), skipped 0 variants.
  Pass DEFERRED (vp, dx12) finished in 0.01 seconds. Local cache hits 4 (0.00s CPU time), remote cache hits 0 (0.00s CPU time), compiled 0 variants (0.00s CPU time), skipped 0 variants.
    Prepared data for serialisation in 0.00s
  Pass DEFERRED (fp, dx11) finished in 0.00 seconds. Local cache hits 4 (0.00s CPU time), remote cache hits 0 (0.00s CPU time), compiled 0 variants (0.00s CPU time), skipped 0 variants.
  Pass DEFERRED (fp, dx12) finished in 0.00 seconds. Local cache hits 4 (0.00s CPU time), remote cache hits 0 (0.00s CPU time), compiled 0 variants (0.00s CPU time), skipped 0 variants.
    Prepared data for serialisation in 0.00s
Serialized binary data for shader Legacy Shaders/Diffuse in 0.00s
    dx11 (total internal programs: 30, unique: 30)
    dx12 (total internal programs: 30, unique: 30)
Compiling shader "Hidden/Internal-StencilWrite"
  Pass "" (vp)
    Target graphics API: dx11
    Full variant space:         1
    After settings filtering:   1
    After built-in stripping:   1
    After scriptable stripping: 1
    Processed in 0.00 seconds
    Target graphics API: dx12
    Full variant space:         1
    After settings filtering:   1
    After built-in stripping:   1
    After scriptable stripping: 1
    Processed in 0.00 seconds
  Pass "" (fp)
    Target graphics API: dx11
    Full variant space:         1
    After settings filtering:   1
    After built-in stripping:   1
    After scriptable stripping: 1
    Processed in 0.00 seconds
    Target graphics API: dx12
    Full variant space:         1
    After settings filtering:   1
    After built-in stripping:   1
    After scriptable stripping: 1
    Processed in 0.00 seconds
  Pass  (vp, dx11) finished in 0.00 seconds. Local cache hits 1 (0.00s CPU time), remote cache hits 0 (0.00s CPU time), compiled 0 variants (0.00s CPU time), skipped 0 variants.
  Pass  (vp, dx12) finished in 0.00 seconds. Local cache hits 1 (0.00s CPU time), remote cache hits 0 (0.00s CPU time), compiled 0 variants (0.00s CPU time), skipped 0 variants.
    Prepared data for serialisation in 0.00s
  Pass  (fp, dx11) finished in 0.00 seconds. Local cache hits 1 (0.00s CPU time), remote cache hits 0 (0.00s CPU time), compiled 0 variants (0.00s CPU time), skipped 0 variants.
  Pass  (fp, dx12) finished in 0.00 seconds. Local cache hits 1 (0.00s CPU time), remote cache hits 0 (0.00s CPU time), compiled 0 variants (0.00s CPU time), skipped 0 variants.
    Prepared data for serialisation in 0.00s
Serialized binary data for shader Hidden/Internal-StencilWrite in 0.00s
    dx11 (total internal programs: 2, unique: 2)
    dx12 (total internal programs: 2, unique: 2)
Compiling shader "Hidden/Internal-DepthNormalsTexture"
  Pass "" (vp)
    Target graphics API: dx11
    Full variant space:         1
    After settings filtering:   1
    After built-in stripping:   1
    After scriptable stripping: 1
    Processed in 0.00 seconds
    Target graphics API: dx12
    Full variant space:         1
    After settings filtering:   1
    After built-in stripping:   1
    After scriptable stripping: 1
    Processed in 0.00 seconds
  Pass "" (fp)
    Target graphics API: dx11
    Full variant space:         1
    After settings filtering:   1
    After built-in stripping:   1
    After scriptable stripping: 1
    Processed in 0.00 seconds
    Target graphics API: dx12
    Full variant space:         1
    After settings filtering:   1
    After built-in stripping:   1
    After scriptable stripping: 1
    Processed in 0.00 seconds
  Pass "" (vp)
    Target graphics API: dx11
    Full variant space:         1
    After settings filtering:   1
    After built-in stripping:   1
    After scriptable stripping: 1
    Processed in 0.00 seconds
    Target graphics API: dx12
    Full variant space:         1
    After settings filtering:   1
    After built-in stripping:   1
    After scriptable stripping: 1
    Processed in 0.00 seconds
  Pass "" (fp)
    Target graphics API: dx11
    Full variant space:         1
    After settings filtering:   1
    After built-in stripping:   1
    After scriptable stripping: 1
    Processed in 0.00 seconds
    Target graphics API: dx12
    Full variant space:         1
    After settings filtering:   1
    After built-in stripping:   1
    After scriptable stripping: 1
    Processed in 0.00 seconds
  Pass "" (vp)
    Target graphics API: dx11
    Full variant space:         1
    After settings filtering:   1
    After built-in stripping:   1
    After scriptable stripping: 1
    Processed in 0.00 seconds
    Target graphics API: dx12
    Full variant space:         1
    After settings filtering:   1
    After built-in stripping:   1
    After scriptable stripping: 1
    Processed in 0.00 seconds
  Pass "" (fp)
    Target graphics API: dx11
    Full variant space:         1
    After settings filtering:   1
    After built-in stripping:   1
    After scriptable stripping: 1
    Processed in 0.00 seconds
    Target graphics API: dx12
    Full variant space:         1
    After settings filtering:   1
    After built-in stripping:   1
    After scriptable stripping: 1
    Processed in 0.00 seconds
  Pass "" (vp)
    Target graphics API: dx11
    Full variant space:         1
    After settings filtering:   1
    After built-in stripping:   1
    After scriptable stripping: 1
    Processed in 0.00 seconds
    Target graphics API: dx12
    Full variant space:         1
    After settings filtering:   1
    After built-in stripping:   1
    After scriptable stripping: 1
    Processed in 0.00 seconds
  Pass "" (fp)
    Target graphics API: dx11
    Full variant space:         1
    After settings filtering:   1
    After built-in stripping:   1
    After scriptable stripping: 1
    Processed in 0.00 seconds
    Target graphics API: dx12
    Full variant space:         1
    After settings filtering:   1
    After built-in stripping:   1
    After scriptable stripping: 1
    Processed in 0.00 seconds
  Pass "" (vp)
    Target graphics API: dx11
    Full variant space:         1
    After settings filtering:   1
    After built-in stripping:   1
    After scriptable stripping: 1
    Processed in 0.00 seconds
    Target graphics API: dx12
    Full variant space:         1
    After settings filtering:   1
    After built-in stripping:   1
    After scriptable stripping: 1
    Processed in 0.00 seconds
  Pass "" (fp)
    Target graphics API: dx11
    Full variant space:         1
    After settings filtering:   1
    After built-in stripping:   1
    After scriptable stripping: 1
    Processed in 0.00 seconds
    Target graphics API: dx12
    Full variant space:         1
    After settings filtering:   1
    After built-in stripping:   1
    After scriptable stripping: 1
    Processed in 0.00 seconds
  Pass "" (vp)
    Target graphics API: dx11
    Full variant space:         1
    After settings filtering:   1
    After built-in stripping:   1
    After scriptable stripping: 1
    Processed in 0.00 seconds
    Target graphics API: dx12
    Full variant space:         1
    After settings filtering:   1
    After built-in stripping:   1
    After scriptable stripping: 1
    Processed in 0.00 seconds
  Pass "" (fp)
    Target graphics API: dx11
    Full variant space:         1
    After settings filtering:   1
    After built-in stripping:   1
    After scriptable stripping: 1
    Processed in 0.00 seconds
    Target graphics API: dx12
    Full variant space:         1
    After settings filtering:   1
    After built-in stripping:   1
    After scriptable stripping: 1
    Processed in 0.00 seconds
  Pass "" (vp)
    Target graphics API: dx11
    Full variant space:         1
    After settings filtering:   1
    After built-in stripping:   1
    After scriptable stripping: 1
    Processed in 0.00 seconds
    Target graphics API: dx12
    Full variant space:         1
    After settings filtering:   1
    After built-in stripping:   1
    After scriptable stripping: 1
    Processed in 0.00 seconds
  Pass "" (fp)
    Target graphics API: dx11
    Full variant space:         1
    After settings filtering:   1
    After built-in stripping:   1
    After scriptable stripping: 1
    Processed in 0.00 seconds
    Target graphics API: dx12
    Full variant space:         1
    After settings filtering:   1
    After built-in stripping:   1
    After scriptable stripping: 1
    Processed in 0.00 seconds
  Pass "" (vp)
    Target graphics API: dx11
    Full variant space:         1
    After settings filtering:   1
    After built-in stripping:   1
    After scriptable stripping: 1
    Processed in 0.00 seconds
    Target graphics API: dx12
    Full variant space:         1
    After settings filtering:   1
    After built-in stripping:   1
    After scriptable stripping: 1
    Processed in 0.00 seconds
  Pass "" (fp)
    Target graphics API: dx11
    Full variant space:         1
    After settings filtering:   1
    After built-in stripping:   1
    After scriptable stripping: 1
    Processed in 0.00 seconds
    Target graphics API: dx12
    Full variant space:         1
    After settings filtering:   1
    After built-in stripping:   1
    After scriptable stripping: 1
    Processed in 0.00 seconds
  Pass "" (vp)
    Target graphics API: dx11
    Full variant space:         1
    After settings filtering:   1
    After built-in stripping:   1
    After scriptable stripping: 1
    Processed in 0.00 seconds
    Target graphics API: dx12
    Full variant space:         1
    After settings filtering:   1
    After built-in stripping:   1
    After scriptable stripping: 1
    Processed in 0.00 seconds
  Pass "" (fp)
    Target graphics API: dx11
    Full variant space:         1
    After settings filtering:   1
    After built-in stripping:   1
    After scriptable stripping: 1
    Processed in 0.00 seconds
    Target graphics API: dx12
    Full variant space:         1
    After settings filtering:   1
    After built-in stripping:   1
    After scriptable stripping: 1
    Processed in 0.00 seconds
  Pass "" (vp)
    Target graphics API: dx11
    Full variant space:         1
    After settings filtering:   1
    After built-in stripping:   1
    After scriptable stripping: 1
    Processed in 0.00 seconds
    Target graphics API: dx12
    Full variant space:         1
    After settings filtering:   1
    After built-in stripping:   1
    After scriptable stripping: 1
    Processed in 0.00 seconds
  Pass "" (fp)
    Target graphics API: dx11
    Full variant space:         1
    After settings filtering:   1
    After built-in stripping:   1
    After scriptable stripping: 1
    Processed in 0.00 seconds
    Target graphics API: dx12
    Full variant space:         1
    After settings filtering:   1
    After built-in stripping:   1
    After scriptable stripping: 1
    Processed in 0.00 seconds
  Pass  (vp, dx11) finished in 0.01 seconds. Local cache hits 1 (0.00s CPU time), remote cache hits 0 (0.00s CPU time), compiled 0 variants (0.00s CPU time), skipped 0 variants.
  Pass  (vp, dx12) finished in 0.01 seconds. Local cache hits 1 (0.00s CPU time), remote cache hits 0 (0.00s CPU time), compiled 0 variants (0.00s CPU time), skipped 0 variants.
    Prepared data for serialisation in 0.00s
  Pass  (fp, dx11) finished in 0.01 seconds. Local cache hits 1 (0.00s CPU time), remote cache hits 0 (0.00s CPU time), compiled 0 variants (0.00s CPU time), skipped 0 variants.
  Pass  (fp, dx12) finished in 0.01 seconds. Local cache hits 1 (0.00s CPU time), remote cache hits 0 (0.00s CPU time), compiled 0 variants (0.00s CPU time), skipped 0 variants.
    Prepared data for serialisation in 0.00s
  Pass  (vp, dx11) finished in 0.01 seconds. Local cache hits 1 (0.00s CPU time), remote cache hits 0 (0.00s CPU time), compiled 0 variants (0.00s CPU time), skipped 0 variants.
  Pass  (vp, dx12) finished in 0.01 seconds. Local cache hits 1 (0.00s CPU time), remote cache hits 0 (0.00s CPU time), compiled 0 variants (0.00s CPU time), skipped 0 variants.
    Prepared data for serialisation in 0.00s
  Pass  (fp, dx11) finished in 0.01 seconds. Local cache hits 1 (0.00s CPU time), remote cache hits 0 (0.00s CPU time), compiled 0 variants (0.00s CPU time), skipped 0 variants.
  Pass  (fp, dx12) finished in 0.01 seconds. Local cache hits 1 (0.00s CPU time), remote cache hits 0 (0.00s CPU time), compiled 0 variants (0.00s CPU time), skipped 0 variants.
    Prepared data for serialisation in 0.00s
  Pass  (vp, dx11) finished in 0.01 seconds. Local cache hits 1 (0.00s CPU time), remote cache hits 0 (0.00s CPU time), compiled 0 variants (0.00s CPU time), skipped 0 variants.
  Pass  (vp, dx12) finished in 0.01 seconds. Local cache hits 1 (0.00s CPU time), remote cache hits 0 (0.00s CPU time), compiled 0 variants (0.00s CPU time), skipped 0 variants.
    Prepared data for serialisation in 0.00s
  Pass  (fp, dx11) finished in 0.01 seconds. Local cache hits 1 (0.00s CPU time), remote cache hits 0 (0.00s CPU time), compiled 0 variants (0.00s CPU time), skipped 0 variants.
  Pass  (fp, dx12) finished in 0.02 seconds. Local cache hits 1 (0.00s CPU time), remote cache hits 0 (0.00s CPU time), compiled 0 variants (0.00s CPU time), skipped 0 variants.
    Prepared data for serialisation in 0.00s
  Pass  (vp, dx11) finished in 0.02 seconds. Local cache hits 1 (0.00s CPU time), remote cache hits 0 (0.00s CPU time), compiled 0 variants (0.00s CPU time), skipped 0 variants.
  Pass  (vp, dx12) finished in 0.02 seconds. Local cache hits 1 (0.00s CPU time), remote cache hits 0 (0.00s CPU time), compiled 0 variants (0.00s CPU time), skipped 0 variants.
    Prepared data for serialisation in 0.00s
  Pass  (fp, dx11) finished in 0.02 seconds. Local cache hits 1 (0.00s CPU time), remote cache hits 0 (0.00s CPU time), compiled 0 variants (0.00s CPU time), skipped 0 variants.
  Pass  (fp, dx12) finished in 0.02 seconds. Local cache hits 1 (0.00s CPU time), remote cache hits 0 (0.00s CPU time), compiled 0 variants (0.00s CPU time), skipped 0 variants.
    Prepared data for serialisation in 0.00s
  Pass  (vp, dx11) finished in 0.02 seconds. Local cache hits 1 (0.00s CPU time), remote cache hits 0 (0.00s CPU time), compiled 0 variants (0.00s CPU time), skipped 0 variants.
  Pass  (vp, dx12) finished in 0.01 seconds. Local cache hits 1 (0.00s CPU time), remote cache hits 0 (0.00s CPU time), compiled 0 variants (0.00s CPU time), skipped 0 variants.
    Prepared data for serialisation in 0.00s
  Pass  (fp, dx11) finished in 0.01 seconds. Local cache hits 1 (0.00s CPU time), remote cache hits 0 (0.00s CPU time), compiled 0 variants (0.00s CPU time), skipped 0 variants.
  Pass  (fp, dx12) finished in 0.01 seconds. Local cache hits 1 (0.00s CPU time), remote cache hits 0 (0.00s CPU time), compiled 0 variants (0.00s CPU time), skipped 0 variants.
    Prepared data for serialisation in 0.00s
  Pass  (vp, dx11) finished in 0.01 seconds. Local cache hits 1 (0.00s CPU time), remote cache hits 0 (0.00s CPU time), compiled 0 variants (0.00s CPU time), skipped 0 variants.
  Pass  (vp, dx12) finished in 0.01 seconds. Local cache hits 1 (0.00s CPU time), remote cache hits 0 (0.00s CPU time), compiled 0 variants (0.00s CPU time), skipped 0 variants.
    Prepared data for serialisation in 0.00s
  Pass  (fp, dx11) finished in 0.01 seconds. Local cache hits 1 (0.00s CPU time), remote cache hits 0 (0.00s CPU time), compiled 0 variants (0.00s CPU time), skipped 0 variants.
  Pass  (fp, dx12) finished in 0.01 seconds. Local cache hits 1 (0.00s CPU time), remote cache hits 0 (0.00s CPU time), compiled 0 variants (0.00s CPU time), skipped 0 variants.
    Prepared data for serialisation in 0.00s
  Pass  (vp, dx11) finished in 0.01 seconds. Local cache hits 1 (0.00s CPU time), remote cache hits 0 (0.00s CPU time), compiled 0 variants (0.00s CPU time), skipped 0 variants.
  Pass  (vp, dx12) finished in 0.01 seconds. Local cache hits 1 (0.00s CPU time), remote cache hits 0 (0.00s CPU time), compiled 0 variants (0.00s CPU time), skipped 0 variants.
    Prepared data for serialisation in 0.00s
  Pass  (fp, dx11) finished in 0.01 seconds. Local cache hits 1 (0.00s CPU time), remote cache hits 0 (0.00s CPU time), compiled 0 variants (0.00s CPU time), skipped 0 variants.
  Pass  (fp, dx12) finished in 0.01 seconds. Local cache hits 1 (0.00s CPU time), remote cache hits 0 (0.00s CPU time), compiled 0 variants (0.00s CPU time), skipped 0 variants.
    Prepared data for serialisation in 0.00s
  Pass  (vp, dx11) finished in 0.01 seconds. Local cache hits 1 (0.00s CPU time), remote cache hits 0 (0.00s CPU time), compiled 0 variants (0.00s CPU time), skipped 0 variants.
  Pass  (vp, dx12) finished in 0.01 seconds. Local cache hits 1 (0.00s CPU time), remote cache hits 0 (0.00s CPU time), compiled 0 variants (0.00s CPU time), skipped 0 variants.
    Prepared data for serialisation in 0.00s
  Pass  (fp, dx11) finished in 0.01 seconds. Local cache hits 1 (0.00s CPU time), remote cache hits 0 (0.00s CPU time), compiled 0 variants (0.00s CPU time), skipped 0 variants.
  Pass  (fp, dx12) finished in 0.01 seconds. Local cache hits 1 (0.00s CPU time), remote cache hits 0 (0.00s CPU time), compiled 0 variants (0.00s CPU time), skipped 0 variants.
    Prepared data for serialisation in 0.00s
  Pass  (vp, dx11) finished in 0.01 seconds. Local cache hits 1 (0.00s CPU time), remote cache hits 0 (0.00s CPU time), compiled 0 variants (0.00s CPU time), skipped 0 variants.
  Pass  (vp, dx12) finished in 0.01 seconds. Local cache hits 1 (0.00s CPU time), remote cache hits 0 (0.00s CPU time), compiled 0 variants (0.00s CPU time), skipped 0 variants.
    Prepared data for serialisation in 0.00s
  Pass  (fp, dx11) finished in 0.01 seconds. Local cache hits 1 (0.00s CPU time), remote cache hits 0 (0.00s CPU time), compiled 0 variants (0.00s CPU time), skipped 0 variants.
  Pass  (fp, dx12) finished in 0.01 seconds. Local cache hits 1 (0.00s CPU time), remote cache hits 0 (0.00s CPU time), compiled 0 variants (0.00s CPU time), skipped 0 variants.
    Prepared data for serialisation in 0.00s
  Pass  (vp, dx11) finished in 0.01 seconds. Local cache hits 1 (0.00s CPU time), remote cache hits 0 (0.00s CPU time), compiled 0 variants (0.00s CPU time), skipped 0 variants.
  Pass  (vp, dx12) finished in 0.01 seconds. Local cache hits 1 (0.00s CPU time), remote cache hits 0 (0.00s CPU time), compiled 0 variants (0.00s CPU time), skipped 0 variants.
    Prepared data for serialisation in 0.00s
  Pass  (fp, dx11) finished in 0.01 seconds. Local cache hits 1 (0.00s CPU time), remote cache hits 0 (0.00s CPU time), compiled 0 variants (0.00s CPU time), skipped 0 variants.
  Pass  (fp, dx12) finished in 0.01 seconds. Local cache hits 1 (0.00s CPU time), remote cache hits 0 (0.00s CPU time), compiled 0 variants (0.00s CPU time), skipped 0 variants.
    Prepared data for serialisation in 0.00s
Serialized binary data for shader Hidden/Internal-DepthNormalsTexture in 0.00s
    dx11 (total internal programs: 20, unique: 17)
    dx12 (total internal programs: 20, unique: 17)
Compiling shader "Hidden/Internal-ScreenSpaceShadows"
  Pass "" (vp)
    Target graphics API: dx11
    Full variant space:         4
    After settings filtering:   4
    After built-in stripping:   4
    After scriptable stripping: 4
    Processed in 0.00 seconds
    Target graphics API: dx12
    Full variant space:         4
    After settings filtering:   4
    After built-in stripping:   4
    After scriptable stripping: 4
    Processed in 0.00 seconds
  Pass "" (fp)
    Target graphics API: dx11
    Full variant space:         4
    After settings filtering:   4
    After built-in stripping:   4
    After scriptable stripping: 4
    Processed in 0.00 seconds
    Target graphics API: dx12
    Full variant space:         4
    After settings filtering:   4
    After built-in stripping:   4
    After scriptable stripping: 4
    Processed in 0.00 seconds
  Pass "" (vp)
    Target graphics API: dx11
    Full variant space:         4
    After settings filtering:   4
    After built-in stripping:   4
    After scriptable stripping: 4
    Processed in 0.00 seconds
    Target graphics API: dx12
    Full variant space:         4
    After settings filtering:   4
    After built-in stripping:   4
    After scriptable stripping: 4
    Processed in 0.00 seconds
  Pass "" (fp)
    Target graphics API: dx11
    Full variant space:         4
    After settings filtering:   4
    After built-in stripping:   4
    After scriptable stripping: 4
    Processed in 0.00 seconds
    Target graphics API: dx12
    Full variant space:         4
    After settings filtering:   4
    After built-in stripping:   4
    After scriptable stripping: 4
    Processed in 0.00 seconds
  Pass "" (vp)
    Target graphics API: dx11
    Full variant space:         4
    After settings filtering:   4
    After built-in stripping:   4
    After scriptable stripping: 4
    Processed in 0.00 seconds
    Target graphics API: dx12
    Full variant space:         4
    After settings filtering:   4
    After built-in stripping:   4
    After scriptable stripping: 4
    Processed in 0.00 seconds
  Pass "" (fp)
    Target graphics API: dx11
    Full variant space:         4
    After settings filtering:   4
    After built-in stripping:   4
    After scriptable stripping: 4
    Processed in 0.00 seconds
    Target graphics API: dx12
    Full variant space:         4
    After settings filtering:   4
    After built-in stripping:   4
    After scriptable stripping: 4
    Processed in 0.00 seconds
  Pass "" (vp)
    Target graphics API: dx11
    Full variant space:         4
    After settings filtering:   4
    After built-in stripping:   4
    After scriptable stripping: 4
    Processed in 0.00 seconds
    Target graphics API: dx12
    Full variant space:         4
    After settings filtering:   4
    After built-in stripping:   4
    After scriptable stripping: 4
    Processed in 0.00 seconds
  Pass "" (fp)
    Target graphics API: dx11
    Full variant space:         4
    After settings filtering:   4
    After built-in stripping:   4
    After scriptable stripping: 4
    Processed in 0.00 seconds
    Target graphics API: dx12
    Full variant space:         4
    After settings filtering:   4
    After built-in stripping:   4
    After scriptable stripping: 4
    Processed in 0.00 seconds
  Pass  (vp, dx11) finished in 0.00 seconds. Local cache hits 4 (0.00s CPU time), remote cache hits 0 (0.00s CPU time), compiled 0 variants (0.00s CPU time), skipped 0 variants.
  Pass  (vp, dx12) finished in 0.00 seconds. Local cache hits 4 (0.00s CPU time), remote cache hits 0 (0.00s CPU time), compiled 0 variants (0.00s CPU time), skipped 0 variants.
    Prepared data for serialisation in 0.00s
  Pass  (fp, dx11) finished in 0.00 seconds. Local cache hits 4 (0.00s CPU time), remote cache hits 0 (0.00s CPU time), compiled 0 variants (0.00s CPU time), skipped 0 variants.
  Pass  (fp, dx12) finished in 0.00 seconds. Local cache hits 4 (0.00s CPU time), remote cache hits 0 (0.00s CPU time), compiled 0 variants (0.00s CPU time), skipped 0 variants.
    Prepared data for serialisation in 0.00s
  Pass  (vp, dx11) finished in 0.00 seconds. Local cache hits 4 (0.00s CPU time), remote cache hits 0 (0.00s CPU time), compiled 0 variants (0.00s CPU time), skipped 0 variants.
  Pass  (vp, dx12) finished in 0.00 seconds. Local cache hits 4 (0.00s CPU time), remote cache hits 0 (0.00s CPU time), compiled 0 variants (0.00s CPU time), skipped 0 variants.
    Prepared data for serialisation in 0.00s
  Pass  (fp, dx11) finished in 0.00 seconds. Local cache hits 4 (0.00s CPU time), remote cache hits 0 (0.00s CPU time), compiled 0 variants (0.00s CPU time), skipped 0 variants.
  Pass  (fp, dx12) finished in 0.00 seconds. Local cache hits 4 (0.00s CPU time), remote cache hits 0 (0.00s CPU time), compiled 0 variants (0.00s CPU time), skipped 0 variants.
    Prepared data for serialisation in 0.00s
  Pass  (vp, dx11) finished in 0.00 seconds. Local cache hits 4 (0.00s CPU time), remote cache hits 0 (0.00s CPU time), compiled 0 variants (0.00s CPU time), skipped 0 variants.
  Pass  (vp, dx12) finished in 0.00 seconds. Local cache hits 4 (0.00s CPU time), remote cache hits 0 (0.00s CPU time), compiled 0 variants (0.00s CPU time), skipped 0 variants.
    Prepared data for serialisation in 0.00s
  Pass  (fp, dx11) finished in 0.00 seconds. Local cache hits 4 (0.00s CPU time), remote cache hits 0 (0.00s CPU time), compiled 0 variants (0.00s CPU time), skipped 0 variants.
  Pass  (fp, dx12) finished in 0.00 seconds. Local cache hits 4 (0.00s CPU time), remote cache hits 0 (0.00s CPU time), compiled 0 variants (0.00s CPU time), skipped 0 variants.
    Prepared data for serialisation in 0.00s
  Pass  (vp, dx11) finished in 0.00 seconds. Local cache hits 4 (0.00s CPU time), remote cache hits 0 (0.00s CPU time), compiled 0 variants (0.00s CPU time), skipped 0 variants.
  Pass  (vp, dx12) finished in 0.00 seconds. Local cache hits 4 (0.00s CPU time), remote cache hits 0 (0.00s CPU time), compiled 0 variants (0.00s CPU time), skipped 0 variants.
    Prepared data for serialisation in 0.00s
  Pass  (fp, dx11) finished in 0.00 seconds. Local cache hits 4 (0.00s CPU time), remote cache hits 0 (0.00s CPU time), compiled 0 variants (0.00s CPU time), skipped 0 variants.
  Pass  (fp, dx12) finished in 0.00 seconds. Local cache hits 4 (0.00s CPU time), remote cache hits 0 (0.00s CPU time), compiled 0 variants (0.00s CPU time), skipped 0 variants.
    Prepared data for serialisation in 0.00s
Serialized binary data for shader Hidden/Internal-ScreenSpaceShadows in 0.00s
    dx11 (total internal programs: 32, unique: 20)
    dx12 (total internal programs: 32, unique: 20)
Compiling shader "Hidden/Internal-CombineDepthNormals"
  Pass "" (vp)
    Target graphics API: dx11
    Full variant space:         1
    After settings filtering:   1
    After built-in stripping:   1
    After scriptable stripping: 1
    Processed in 0.00 seconds
    Target graphics API: dx12
    Full variant space:         1
    After settings filtering:   1
    After built-in stripping:   1
    After scriptable stripping: 1
    Processed in 0.00 seconds
  Pass "" (fp)
    Target graphics API: dx11
    Full variant space:         1
    After settings filtering:   1
    After built-in stripping:   1
    After scriptable stripping: 1
    Processed in 0.00 seconds
    Target graphics API: dx12
    Full variant space:         1
    After settings filtering:   1
    After built-in stripping:   1
    After scriptable stripping: 1
    Processed in 0.00 seconds
  Pass  (vp, dx11) finished in 0.01 seconds. Local cache hits 1 (0.00s CPU time), remote cache hits 0 (0.00s CPU time), compiled 0 variants (0.00s CPU time), skipped 0 variants.
  Pass  (vp, dx12) finished in 0.00 seconds. Local cache hits 1 (0.00s CPU time), remote cache hits 0 (0.00s CPU time), compiled 0 variants (0.00s CPU time), skipped 0 variants.
    Prepared data for serialisation in 0.00s
  Pass  (fp, dx11) finished in 0.00 seconds. Local cache hits 1 (0.00s CPU time), remote cache hits 0 (0.00s CPU time), compiled 0 variants (0.00s CPU time), skipped 0 variants.
  Pass  (fp, dx12) finished in 0.00 seconds. Local cache hits 1 (0.00s CPU time), remote cache hits 0 (0.00s CPU time), compiled 0 variants (0.00s CPU time), skipped 0 variants.
    Prepared data for serialisation in 0.00s
Serialized binary data for shader Hidden/Internal-CombineDepthNormals in 0.00s
    dx11 (total internal programs: 2, unique: 2)
    dx12 (total internal programs: 2, unique: 2)
Compiling shader "Hidden/BlitCopy"
  Pass "" (vp)
    Target graphics API: dx11
    Full variant space:         1
    After settings filtering:   1
    After built-in stripping:   1
    After scriptable stripping: 1
    Processed in 0.00 seconds
    Target graphics API: dx12
    Full variant space:         1
    After settings filtering:   1
    After built-in stripping:   1
    After scriptable stripping: 1
    Processed in 0.00 seconds
  Pass "" (fp)
    Target graphics API: dx11
    Full variant space:         1
    After settings filtering:   1
    After built-in stripping:   1
    After scriptable stripping: 1
    Processed in 0.00 seconds
    Target graphics API: dx12
    Full variant space:         1
    After settings filtering:   1
    After built-in stripping:   1
    After scriptable stripping: 1
    Processed in 0.00 seconds
  Pass  (vp, dx11) finished in 0.00 seconds. Local cache hits 1 (0.00s CPU time), remote cache hits 0 (0.00s CPU time), compiled 0 variants (0.00s CPU time), skipped 0 variants.
  Pass  (vp, dx12) finished in 0.00 seconds. Local cache hits 1 (0.00s CPU time), remote cache hits 0 (0.00s CPU time), compiled 0 variants (0.00s CPU time), skipped 0 variants.
    Prepared data for serialisation in 0.00s
  Pass  (fp, dx11) finished in 0.00 seconds. Local cache hits 1 (0.00s CPU time), remote cache hits 0 (0.00s CPU time), compiled 0 variants (0.00s CPU time), skipped 0 variants.
  Pass  (fp, dx12) finished in 0.00 seconds. Local cache hits 1 (0.00s CPU time), remote cache hits 0 (0.00s CPU time), compiled 0 variants (0.00s CPU time), skipped 0 variants.
    Prepared data for serialisation in 0.00s
Serialized binary data for shader Hidden/BlitCopy in 0.00s
    dx11 (total internal programs: 2, unique: 2)
    dx12 (total internal programs: 2, unique: 2)
Compiling shader "Hidden/BlitCopyDepth"
  Pass "" (vp)
    Target graphics API: dx11
    Full variant space:         1
    After settings filtering:   1
    After built-in stripping:   1
    After scriptable stripping: 1
    Processed in 0.00 seconds
    Target graphics API: dx12
    Full variant space:         1
    After settings filtering:   1
    After built-in stripping:   1
    After scriptable stripping: 1
    Processed in 0.00 seconds
  Pass "" (fp)
    Target graphics API: dx11
    Full variant space:         1
    After settings filtering:   1
    After built-in stripping:   1
    After scriptable stripping: 1
    Processed in 0.00 seconds
    Target graphics API: dx12
    Full variant space:         1
    After settings filtering:   1
    After built-in stripping:   1
    After scriptable stripping: 1
    Processed in 0.00 seconds
  Pass  (vp, dx11) finished in 0.00 seconds. Local cache hits 1 (0.00s CPU time), remote cache hits 0 (0.00s CPU time), compiled 0 variants (0.00s CPU time), skipped 0 variants.
  Pass  (vp, dx12) finished in 0.00 seconds. Local cache hits 1 (0.00s CPU time), remote cache hits 0 (0.00s CPU time), compiled 0 variants (0.00s CPU time), skipped 0 variants.
    Prepared data for serialisation in 0.00s
  Pass  (fp, dx11) finished in 0.00 seconds. Local cache hits 1 (0.00s CPU time), remote cache hits 0 (0.00s CPU time), compiled 0 variants (0.00s CPU time), skipped 0 variants.
  Pass  (fp, dx12) finished in 0.00 seconds. Local cache hits 1 (0.00s CPU time), remote cache hits 0 (0.00s CPU time), compiled 0 variants (0.00s CPU time), skipped 0 variants.
    Prepared data for serialisation in 0.00s
Serialized binary data for shader Hidden/BlitCopyDepth in 0.00s
    dx11 (total internal programs: 2, unique: 2)
    dx12 (total internal programs: 2, unique: 2)
Compiling shader "Hidden/ConvertTexture"
  Pass "" (vp)
    Target graphics API: dx11
    Full variant space:         1
    After settings filtering:   1
    After built-in stripping:   1
    After scriptable stripping: 1
    Processed in 0.00 seconds
    Target graphics API: dx12
    Full variant space:         1
    After settings filtering:   1
    After built-in stripping:   1
    After scriptable stripping: 1
    Processed in 0.00 seconds
  Pass "" (fp)
    Target graphics API: dx11
    Full variant space:         1
    After settings filtering:   1
    After built-in stripping:   1
    After scriptable stripping: 1
    Processed in 0.00 seconds
    Target graphics API: dx12
    Full variant space:         1
    After settings filtering:   1
    After built-in stripping:   1
    After scriptable stripping: 1
    Processed in 0.00 seconds
  Pass  (vp, dx11) finished in 0.00 seconds. Local cache hits 1 (0.00s CPU time), remote cache hits 0 (0.00s CPU time), compiled 0 variants (0.00s CPU time), skipped 0 variants.
  Pass  (vp, dx12) finished in 0.00 seconds. Local cache hits 1 (0.00s CPU time), remote cache hits 0 (0.00s CPU time), compiled 0 variants (0.00s CPU time), skipped 0 variants.
    Prepared data for serialisation in 0.00s
  Pass  (fp, dx11) finished in 0.00 seconds. Local cache hits 1 (0.00s CPU time), remote cache hits 0 (0.00s CPU time), compiled 0 variants (0.00s CPU time), skipped 0 variants.
  Pass  (fp, dx12) finished in 0.00 seconds. Local cache hits 1 (0.00s CPU time), remote cache hits 0 (0.00s CPU time), compiled 0 variants (0.00s CPU time), skipped 0 variants.
    Prepared data for serialisation in 0.00s
Serialized binary data for shader Hidden/ConvertTexture in 0.00s
    dx11 (total internal programs: 2, unique: 2)
    dx12 (total internal programs: 2, unique: 2)
Compiling shader "Hidden/Internal-DeferredShading"
  Pass "" (vp)
    Target graphics API: dx11
    Full variant space:         94
    After settings filtering:   94
    After built-in stripping:   26
    After scriptable stripping: 26
    Processed in 0.00 seconds
    Target graphics API: dx12
    Full variant space:         94
    After settings filtering:   94
    After built-in stripping:   26
    After scriptable stripping: 26
    Processed in 0.00 seconds
  Pass "" (fp)
    Target graphics API: dx11
    Full variant space:         94
    After settings filtering:   94
    After built-in stripping:   26
    After scriptable stripping: 26
    Processed in 0.00 seconds
    Target graphics API: dx12
    Full variant space:         94
    After settings filtering:   94
    After built-in stripping:   26
    After scriptable stripping: 26
    Processed in 0.00 seconds
  Pass "" (vp)
    Target graphics API: dx11
    Full variant space:         1
    After settings filtering:   1
    After built-in stripping:   1
    After scriptable stripping: 1
    Processed in 0.00 seconds
    Target graphics API: dx12
    Full variant space:         1
    After settings filtering:   1
    After built-in stripping:   1
    After scriptable stripping: 1
    Processed in 0.00 seconds
  Pass "" (fp)
    Target graphics API: dx11
    Full variant space:         1
    After settings filtering:   1
    After built-in stripping:   1
    After scriptable stripping: 1
    Processed in 0.00 seconds
    Target graphics API: dx12
    Full variant space:         1
    After settings filtering:   1
    After built-in stripping:   1
    After scriptable stripping: 1
    Processed in 0.00 seconds
  Pass  (vp, dx11) finished in 0.01 seconds. Local cache hits 26 (0.00s CPU time), remote cache hits 0 (0.00s CPU time), compiled 0 variants (0.00s CPU time), skipped 0 variants.
  Pass  (vp, dx12) finished in 0.01 seconds. Local cache hits 26 (0.00s CPU time), remote cache hits 0 (0.00s CPU time), compiled 0 variants (0.00s CPU time), skipped 0 variants.
    Prepared data for serialisation in 0.00s
  Pass  (fp, dx11) finished in 0.01 seconds. Local cache hits 26 (0.00s CPU time), remote cache hits 0 (0.00s CPU time), compiled 0 variants (0.00s CPU time), skipped 0 variants.
  Pass  (fp, dx12) finished in 0.01 seconds. Local cache hits 26 (0.00s CPU time), remote cache hits 0 (0.00s CPU time), compiled 0 variants (0.00s CPU time), skipped 0 variants.
    Prepared data for serialisation in 0.00s
  Pass  (vp, dx11) finished in 0.01 seconds. Local cache hits 1 (0.00s CPU time), remote cache hits 0 (0.00s CPU time), compiled 0 variants (0.00s CPU time), skipped 0 variants.
  Pass  (vp, dx12) finished in 0.01 seconds. Local cache hits 1 (0.00s CPU time), remote cache hits 0 (0.00s CPU time), compiled 0 variants (0.00s CPU time), skipped 0 variants.
    Prepared data for serialisation in 0.00s
  Pass  (fp, dx11) finished in 0.00 seconds. Local cache hits 1 (0.00s CPU time), remote cache hits 0 (0.00s CPU time), compiled 0 variants (0.00s CPU time), skipped 0 variants.
  Pass  (fp, dx12) finished in 0.00 seconds. Local cache hits 1 (0.00s CPU time), remote cache hits 0 (0.00s CPU time), compiled 0 variants (0.00s CPU time), skipped 0 variants.
    Prepared data for serialisation in 0.00s
Serialized binary data for shader Hidden/Internal-DeferredShading in 0.00s
    dx11 (total internal programs: 54, unique: 54)
    dx12 (total internal programs: 54, unique: 54)
Compiling shader "Hidden/Internal-DeferredReflections"
  Pass "" (vp)
    Target graphics API: dx11
    Full variant space:         1
    After settings filtering:   1
    After built-in stripping:   1
    After scriptable stripping: 1
    Processed in 0.00 seconds
    Target graphics API: dx12
    Full variant space:         1
    After settings filtering:   1
    After built-in stripping:   1
    After scriptable stripping: 1
    Processed in 0.00 seconds
  Pass "" (fp)
    Target graphics API: dx11
    Full variant space:         1
    After settings filtering:   1
    After built-in stripping:   1
    After scriptable stripping: 1
    Processed in 0.00 seconds
    Target graphics API: dx12
    Full variant space:         1
    After settings filtering:   1
    After built-in stripping:   1
    After scriptable stripping: 1
    Processed in 0.00 seconds
  Pass "" (vp)
    Target graphics API: dx11
    Full variant space:         2
    After settings filtering:   2
    After built-in stripping:   2
    After scriptable stripping: 2
    Processed in 0.00 seconds
    Target graphics API: dx12
    Full variant space:         2
    After settings filtering:   2
    After built-in stripping:   2
    After scriptable stripping: 2
    Processed in 0.00 seconds
  Pass "" (fp)
    Target graphics API: dx11
    Full variant space:         2
    After settings filtering:   2
    After built-in stripping:   2
    After scriptable stripping: 2
    Processed in 0.00 seconds
    Target graphics API: dx12
    Full variant space:         2
    After settings filtering:   2
    After built-in stripping:   2
    After scriptable stripping: 2
    Processed in 0.00 seconds
  Pass  (vp, dx11) finished in 0.00 seconds. Local cache hits 1 (0.00s CPU time), remote cache hits 0 (0.00s CPU time), compiled 0 variants (0.00s CPU time), skipped 0 variants.
  Pass  (vp, dx12) finished in 0.00 seconds. Local cache hits 1 (0.00s CPU time), remote cache hits 0 (0.00s CPU time), compiled 0 variants (0.00s CPU time), skipped 0 variants.
    Prepared data for serialisation in 0.00s
  Pass  (fp, dx11) finished in 0.00 seconds. Local cache hits 1 (0.00s CPU time), remote cache hits 0 (0.00s CPU time), compiled 0 variants (0.00s CPU time), skipped 0 variants.
  Pass  (fp, dx12) finished in 0.00 seconds. Local cache hits 1 (0.00s CPU time), remote cache hits 0 (0.00s CPU time), compiled 0 variants (0.00s CPU time), skipped 0 variants.
    Prepared data for serialisation in 0.00s
  Pass  (vp, dx11) finished in 0.00 seconds. Local cache hits 2 (0.00s CPU time), remote cache hits 0 (0.00s CPU time), compiled 0 variants (0.00s CPU time), skipped 0 variants.
  Pass  (vp, dx12) finished in 0.00 seconds. Local cache hits 2 (0.00s CPU time), remote cache hits 0 (0.00s CPU time), compiled 0 variants (0.00s CPU time), skipped 0 variants.
    Prepared data for serialisation in 0.00s
  Pass  (fp, dx11) finished in 0.00 seconds. Local cache hits 2 (0.00s CPU time), remote cache hits 0 (0.00s CPU time), compiled 0 variants (0.00s CPU time), skipped 0 variants.
  Pass  (fp, dx12) finished in 0.00 seconds. Local cache hits 2 (0.00s CPU time), remote cache hits 0 (0.00s CPU time), compiled 0 variants (0.00s CPU time), skipped 0 variants.
    Prepared data for serialisation in 0.00s
Serialized binary data for shader Hidden/Internal-DeferredReflections in 0.00s
    dx11 (total internal programs: 6, unique: 6)
    dx12 (total internal programs: 6, unique: 6)
Compiling shader "Hidden/Internal-MotionVectors"
  Pass "" (vp)
    Target graphics API: dx11
    Full variant space:         1
    After settings filtering:   1
    After built-in stripping:   1
    After scriptable stripping: 1
    Processed in 0.00 seconds
    Target graphics API: dx12
    Full variant space:         1
    After settings filtering:   1
    After built-in stripping:   1
    After scriptable stripping: 1
    Processed in 0.00 seconds
  Pass "" (fp)
    Target graphics API: dx11
    Full variant space:         1
    After settings filtering:   1
    After built-in stripping:   1
    After scriptable stripping: 1
    Processed in 0.00 seconds
    Target graphics API: dx12
    Full variant space:         1
    After settings filtering:   1
    After built-in stripping:   1
    After scriptable stripping: 1
    Processed in 0.00 seconds
  Pass "" (vp)
    Target graphics API: dx11
    Full variant space:         1
    After settings filtering:   1
    After built-in stripping:   1
    After scriptable stripping: 1
    Processed in 0.00 seconds
    Target graphics API: dx12
    Full variant space:         1
    After settings filtering:   1
    After built-in stripping:   1
    After scriptable stripping: 1
    Processed in 0.00 seconds
  Pass "" (fp)
    Target graphics API: dx11
    Full variant space:         1
    After settings filtering:   1
    After built-in stripping:   1
    After scriptable stripping: 1
    Processed in 0.00 seconds
    Target graphics API: dx12
    Full variant space:         1
    After settings filtering:   1
    After built-in stripping:   1
    After scriptable stripping: 1
    Processed in 0.00 seconds
  Pass "" (vp)
    Target graphics API: dx11
    Full variant space:         1
    After settings filtering:   1
    After built-in stripping:   1
    After scriptable stripping: 1
    Processed in 0.00 seconds
    Target graphics API: dx12
    Full variant space:         1
    After settings filtering:   1
    After built-in stripping:   1
    After scriptable stripping: 1
    Processed in 0.00 seconds
  Pass "" (fp)
    Target graphics API: dx11
    Full variant space:         1
    After settings filtering:   1
    After built-in stripping:   1
    After scriptable stripping: 1
    Processed in 0.00 seconds
    Target graphics API: dx12
    Full variant space:         1
    After settings filtering:   1
    After built-in stripping:   1
    After scriptable stripping: 1
    Processed in 0.00 seconds
  Pass  (vp, dx11) finished in 0.00 seconds. Local cache hits 1 (0.00s CPU time), remote cache hits 0 (0.00s CPU time), compiled 0 variants (0.00s CPU time), skipped 0 variants.
  Pass  (vp, dx12) finished in 0.00 seconds. Local cache hits 1 (0.00s CPU time), remote cache hits 0 (0.00s CPU time), compiled 0 variants (0.00s CPU time), skipped 0 variants.
    Prepared data for serialisation in 0.00s
  Pass  (fp, dx11) finished in 0.00 seconds. Local cache hits 1 (0.00s CPU time), remote cache hits 0 (0.00s CPU time), compiled 0 variants (0.00s CPU time), skipped 0 variants.
  Pass  (fp, dx12) finished in 0.00 seconds. Local cache hits 1 (0.00s CPU time), remote cache hits 0 (0.00s CPU time), compiled 0 variants (0.00s CPU time), skipped 0 variants.
    Prepared data for serialisation in 0.00s
  Pass  (vp, dx11) finished in 0.01 seconds. Local cache hits 1 (0.00s CPU time), remote cache hits 0 (0.00s CPU time), compiled 0 variants (0.00s CPU time), skipped 0 variants.
  Pass  (vp, dx12) finished in 0.01 seconds. Local cache hits 1 (0.00s CPU time), remote cache hits 0 (0.00s CPU time), compiled 0 variants (0.00s CPU time), skipped 0 variants.
    Prepared data for serialisation in 0.00s
  Pass  (fp, dx11) finished in 0.01 seconds. Local cache hits 1 (0.00s CPU time), remote cache hits 0 (0.00s CPU time), compiled 0 variants (0.00s CPU time), skipped 0 variants.
  Pass  (fp, dx12) finished in 0.01 seconds. Local cache hits 1 (0.00s CPU time), remote cache hits 0 (0.00s CPU time), compiled 0 variants (0.00s CPU time), skipped 0 variants.
    Prepared data for serialisation in 0.00s
  Pass  (vp, dx11) finished in 0.01 seconds. Local cache hits 1 (0.00s CPU time), remote cache hits 0 (0.00s CPU time), compiled 0 variants (0.00s CPU time), skipped 0 variants.
  Pass  (vp, dx12) finished in 0.01 seconds. Local cache hits 1 (0.00s CPU time), remote cache hits 0 (0.00s CPU time), compiled 0 variants (0.00s CPU time), skipped 0 variants.
    Prepared data for serialisation in 0.00s
  Pass  (fp, dx11) finished in 0.01 seconds. Local cache hits 1 (0.00s CPU time), remote cache hits 0 (0.00s CPU time), compiled 0 variants (0.00s CPU time), skipped 0 variants.
  Pass  (fp, dx12) finished in 0.01 seconds. Local cache hits 1 (0.00s CPU time), remote cache hits 0 (0.00s CPU time), compiled 0 variants (0.00s CPU time), skipped 0 variants.
    Prepared data for serialisation in 0.00s
Serialized binary data for shader Hidden/Internal-MotionVectors in 0.00s
    dx11 (total internal programs: 6, unique: 5)
    dx12 (total internal programs: 6, unique: 5)
Compiling shader "Hidden/Internal-Flare"
  Pass "" (vp)
    Target graphics API: dx11
    Full variant space:         1
    After settings filtering:   1
    After built-in stripping:   1
    After scriptable stripping: 1
    Processed in 0.00 seconds
    Target graphics API: dx12
    Full variant space:         1
    After settings filtering:   1
    After built-in stripping:   1
    After scriptable stripping: 1
    Processed in 0.00 seconds
  Pass "" (fp)
    Target graphics API: dx11
    Full variant space:         1
    After settings filtering:   1
    After built-in stripping:   1
    After scriptable stripping: 1
    Processed in 0.00 seconds
    Target graphics API: dx12
    Full variant space:         1
    After settings filtering:   1
    After built-in stripping:   1
    After scriptable stripping: 1
    Processed in 0.00 seconds
  Pass  (vp, dx11) finished in 0.00 seconds. Local cache hits 1 (0.00s CPU time), remote cache hits 0 (0.00s CPU time), compiled 0 variants (0.00s CPU time), skipped 0 variants.
  Pass  (vp, dx12) finished in 0.00 seconds. Local cache hits 1 (0.00s CPU time), remote cache hits 0 (0.00s CPU time), compiled 0 variants (0.00s CPU time), skipped 0 variants.
    Prepared data for serialisation in 0.00s
  Pass  (fp, dx11) finished in 0.00 seconds. Local cache hits 1 (0.00s CPU time), remote cache hits 0 (0.00s CPU time), compiled 0 variants (0.00s CPU time), skipped 0 variants.
  Pass  (fp, dx12) finished in 0.00 seconds. Local cache hits 1 (0.00s CPU time), remote cache hits 0 (0.00s CPU time), compiled 0 variants (0.00s CPU time), skipped 0 variants.
    Prepared data for serialisation in 0.00s
Serialized binary data for shader Hidden/Internal-Flare in 0.00s
    dx11 (total internal programs: 2, unique: 2)
    dx12 (total internal programs: 2, unique: 2)
Compiling shader "Hidden/Internal-Halo"
  Pass "" (vp)
    Target graphics API: dx11
    Full variant space:         4
    After settings filtering:   4
    After built-in stripping:   1
    After scriptable stripping: 1
    Processed in 0.00 seconds
    Target graphics API: dx12
    Full variant space:         4
    After settings filtering:   4
    After built-in stripping:   1
    After scriptable stripping: 1
    Processed in 0.00 seconds
  Pass "" (fp)
    Target graphics API: dx11
    Full variant space:         4
    After settings filtering:   4
    After built-in stripping:   1
    After scriptable stripping: 1
    Processed in 0.00 seconds
    Target graphics API: dx12
    Full variant space:         4
    After settings filtering:   4
    After built-in stripping:   1
    After scriptable stripping: 1
    Processed in 0.00 seconds
  Pass  (vp, dx11) finished in 0.00 seconds. Local cache hits 1 (0.00s CPU time), remote cache hits 0 (0.00s CPU time), compiled 0 variants (0.00s CPU time), skipped 0 variants.
  Pass  (vp, dx12) finished in 0.00 seconds. Local cache hits 1 (0.00s CPU time), remote cache hits 0 (0.00s CPU time), compiled 0 variants (0.00s CPU time), skipped 0 variants.
    Prepared data for serialisation in 0.00s
  Pass  (fp, dx11) finished in 0.00 seconds. Local cache hits 1 (0.00s CPU time), remote cache hits 0 (0.00s CPU time), compiled 0 variants (0.00s CPU time), skipped 0 variants.
  Pass  (fp, dx12) finished in 0.00 seconds. Local cache hits 1 (0.00s CPU time), remote cache hits 0 (0.00s CPU time), compiled 0 variants (0.00s CPU time), skipped 0 variants.
    Prepared data for serialisation in 0.00s
Serialized binary data for shader Hidden/Internal-Halo in 0.00s
    dx11 (total internal programs: 2, unique: 2)
    dx12 (total internal programs: 2, unique: 2)
Compiling shader "Hidden/BlitCopyWithDepth"
  Pass "" (vp)
    Target graphics API: dx11
    Full variant space:         1
    After settings filtering:   1
    After built-in stripping:   1
    After scriptable stripping: 1
    Processed in 0.00 seconds
    Target graphics API: dx12
    Full variant space:         1
    After settings filtering:   1
    After built-in stripping:   1
    After scriptable stripping: 1
    Processed in 0.00 seconds
  Pass "" (fp)
    Target graphics API: dx11
    Full variant space:         1
    After settings filtering:   1
    After built-in stripping:   1
    After scriptable stripping: 1
    Processed in 0.00 seconds
    Target graphics API: dx12
    Full variant space:         1
    After settings filtering:   1
    After built-in stripping:   1
    After scriptable stripping: 1
    Processed in 0.00 seconds
  Pass  (vp, dx11) finished in 0.00 seconds. Local cache hits 1 (0.00s CPU time), remote cache hits 0 (0.00s CPU time), compiled 0 variants (0.00s CPU time), skipped 0 variants.
  Pass  (vp, dx12) finished in 0.00 seconds. Local cache hits 1 (0.00s CPU time), remote cache hits 0 (0.00s CPU time), compiled 0 variants (0.00s CPU time), skipped 0 variants.
    Prepared data for serialisation in 0.00s
  Pass  (fp, dx11) finished in 0.00 seconds. Local cache hits 1 (0.00s CPU time), remote cache hits 0 (0.00s CPU time), compiled 0 variants (0.00s CPU time), skipped 0 variants.
  Pass  (fp, dx12) finished in 0.00 seconds. Local cache hits 1 (0.00s CPU time), remote cache hits 0 (0.00s CPU time), compiled 0 variants (0.00s CPU time), skipped 0 variants.
    Prepared data for serialisation in 0.00s
Serialized binary data for shader Hidden/BlitCopyWithDepth in 0.00s
    dx11 (total internal programs: 2, unique: 2)
    dx12 (total internal programs: 2, unique: 2)
Compiling shader "Hidden/BlitToDepth"
  Pass "" (vp)
    Target graphics API: dx11
    Full variant space:         1
    After settings filtering:   1
    After built-in stripping:   1
    After scriptable stripping: 1
    Processed in 0.00 seconds
    Target graphics API: dx12
    Full variant space:         1
    After settings filtering:   1
    After built-in stripping:   1
    After scriptable stripping: 1
    Processed in 0.00 seconds
  Pass "" (fp)
    Target graphics API: dx11
    Full variant space:         1
    After settings filtering:   1
    After built-in stripping:   1
    After scriptable stripping: 1
    Processed in 0.00 seconds
    Target graphics API: dx12
    Full variant space:         1
    After settings filtering:   1
    After built-in stripping:   1
    After scriptable stripping: 1
    Processed in 0.00 seconds
  Pass  (vp, dx11) finished in 0.00 seconds. Local cache hits 1 (0.00s CPU time), remote cache hits 0 (0.00s CPU time), compiled 0 variants (0.00s CPU time), skipped 0 variants.
  Pass  (vp, dx12) finished in 0.00 seconds. Local cache hits 1 (0.00s CPU time), remote cache hits 0 (0.00s CPU time), compiled 0 variants (0.00s CPU time), skipped 0 variants.
    Prepared data for serialisation in 0.00s
  Pass  (fp, dx11) finished in 0.00 seconds. Local cache hits 1 (0.00s CPU time), remote cache hits 0 (0.00s CPU time), compiled 0 variants (0.00s CPU time), skipped 0 variants.
  Pass  (fp, dx12) finished in 0.00 seconds. Local cache hits 1 (0.00s CPU time), remote cache hits 0 (0.00s CPU time), compiled 0 variants (0.00s CPU time), skipped 0 variants.
    Prepared data for serialisation in 0.00s
Serialized binary data for shader Hidden/BlitToDepth in 0.00s
    dx11 (total internal programs: 2, unique: 2)
    dx12 (total internal programs: 2, unique: 2)
Compiling shader "Hidden/BlitToDepth_MSAA"
  Pass "" (vp)
    Target graphics API: dx11
    Full variant space:         1
    After settings filtering:   1
    After built-in stripping:   1
    After scriptable stripping: 1
    Processed in 0.00 seconds
    Target graphics API: dx12
    Full variant space:         1
    After settings filtering:   1
    After built-in stripping:   1
    After scriptable stripping: 1
    Processed in 0.00 seconds
  Pass "" (fp)
    Target graphics API: dx11
    Full variant space:         1
    After settings filtering:   1
    After built-in stripping:   1
    After scriptable stripping: 1
    Processed in 0.00 seconds
    Target graphics API: dx12
    Full variant space:         1
    After settings filtering:   1
    After built-in stripping:   1
    After scriptable stripping: 1
    Processed in 0.00 seconds
  Pass  (vp, dx11) finished in 0.01 seconds. Local cache hits 1 (0.00s CPU time), remote cache hits 0 (0.00s CPU time), compiled 0 variants (0.00s CPU time), skipped 0 variants.
  Pass  (vp, dx12) finished in 0.01 seconds. Local cache hits 1 (0.00s CPU time), remote cache hits 0 (0.00s CPU time), compiled 0 variants (0.00s CPU time), skipped 0 variants.
    Prepared data for serialisation in 0.00s
  Pass  (fp, dx11) finished in 0.01 seconds. Local cache hits 1 (0.00s CPU time), remote cache hits 0 (0.00s CPU time), compiled 0 variants (0.00s CPU time), skipped 0 variants.
  Pass  (fp, dx12) finished in 0.00 seconds. Local cache hits 1 (0.00s CPU time), remote cache hits 0 (0.00s CPU time), compiled 0 variants (0.00s CPU time), skipped 0 variants.
    Prepared data for serialisation in 0.00s
Serialized binary data for shader Hidden/BlitToDepth_MSAA in 0.00s
    dx11 (total internal programs: 2, unique: 2)
    dx12 (total internal programs: 2, unique: 2)
Compiling shader "Hidden/BlitCopyHDRTonemap"
  Pass "" (vp)
    Target graphics API: dx11
    Full variant space:         1
    After settings filtering:   1
    After built-in stripping:   1
    After scriptable stripping: 1
    Processed in 0.00 seconds
    Target graphics API: dx12
    Full variant space:         1
    After settings filtering:   1
    After built-in stripping:   1
    After scriptable stripping: 1
    Processed in 0.00 seconds
  Pass "" (fp)
    Target graphics API: dx11
    Full variant space:         1
    After settings filtering:   1
    After built-in stripping:   1
    After scriptable stripping: 1
    Processed in 0.00 seconds
    Target graphics API: dx12
    Full variant space:         1
    After settings filtering:   1
    After built-in stripping:   1
    After scriptable stripping: 1
    Processed in 0.00 seconds
  Pass  (vp, dx11) finished in 0.00 seconds. Local cache hits 1 (0.00s CPU time), remote cache hits 0 (0.00s CPU time), compiled 0 variants (0.00s CPU time), skipped 0 variants.
  Pass  (vp, dx12) finished in 0.00 seconds. Local cache hits 1 (0.00s CPU time), remote cache hits 0 (0.00s CPU time), compiled 0 variants (0.00s CPU time), skipped 0 variants.
    Prepared data for serialisation in 0.00s
  Pass  (fp, dx11) finished in 0.00 seconds. Local cache hits 1 (0.00s CPU time), remote cache hits 0 (0.00s CPU time), compiled 0 variants (0.00s CPU time), skipped 0 variants.
  Pass  (fp, dx12) finished in 0.00 seconds. Local cache hits 1 (0.00s CPU time), remote cache hits 0 (0.00s CPU time), compiled 0 variants (0.00s CPU time), skipped 0 variants.
    Prepared data for serialisation in 0.00s
Serialized binary data for shader Hidden/BlitCopyHDRTonemap in 0.00s
    dx11 (total internal programs: 2, unique: 2)
    dx12 (total internal programs: 2, unique: 2)
Compiling shader "Hidden/Internal-DebugPattern"
  Pass "Target Color and DepthStencil" (vp)
    Target graphics API: dx11
    Full variant space:         1
    After settings filtering:   1
    After built-in stripping:   1
    After scriptable stripping: 1
    Processed in 0.00 seconds
    Target graphics API: dx12
    Full variant space:         1
    After settings filtering:   1
    After built-in stripping:   1
    After scriptable stripping: 1
    Processed in 0.00 seconds
  Pass "Target Color and DepthStencil" (fp)
    Target graphics API: dx11
    Full variant space:         1
    After settings filtering:   1
    After built-in stripping:   1
    After scriptable stripping: 1
    Processed in 0.00 seconds
    Target graphics API: dx12
    Full variant space:         1
    After settings filtering:   1
    After built-in stripping:   1
    After scriptable stripping: 1
    Processed in 0.00 seconds
  Pass "Target only Color" (vp)
    Target graphics API: dx11
    Full variant space:         1
    After settings filtering:   1
    After built-in stripping:   1
    After scriptable stripping: 1
    Processed in 0.00 seconds
    Target graphics API: dx12
    Full variant space:         1
    After settings filtering:   1
    After built-in stripping:   1
    After scriptable stripping: 1
    Processed in 0.00 seconds
  Pass "Target only Color" (fp)
    Target graphics API: dx11
    Full variant space:         1
    After settings filtering:   1
    After built-in stripping:   1
    After scriptable stripping: 1
    Processed in 0.00 seconds
    Target graphics API: dx12
    Full variant space:         1
    After settings filtering:   1
    After built-in stripping:   1
    After scriptable stripping: 1
    Processed in 0.00 seconds
  Pass "Target only DepthStencil" (vp)
    Target graphics API: dx11
    Full variant space:         1
    After settings filtering:   1
    After built-in stripping:   1
    After scriptable stripping: 1
    Processed in 0.00 seconds
    Target graphics API: dx12
    Full variant space:         1
    After settings filtering:   1
    After built-in stripping:   1
    After scriptable stripping: 1
    Processed in 0.00 seconds
  Pass "Target only DepthStencil" (fp)
    Target graphics API: dx11
    Full variant space:         1
    After settings filtering:   1
    After built-in stripping:   1
    After scriptable stripping: 1
    Processed in 0.00 seconds
    Target graphics API: dx12
    Full variant space:         1
    After settings filtering:   1
    After built-in stripping:   1
    After scriptable stripping: 1
    Processed in 0.00 seconds
  Pass Target Color and DepthStencil (vp, dx11) finished in 0.00 seconds. Local cache hits 1 (0.00s CPU time), remote cache hits 0 (0.00s CPU time), compiled 0 variants (0.00s CPU time), skipped 0 variants.
  Pass Target Color and DepthStencil (vp, dx12) finished in 0.00 seconds. Local cache hits 1 (0.00s CPU time), remote cache hits 0 (0.00s CPU time), compiled 0 variants (0.00s CPU time), skipped 0 variants.
    Prepared data for serialisation in 0.00s
  Pass Target Color and DepthStencil (fp, dx11) finished in 0.00 seconds. Local cache hits 1 (0.00s CPU time), remote cache hits 0 (0.00s CPU time), compiled 0 variants (0.00s CPU time), skipped 0 variants.
  Pass Target Color and DepthStencil (fp, dx12) finished in 0.00 seconds. Local cache hits 1 (0.00s CPU time), remote cache hits 0 (0.00s CPU time), compiled 0 variants (0.00s CPU time), skipped 0 variants.
    Prepared data for serialisation in 0.00s
  Pass Target only Color (vp, dx11) finished in 0.00 seconds. Local cache hits 1 (0.00s CPU time), remote cache hits 0 (0.00s CPU time), compiled 0 variants (0.00s CPU time), skipped 0 variants.
  Pass Target only Color (vp, dx12) finished in 0.00 seconds. Local cache hits 1 (0.00s CPU time), remote cache hits 0 (0.00s CPU time), compiled 0 variants (0.00s CPU time), skipped 0 variants.
    Prepared data for serialisation in 0.00s
  Pass Target only Color (fp, dx11) finished in 0.00 seconds. Local cache hits 1 (0.00s CPU time), remote cache hits 0 (0.00s CPU time), compiled 0 variants (0.00s CPU time), skipped 0 variants.
  Pass Target only Color (fp, dx12) finished in 0.00 seconds. Local cache hits 1 (0.00s CPU time), remote cache hits 0 (0.00s CPU time), compiled 0 variants (0.00s CPU time), skipped 0 variants.
    Prepared data for serialisation in 0.00s
  Pass Target only DepthStencil (vp, dx11) finished in 0.00 seconds. Local cache hits 1 (0.00s CPU time), remote cache hits 0 (0.00s CPU time), compiled 0 variants (0.00s CPU time), skipped 0 variants.
  Pass Target only DepthStencil (vp, dx12) finished in 0.00 seconds. Local cache hits 1 (0.00s CPU time), remote cache hits 0 (0.00s CPU time), compiled 0 variants (0.00s CPU time), skipped 0 variants.
    Prepared data for serialisation in 0.00s
  Pass Target only DepthStencil (fp, dx11) finished in 0.00 seconds. Local cache hits 1 (0.00s CPU time), remote cache hits 0 (0.00s CPU time), compiled 0 variants (0.00s CPU time), skipped 0 variants.
  Pass Target only DepthStencil (fp, dx12) finished in 0.00 seconds. Local cache hits 1 (0.00s CPU time), remote cache hits 0 (0.00s CPU time), compiled 0 variants (0.00s CPU time), skipped 0 variants.
    Prepared data for serialisation in 0.00s
Serialized binary data for shader Hidden/Internal-DebugPattern in 0.00s
    dx11 (total internal programs: 6, unique: 4)
    dx12 (total internal programs: 6, unique: 4)
Compiling shader "Particles/Standard Unlit"
  Pass "ShadowCaster" (vp)
    Target graphics API: dx11
    Full variant space:         6
    After settings filtering:   6
    After built-in stripping:   4
    After scriptable stripping: 4
    Processed in 0.00 seconds
    Target graphics API: dx12
    Full variant space:         6
    After settings filtering:   6
    After built-in stripping:   4
    After scriptable stripping: 4
    Processed in 0.00 seconds
  Pass "ShadowCaster" (fp)
    Target graphics API: dx11
    Full variant space:         6
    After settings filtering:   6
    After built-in stripping:   4
    After scriptable stripping: 4
    Processed in 0.00 seconds
    Target graphics API: dx12
    Full variant space:         6
    After settings filtering:   6
    After built-in stripping:   4
    After scriptable stripping: 4
    Processed in 0.00 seconds
  Pass "" (vp)
    Target graphics API: dx11
    Full variant space:         24
    After settings filtering:   24
    After built-in stripping:   4
    After scriptable stripping: 4
    Processed in 0.00 seconds
    Target graphics API: dx12
    Full variant space:         24
    After settings filtering:   24
    After built-in stripping:   4
    After scriptable stripping: 4
    Processed in 0.00 seconds
  Pass "" (fp)
    Target graphics API: dx11
    Full variant space:         24
    After settings filtering:   24
    After built-in stripping:   4
    After scriptable stripping: 4
    Processed in 0.00 seconds
    Target graphics API: dx12
    Full variant space:         24
    After settings filtering:   24
    After built-in stripping:   4
    After scriptable stripping: 4
    Processed in 0.00 seconds
  Pass ShadowCaster (vp, dx11) finished in 0.01 seconds. Local cache hits 4 (0.00s CPU time), remote cache hits 0 (0.00s CPU time), compiled 0 variants (0.00s CPU time), skipped 0 variants.
  Pass ShadowCaster (vp, dx12) finished in 0.01 seconds. Local cache hits 4 (0.00s CPU time), remote cache hits 0 (0.00s CPU time), compiled 0 variants (0.00s CPU time), skipped 0 variants.
    Prepared data for serialisation in 0.00s
  Pass ShadowCaster (fp, dx11) finished in 0.01 seconds. Local cache hits 4 (0.00s CPU time), remote cache hits 0 (0.00s CPU time), compiled 0 variants (0.00s CPU time), skipped 0 variants.
  Pass ShadowCaster (fp, dx12) finished in 0.01 seconds. Local cache hits 4 (0.00s CPU time), remote cache hits 0 (0.00s CPU time), compiled 0 variants (0.00s CPU time), skipped 0 variants.
    Prepared data for serialisation in 0.00s
  Pass  (vp, dx11) finished in 0.00 seconds. Local cache hits 4 (0.00s CPU time), remote cache hits 0 (0.00s CPU time), compiled 0 variants (0.00s CPU time), skipped 0 variants.
  Pass  (vp, dx12) finished in 0.00 seconds. Local cache hits 4 (0.00s CPU time), remote cache hits 0 (0.00s CPU time), compiled 0 variants (0.00s CPU time), skipped 0 variants.
    Prepared data for serialisation in 0.00s
  Pass  (fp, dx11) finished in 0.00 seconds. Local cache hits 4 (0.00s CPU time), remote cache hits 0 (0.00s CPU time), compiled 0 variants (0.00s CPU time), skipped 0 variants.
  Pass  (fp, dx12) finished in 0.00 seconds. Local cache hits 4 (0.00s CPU time), remote cache hits 0 (0.00s CPU time), compiled 0 variants (0.00s CPU time), skipped 0 variants.
    Prepared data for serialisation in 0.00s
Serialized binary data for shader Particles/Standard Unlit in 0.00s
    dx11 (total internal programs: 16, unique: 16)
    dx12 (total internal programs: 16, unique: 16)
Compiling shader "Hidden/Internal-GUITextureClip"
  Pass "" (vp)
    Target graphics API: dx11
    Full variant space:         1
    After settings filtering:   1
    After built-in stripping:   1
    After scriptable stripping: 1
    Processed in 0.00 seconds
    Target graphics API: dx12
    Full variant space:         1
    After settings filtering:   1
    After built-in stripping:   1
    After scriptable stripping: 1
    Processed in 0.00 seconds
  Pass "" (fp)
    Target graphics API: dx11
    Full variant space:         1
    After settings filtering:   1
    After built-in stripping:   1
    After scriptable stripping: 1
    Processed in 0.00 seconds
    Target graphics API: dx12
    Full variant space:         1
    After settings filtering:   1
    After built-in stripping:   1
    After scriptable stripping: 1
    Processed in 0.00 seconds
  Pass "" (vp)
    Target graphics API: dx11
    Full variant space:         1
    After settings filtering:   1
    After built-in stripping:   1
    After scriptable stripping: 1
    Processed in 0.00 seconds
    Target graphics API: dx12
    Full variant space:         1
    After settings filtering:   1
    After built-in stripping:   1
    After scriptable stripping: 1
    Processed in 0.00 seconds
  Pass "" (fp)
    Target graphics API: dx11
    Full variant space:         1
    After settings filtering:   1
    After built-in stripping:   1
    After scriptable stripping: 1
    Processed in 0.00 seconds
    Target graphics API: dx12
    Full variant space:         1
    After settings filtering:   1
    After built-in stripping:   1
    After scriptable stripping: 1
    Processed in 0.00 seconds
  Pass  (vp, dx11) finished in 0.00 seconds. Local cache hits 1 (0.00s CPU time), remote cache hits 0 (0.00s CPU time), compiled 0 variants (0.00s CPU time), skipped 0 variants.
  Pass  (vp, dx12) finished in 0.00 seconds. Local cache hits 1 (0.00s CPU time), remote cache hits 0 (0.00s CPU time), compiled 0 variants (0.00s CPU time), skipped 0 variants.
    Prepared data for serialisation in 0.00s
  Pass  (fp, dx11) finished in 0.00 seconds. Local cache hits 1 (0.00s CPU time), remote cache hits 0 (0.00s CPU time), compiled 0 variants (0.00s CPU time), skipped 0 variants.
  Pass  (fp, dx12) finished in 0.00 seconds. Local cache hits 1 (0.00s CPU time), remote cache hits 0 (0.00s CPU time), compiled 0 variants (0.00s CPU time), skipped 0 variants.
    Prepared data for serialisation in 0.00s
  Pass  (vp, dx11) finished in 0.00 seconds. Local cache hits 1 (0.00s CPU time), remote cache hits 0 (0.00s CPU time), compiled 0 variants (0.00s CPU time), skipped 0 variants.
  Pass  (vp, dx12) finished in 0.00 seconds. Local cache hits 1 (0.00s CPU time), remote cache hits 0 (0.00s CPU time), compiled 0 variants (0.00s CPU time), skipped 0 variants.
    Prepared data for serialisation in 0.00s
  Pass  (fp, dx11) finished in 0.00 seconds. Local cache hits 1 (0.00s CPU time), remote cache hits 0 (0.00s CPU time), compiled 0 variants (0.00s CPU time), skipped 0 variants.
  Pass  (fp, dx12) finished in 0.00 seconds. Local cache hits 1 (0.00s CPU time), remote cache hits 0 (0.00s CPU time), compiled 0 variants (0.00s CPU time), skipped 0 variants.
    Prepared data for serialisation in 0.00s
Serialized binary data for shader Hidden/Internal-GUITextureClip in 0.00s
    dx11 (total internal programs: 4, unique: 2)
    dx12 (total internal programs: 4, unique: 2)
Compiling shader "Hidden/Internal-GUITextureClipText"
  Pass "" (vp)
    Target graphics API: dx11
    Full variant space:         1
    After settings filtering:   1
    After built-in stripping:   1
    After scriptable stripping: 1
    Processed in 0.00 seconds
    Target graphics API: dx12
    Full variant space:         1
    After settings filtering:   1
    After built-in stripping:   1
    After scriptable stripping: 1
    Processed in 0.00 seconds
  Pass "" (fp)
    Target graphics API: dx11
    Full variant space:         1
    After settings filtering:   1
    After built-in stripping:   1
    After scriptable stripping: 1
    Processed in 0.00 seconds
    Target graphics API: dx12
    Full variant space:         1
    After settings filtering:   1
    After built-in stripping:   1
    After scriptable stripping: 1
    Processed in 0.00 seconds
  Pass "" (vp)
    Target graphics API: dx11
    Full variant space:         1
    After settings filtering:   1
    After built-in stripping:   1
    After scriptable stripping: 1
    Processed in 0.00 seconds
    Target graphics API: dx12
    Full variant space:         1
    After settings filtering:   1
    After built-in stripping:   1
    After scriptable stripping: 1
    Processed in 0.00 seconds
  Pass "" (fp)
    Target graphics API: dx11
    Full variant space:         1
    After settings filtering:   1
    After built-in stripping:   1
    After scriptable stripping: 1
    Processed in 0.00 seconds
    Target graphics API: dx12
    Full variant space:         1
    After settings filtering:   1
    After built-in stripping:   1
    After scriptable stripping: 1
    Processed in 0.00 seconds
  Pass  (vp, dx11) finished in 0.00 seconds. Local cache hits 1 (0.00s CPU time), remote cache hits 0 (0.00s CPU time), compiled 0 variants (0.00s CPU time), skipped 0 variants.
  Pass  (vp, dx12) finished in 0.00 seconds. Local cache hits 1 (0.00s CPU time), remote cache hits 0 (0.00s CPU time), compiled 0 variants (0.00s CPU time), skipped 0 variants.
    Prepared data for serialisation in 0.00s
  Pass  (fp, dx11) finished in 0.00 seconds. Local cache hits 1 (0.00s CPU time), remote cache hits 0 (0.00s CPU time), compiled 0 variants (0.00s CPU time), skipped 0 variants.
  Pass  (fp, dx12) finished in 0.00 seconds. Local cache hits 1 (0.00s CPU time), remote cache hits 0 (0.00s CPU time), compiled 0 variants (0.00s CPU time), skipped 0 variants.
    Prepared data for serialisation in 0.00s
  Pass  (vp, dx11) finished in 0.00 seconds. Local cache hits 1 (0.00s CPU time), remote cache hits 0 (0.00s CPU time), compiled 0 variants (0.00s CPU time), skipped 0 variants.
  Pass  (vp, dx12) finished in 0.00 seconds. Local cache hits 1 (0.00s CPU time), remote cache hits 0 (0.00s CPU time), compiled 0 variants (0.00s CPU time), skipped 0 variants.
    Prepared data for serialisation in 0.00s
  Pass  (fp, dx11) finished in 0.00 seconds. Local cache hits 1 (0.00s CPU time), remote cache hits 0 (0.00s CPU time), compiled 0 variants (0.00s CPU time), skipped 0 variants.
  Pass  (fp, dx12) finished in 0.00 seconds. Local cache hits 1 (0.00s CPU time), remote cache hits 0 (0.00s CPU time), compiled 0 variants (0.00s CPU time), skipped 0 variants.
    Prepared data for serialisation in 0.00s
Serialized binary data for shader Hidden/Internal-GUITextureClipText in 0.00s
    dx11 (total internal programs: 4, unique: 2)
    dx12 (total internal programs: 4, unique: 2)
Compiling shader "Hidden/Internal-GUITexture"
  Pass "" (vp)
    Target graphics API: dx11
    Full variant space:         1
    After settings filtering:   1
    After built-in stripping:   1
    After scriptable stripping: 1
    Processed in 0.00 seconds
    Target graphics API: dx12
    Full variant space:         1
    After settings filtering:   1
    After built-in stripping:   1
    After scriptable stripping: 1
    Processed in 0.00 seconds
  Pass "" (fp)
    Target graphics API: dx11
    Full variant space:         1
    After settings filtering:   1
    After built-in stripping:   1
    After scriptable stripping: 1
    Processed in 0.00 seconds
    Target graphics API: dx12
    Full variant space:         1
    After settings filtering:   1
    After built-in stripping:   1
    After scriptable stripping: 1
    Processed in 0.00 seconds
  Pass "" (vp)
    Target graphics API: dx11
    Full variant space:         1
    After settings filtering:   1
    After built-in stripping:   1
    After scriptable stripping: 1
    Processed in 0.00 seconds
    Target graphics API: dx12
    Full variant space:         1
    After settings filtering:   1
    After built-in stripping:   1
    After scriptable stripping: 1
    Processed in 0.00 seconds
  Pass "" (fp)
    Target graphics API: dx11
    Full variant space:         1
    After settings filtering:   1
    After built-in stripping:   1
    After scriptable stripping: 1
    Processed in 0.00 seconds
    Target graphics API: dx12
    Full variant space:         1
    After settings filtering:   1
    After built-in stripping:   1
    After scriptable stripping: 1
    Processed in 0.00 seconds
  Pass  (vp, dx11) finished in 0.00 seconds. Local cache hits 1 (0.00s CPU time), remote cache hits 0 (0.00s CPU time), compiled 0 variants (0.00s CPU time), skipped 0 variants.
  Pass  (vp, dx12) finished in 0.00 seconds. Local cache hits 1 (0.00s CPU time), remote cache hits 0 (0.00s CPU time), compiled 0 variants (0.00s CPU time), skipped 0 variants.
    Prepared data for serialisation in 0.00s
  Pass  (fp, dx11) finished in 0.00 seconds. Local cache hits 1 (0.00s CPU time), remote cache hits 0 (0.00s CPU time), compiled 0 variants (0.00s CPU time), skipped 0 variants.
  Pass  (fp, dx12) finished in 0.00 seconds. Local cache hits 1 (0.00s CPU time), remote cache hits 0 (0.00s CPU time), compiled 0 variants (0.00s CPU time), skipped 0 variants.
    Prepared data for serialisation in 0.00s
  Pass  (vp, dx11) finished in 0.00 seconds. Local cache hits 1 (0.00s CPU time), remote cache hits 0 (0.00s CPU time), compiled 0 variants (0.00s CPU time), skipped 0 variants.
  Pass  (vp, dx12) finished in 0.00 seconds. Local cache hits 1 (0.00s CPU time), remote cache hits 0 (0.00s CPU time), compiled 0 variants (0.00s CPU time), skipped 0 variants.
    Prepared data for serialisation in 0.00s
  Pass  (fp, dx11) finished in 0.00 seconds. Local cache hits 1 (0.00s CPU time), remote cache hits 0 (0.00s CPU time), compiled 0 variants (0.00s CPU time), skipped 0 variants.
  Pass  (fp, dx12) finished in 0.00 seconds. Local cache hits 1 (0.00s CPU time), remote cache hits 0 (0.00s CPU time), compiled 0 variants (0.00s CPU time), skipped 0 variants.
    Prepared data for serialisation in 0.00s
Serialized binary data for shader Hidden/Internal-GUITexture in 0.00s
    dx11 (total internal programs: 4, unique: 2)
    dx12 (total internal programs: 4, unique: 2)
Compiling shader "Hidden/Internal-GUITextureBlit"
  Pass "" (vp)
    Target graphics API: dx11
    Full variant space:         1
    After settings filtering:   1
    After built-in stripping:   1
    After scriptable stripping: 1
    Processed in 0.00 seconds
    Target graphics API: dx12
    Full variant space:         1
    After settings filtering:   1
    After built-in stripping:   1
    After scriptable stripping: 1
    Processed in 0.00 seconds
  Pass "" (fp)
    Target graphics API: dx11
    Full variant space:         1
    After settings filtering:   1
    After built-in stripping:   1
    After scriptable stripping: 1
    Processed in 0.00 seconds
    Target graphics API: dx12
    Full variant space:         1
    After settings filtering:   1
    After built-in stripping:   1
    After scriptable stripping: 1
    Processed in 0.00 seconds
  Pass "" (vp)
    Target graphics API: dx11
    Full variant space:         1
    After settings filtering:   1
    After built-in stripping:   1
    After scriptable stripping: 1
    Processed in 0.00 seconds
    Target graphics API: dx12
    Full variant space:         1
    After settings filtering:   1
    After built-in stripping:   1
    After scriptable stripping: 1
    Processed in 0.00 seconds
  Pass "" (fp)
    Target graphics API: dx11
    Full variant space:         1
    After settings filtering:   1
    After built-in stripping:   1
    After scriptable stripping: 1
    Processed in 0.00 seconds
    Target graphics API: dx12
    Full variant space:         1
    After settings filtering:   1
    After built-in stripping:   1
    After scriptable stripping: 1
    Processed in 0.00 seconds
  Pass  (vp, dx11) finished in 0.00 seconds. Local cache hits 1 (0.00s CPU time), remote cache hits 0 (0.00s CPU time), compiled 0 variants (0.00s CPU time), skipped 0 variants.
  Pass  (vp, dx12) finished in 0.00 seconds. Local cache hits 1 (0.00s CPU time), remote cache hits 0 (0.00s CPU time), compiled 0 variants (0.00s CPU time), skipped 0 variants.
    Prepared data for serialisation in 0.00s
  Pass  (fp, dx11) finished in 0.00 seconds. Local cache hits 1 (0.00s CPU time), remote cache hits 0 (0.00s CPU time), compiled 0 variants (0.00s CPU time), skipped 0 variants.
  Pass  (fp, dx12) finished in 0.00 seconds. Local cache hits 1 (0.00s CPU time), remote cache hits 0 (0.00s CPU time), compiled 0 variants (0.00s CPU time), skipped 0 variants.
    Prepared data for serialisation in 0.00s
  Pass  (vp, dx11) finished in 0.00 seconds. Local cache hits 1 (0.00s CPU time), remote cache hits 0 (0.00s CPU time), compiled 0 variants (0.00s CPU time), skipped 0 variants.
  Pass  (vp, dx12) finished in 0.00 seconds. Local cache hits 1 (0.00s CPU time), remote cache hits 0 (0.00s CPU time), compiled 0 variants (0.00s CPU time), skipped 0 variants.
    Prepared data for serialisation in 0.00s
  Pass  (fp, dx11) finished in 0.00 seconds. Local cache hits 1 (0.00s CPU time), remote cache hits 0 (0.00s CPU time), compiled 0 variants (0.00s CPU time), skipped 0 variants.
  Pass  (fp, dx12) finished in 0.00 seconds. Local cache hits 1 (0.00s CPU time), remote cache hits 0 (0.00s CPU time), compiled 0 variants (0.00s CPU time), skipped 0 variants.
    Prepared data for serialisation in 0.00s
Serialized binary data for shader Hidden/Internal-GUITextureBlit in 0.00s
    dx11 (total internal programs: 4, unique: 2)
    dx12 (total internal programs: 4, unique: 2)
Compiling shader "Hidden/Internal-GUIRoundedRect"
  Pass "" (vp)
    Target graphics API: dx11
    Full variant space:         1
    After settings filtering:   1
    After built-in stripping:   1
    After scriptable stripping: 1
    Processed in 0.00 seconds
    Target graphics API: dx12
    Full variant space:         1
    After settings filtering:   1
    After built-in stripping:   1
    After scriptable stripping: 1
    Processed in 0.00 seconds
  Pass "" (fp)
    Target graphics API: dx11
    Full variant space:         1
    After settings filtering:   1
    After built-in stripping:   1
    After scriptable stripping: 1
    Processed in 0.00 seconds
    Target graphics API: dx12
    Full variant space:         1
    After settings filtering:   1
    After built-in stripping:   1
    After scriptable stripping: 1
    Processed in 0.00 seconds
  Pass "" (vp)
    Target graphics API: dx11
    Full variant space:         1
    After settings filtering:   1
    After built-in stripping:   1
    After scriptable stripping: 1
    Processed in 0.00 seconds
    Target graphics API: dx12
    Full variant space:         1
    After settings filtering:   1
    After built-in stripping:   1
    After scriptable stripping: 1
    Processed in 0.00 seconds
  Pass "" (fp)
    Target graphics API: dx11
    Full variant space:         1
    After settings filtering:   1
    After built-in stripping:   1
    After scriptable stripping: 1
    Processed in 0.00 seconds
    Target graphics API: dx12
    Full variant space:         1
    After settings filtering:   1
    After built-in stripping:   1
    After scriptable stripping: 1
    Processed in 0.00 seconds
  Pass  (vp, dx11) finished in 0.01 seconds. Local cache hits 1 (0.00s CPU time), remote cache hits 0 (0.00s CPU time), compiled 0 variants (0.00s CPU time), skipped 0 variants.
  Pass  (vp, dx12) finished in 0.01 seconds. Local cache hits 1 (0.00s CPU time), remote cache hits 0 (0.00s CPU time), compiled 0 variants (0.00s CPU time), skipped 0 variants.
    Prepared data for serialisation in 0.00s
  Pass  (fp, dx11) finished in 0.01 seconds. Local cache hits 1 (0.00s CPU time), remote cache hits 0 (0.00s CPU time), compiled 0 variants (0.00s CPU time), skipped 0 variants.
  Pass  (fp, dx12) finished in 0.01 seconds. Local cache hits 1 (0.00s CPU time), remote cache hits 0 (0.00s CPU time), compiled 0 variants (0.00s CPU time), skipped 0 variants.
    Prepared data for serialisation in 0.00s
  Pass  (vp, dx11) finished in 0.01 seconds. Local cache hits 1 (0.00s CPU time), remote cache hits 0 (0.00s CPU time), compiled 0 variants (0.00s CPU time), skipped 0 variants.
  Pass  (vp, dx12) finished in 0.01 seconds. Local cache hits 1 (0.00s CPU time), remote cache hits 0 (0.00s CPU time), compiled 0 variants (0.00s CPU time), skipped 0 variants.
    Prepared data for serialisation in 0.00s
  Pass  (fp, dx11) finished in 0.01 seconds. Local cache hits 1 (0.00s CPU time), remote cache hits 0 (0.00s CPU time), compiled 0 variants (0.00s CPU time), skipped 0 variants.
  Pass  (fp, dx12) finished in 0.00 seconds. Local cache hits 1 (0.00s CPU time), remote cache hits 0 (0.00s CPU time), compiled 0 variants (0.00s CPU time), skipped 0 variants.
    Prepared data for serialisation in 0.00s
Serialized binary data for shader Hidden/Internal-GUIRoundedRect in 0.00s
    dx11 (total internal programs: 4, unique: 2)
    dx12 (total internal programs: 4, unique: 2)
Compiling shader "Hidden/Internal-GUIRoundedRectWithColorPerBorder"
  Pass "" (vp)
    Target graphics API: dx11
    Full variant space:         1
    After settings filtering:   1
    After built-in stripping:   1
    After scriptable stripping: 1
    Processed in 0.00 seconds
    Target graphics API: dx12
    Full variant space:         1
    After settings filtering:   1
    After built-in stripping:   1
    After scriptable stripping: 1
    Processed in 0.00 seconds
  Pass "" (fp)
    Target graphics API: dx11
    Full variant space:         1
    After settings filtering:   1
    After built-in stripping:   1
    After scriptable stripping: 1
    Processed in 0.00 seconds
    Target graphics API: dx12
    Full variant space:         1
    After settings filtering:   1
    After built-in stripping:   1
    After scriptable stripping: 1
    Processed in 0.00 seconds
  Pass "" (vp)
    Target graphics API: dx11
    Full variant space:         1
    After settings filtering:   1
    After built-in stripping:   1
    After scriptable stripping: 1
    Processed in 0.00 seconds
    Target graphics API: dx12
    Full variant space:         1
    After settings filtering:   1
    After built-in stripping:   1
    After scriptable stripping: 1
    Processed in 0.00 seconds
  Pass "" (fp)
    Target graphics API: dx11
    Full variant space:         1
    After settings filtering:   1
    After built-in stripping:   1
    After scriptable stripping: 1
    Processed in 0.00 seconds
    Target graphics API: dx12
    Full variant space:         1
    After settings filtering:   1
    After built-in stripping:   1
    After scriptable stripping: 1
    Processed in 0.00 seconds
  Pass  (vp, dx11) finished in 0.00 seconds. Local cache hits 1 (0.00s CPU time), remote cache hits 0 (0.00s CPU time), compiled 0 variants (0.00s CPU time), skipped 0 variants.
  Pass  (vp, dx12) finished in 0.00 seconds. Local cache hits 1 (0.00s CPU time), remote cache hits 0 (0.00s CPU time), compiled 0 variants (0.00s CPU time), skipped 0 variants.
    Prepared data for serialisation in 0.00s
  Pass  (fp, dx11) finished in 0.00 seconds. Local cache hits 1 (0.00s CPU time), remote cache hits 0 (0.00s CPU time), compiled 0 variants (0.00s CPU time), skipped 0 variants.
  Pass  (fp, dx12) finished in 0.00 seconds. Local cache hits 1 (0.00s CPU time), remote cache hits 0 (0.00s CPU time), compiled 0 variants (0.00s CPU time), skipped 0 variants.
    Prepared data for serialisation in 0.00s
  Pass  (vp, dx11) finished in 0.00 seconds. Local cache hits 1 (0.00s CPU time), remote cache hits 0 (0.00s CPU time), compiled 0 variants (0.00s CPU time), skipped 0 variants.
  Pass  (vp, dx12) finished in 0.00 seconds. Local cache hits 1 (0.00s CPU time), remote cache hits 0 (0.00s CPU time), compiled 0 variants (0.00s CPU time), skipped 0 variants.
    Prepared data for serialisation in 0.00s
  Pass  (fp, dx11) finished in 0.00 seconds. Local cache hits 1 (0.00s CPU time), remote cache hits 0 (0.00s CPU time), compiled 0 variants (0.00s CPU time), skipped 0 variants.
  Pass  (fp, dx12) finished in 0.00 seconds. Local cache hits 1 (0.00s CPU time), remote cache hits 0 (0.00s CPU time), compiled 0 variants (0.00s CPU time), skipped 0 variants.
    Prepared data for serialisation in 0.00s
Serialized binary data for shader Hidden/Internal-GUIRoundedRectWithColorPerBorder in 0.00s
    dx11 (total internal programs: 4, unique: 2)
    dx12 (total internal programs: 4, unique: 2)
Compiling shader "Hidden/Internal-UIRDefault"
  Pass "" (vp)
    Target graphics API: dx11
    Full variant space:         40
    After settings filtering:   40
    After built-in stripping:   40
    After scriptable stripping: 40
    Processed in 0.00 seconds
    Target graphics API: dx12
    Full variant space:         40
    After settings filtering:   40
    After built-in stripping:   40
    After scriptable stripping: 40
    Processed in 0.00 seconds
  Pass "" (fp)
    Target graphics API: dx11
    Full variant space:         40
    After settings filtering:   40
    After built-in stripping:   40
    After scriptable stripping: 40
    Processed in 0.00 seconds
    Target graphics API: dx12
    Full variant space:         40
    After settings filtering:   40
    After built-in stripping:   40
    After scriptable stripping: 40
    Processed in 0.00 seconds
  Pass  (vp, dx11) finished in 0.01 seconds. Local cache hits 40 (0.01s CPU time), remote cache hits 0 (0.00s CPU time), compiled 0 variants (0.00s CPU time), skipped 0 variants.
  Pass  (vp, dx12) finished in 0.00 seconds. Local cache hits 40 (0.00s CPU time), remote cache hits 0 (0.00s CPU time), compiled 0 variants (0.00s CPU time), skipped 0 variants.
    Prepared data for serialisation in 0.00s
  Pass  (fp, dx11) finished in 0.00 seconds. Local cache hits 40 (0.00s CPU time), remote cache hits 0 (0.00s CPU time), compiled 0 variants (0.00s CPU time), skipped 0 variants.
  Pass  (fp, dx12) finished in 0.00 seconds. Local cache hits 40 (0.00s CPU time), remote cache hits 0 (0.00s CPU time), compiled 0 variants (0.00s CPU time), skipped 0 variants.
    Prepared data for serialisation in 0.00s
Serialized binary data for shader Hidden/Internal-UIRDefault in 0.00s
    dx11 (total internal programs: 80, unique: 80)
    dx12 (total internal programs: 80, unique: 80)
Compiling shader "Hidden/Internal-UIRAtlasBlitCopy"
  Pass "" (vp)
    Target graphics API: dx11
    Full variant space:         1
    After settings filtering:   1
    After built-in stripping:   1
    After scriptable stripping: 1
    Processed in 0.00 seconds
    Target graphics API: dx12
    Full variant space:         1
    After settings filtering:   1
    After built-in stripping:   1
    After scriptable stripping: 1
    Processed in 0.00 seconds
  Pass "" (fp)
    Target graphics API: dx11
    Full variant space:         1
    After settings filtering:   1
    After built-in stripping:   1
    After scriptable stripping: 1
    Processed in 0.00 seconds
    Target graphics API: dx12
    Full variant space:         1
    After settings filtering:   1
    After built-in stripping:   1
    After scriptable stripping: 1
    Processed in 0.00 seconds
  Pass  (vp, dx11) finished in 0.00 seconds. Local cache hits 1 (0.00s CPU time), remote cache hits 0 (0.00s CPU time), compiled 0 variants (0.00s CPU time), skipped 0 variants.
  Pass  (vp, dx12) finished in 0.00 seconds. Local cache hits 1 (0.00s CPU time), remote cache hits 0 (0.00s CPU time), compiled 0 variants (0.00s CPU time), skipped 0 variants.
    Prepared data for serialisation in 0.00s
  Pass  (fp, dx11) finished in 0.00 seconds. Local cache hits 1 (0.00s CPU time), remote cache hits 0 (0.00s CPU time), compiled 0 variants (0.00s CPU time), skipped 0 variants.
  Pass  (fp, dx12) finished in 0.00 seconds. Local cache hits 1 (0.00s CPU time), remote cache hits 0 (0.00s CPU time), compiled 0 variants (0.00s CPU time), skipped 0 variants.
    Prepared data for serialisation in 0.00s
Serialized binary data for shader Hidden/Internal-UIRAtlasBlitCopy in 0.00s
    dx11 (total internal programs: 2, unique: 2)
    dx12 (total internal programs: 2, unique: 2)
Compiling shader "Sprites/Default"
  Pass "" (vp)
    Target graphics API: dx11
    Full variant space:         8
    After settings filtering:   8
    After built-in stripping:   4
    After scriptable stripping: 4
    Processed in 0.00 seconds
    Target graphics API: dx12
    Full variant space:         8
    After settings filtering:   8
    After built-in stripping:   4
    After scriptable stripping: 4
    Processed in 0.00 seconds
  Pass "" (fp)
    Target graphics API: dx11
    Full variant space:         8
    After settings filtering:   8
    After built-in stripping:   4
    After scriptable stripping: 4
    Processed in 0.00 seconds
    Target graphics API: dx12
    Full variant space:         8
    After settings filtering:   8
    After built-in stripping:   4
    After scriptable stripping: 4
    Processed in 0.00 seconds
  Pass  (vp, dx11) finished in 0.00 seconds. Local cache hits 4 (0.00s CPU time), remote cache hits 0 (0.00s CPU time), compiled 0 variants (0.00s CPU time), skipped 0 variants.
  Pass  (vp, dx12) finished in 0.00 seconds. Local cache hits 4 (0.00s CPU time), remote cache hits 0 (0.00s CPU time), compiled 0 variants (0.00s CPU time), skipped 0 variants.
    Prepared data for serialisation in 0.00s
  Pass  (fp, dx11) finished in 0.00 seconds. Local cache hits 4 (0.00s CPU time), remote cache hits 0 (0.00s CPU time), compiled 0 variants (0.00s CPU time), skipped 0 variants.
  Pass  (fp, dx12) finished in 0.00 seconds. Local cache hits 4 (0.00s CPU time), remote cache hits 0 (0.00s CPU time), compiled 0 variants (0.00s CPU time), skipped 0 variants.
    Prepared data for serialisation in 0.00s
Serialized binary data for shader Sprites/Default in 0.00s
    dx11 (total internal programs: 8, unique: 8)
    dx12 (total internal programs: 8, unique: 8)
Compiling shader "Sprites/Mask"
  Pass "" (vp)
    Target graphics API: dx11
    Full variant space:         4
    After settings filtering:   4
    After built-in stripping:   4
    After scriptable stripping: 4
    Processed in 0.00 seconds
    Target graphics API: dx12
    Full variant space:         4
    After settings filtering:   4
    After built-in stripping:   4
    After scriptable stripping: 4
    Processed in 0.00 seconds
  Pass "" (fp)
    Target graphics API: dx11
    Full variant space:         4
    After settings filtering:   4
    After built-in stripping:   4
    After scriptable stripping: 4
    Processed in 0.00 seconds
    Target graphics API: dx12
    Full variant space:         4
    After settings filtering:   4
    After built-in stripping:   4
    After scriptable stripping: 4
    Processed in 0.00 seconds
  Pass  (vp, dx11) finished in 0.00 seconds. Local cache hits 4 (0.00s CPU time), remote cache hits 0 (0.00s CPU time), compiled 0 variants (0.00s CPU time), skipped 0 variants.
  Pass  (vp, dx12) finished in 0.00 seconds. Local cache hits 4 (0.00s CPU time), remote cache hits 0 (0.00s CPU time), compiled 0 variants (0.00s CPU time), skipped 0 variants.
    Prepared data for serialisation in 0.00s
  Pass  (fp, dx11) finished in 0.00 seconds. Local cache hits 4 (0.00s CPU time), remote cache hits 0 (0.00s CPU time), compiled 0 variants (0.00s CPU time), skipped 0 variants.
  Pass  (fp, dx12) finished in 0.00 seconds. Local cache hits 4 (0.00s CPU time), remote cache hits 0 (0.00s CPU time), compiled 0 variants (0.00s CPU time), skipped 0 variants.
    Prepared data for serialisation in 0.00s
Serialized binary data for shader Sprites/Mask in 0.00s
    dx11 (total internal programs: 8, unique: 8)
    dx12 (total internal programs: 8, unique: 8)
Compiling shader "UI/Default"
  Pass "Default" (vp)
    Target graphics API: dx11
    Full variant space:         4
    After settings filtering:   4
    After built-in stripping:   4
    After scriptable stripping: 4
    Processed in 0.00 seconds
    Target graphics API: dx12
    Full variant space:         4
    After settings filtering:   4
    After built-in stripping:   4
    After scriptable stripping: 4
    Processed in 0.00 seconds
  Pass "Default" (fp)
    Target graphics API: dx11
    Full variant space:         4
    After settings filtering:   4
    After built-in stripping:   4
    After scriptable stripping: 4
    Processed in 0.00 seconds
    Target graphics API: dx12
    Full variant space:         4
    After settings filtering:   4
    After built-in stripping:   4
    After scriptable stripping: 4
    Processed in 0.00 seconds
  Pass "XRMotionVectors" (vp)
    Target graphics API: dx11
    Full variant space:         4
    After settings filtering:   4
    After built-in stripping:   4
    After scriptable stripping: 4
    Processed in 0.00 seconds
    Target graphics API: dx12
    Full variant space:         4
    After settings filtering:   4
    After built-in stripping:   4
    After scriptable stripping: 4
    Processed in 0.00 seconds
  Pass "XRMotionVectors" (fp)
    Target graphics API: dx11
    Full variant space:         4
    After settings filtering:   4
    After built-in stripping:   4
    After scriptable stripping: 4
    Processed in 0.00 seconds
    Target graphics API: dx12
    Full variant space:         4
    After settings filtering:   4
    After built-in stripping:   4
    After scriptable stripping: 4
    Processed in 0.00 seconds
  Pass Default (vp, dx11) finished in 0.00 seconds. Local cache hits 4 (0.00s CPU time), remote cache hits 0 (0.00s CPU time), compiled 0 variants (0.00s CPU time), skipped 0 variants.
  Pass Default (vp, dx12) finished in 0.00 seconds. Local cache hits 4 (0.00s CPU time), remote cache hits 0 (0.00s CPU time), compiled 0 variants (0.00s CPU time), skipped 0 variants.
    Prepared data for serialisation in 0.00s
  Pass Default (fp, dx11) finished in 0.00 seconds. Local cache hits 4 (0.00s CPU time), remote cache hits 0 (0.00s CPU time), compiled 0 variants (0.00s CPU time), skipped 0 variants.
  Pass Default (fp, dx12) finished in 0.00 seconds. Local cache hits 4 (0.00s CPU time), remote cache hits 0 (0.00s CPU time), compiled 0 variants (0.00s CPU time), skipped 0 variants.
    Prepared data for serialisation in 0.00s
  Pass XRMotionVectors (vp, dx11) finished in 0.00 seconds. Local cache hits 4 (0.00s CPU time), remote cache hits 0 (0.00s CPU time), compiled 0 variants (0.00s CPU time), skipped 0 variants.
  Pass XRMotionVectors (vp, dx12) finished in 0.00 seconds. Local cache hits 4 (0.00s CPU time), remote cache hits 0 (0.00s CPU time), compiled 0 variants (0.00s CPU time), skipped 0 variants.
    Prepared data for serialisation in 0.00s
  Pass XRMotionVectors (fp, dx11) finished in 0.00 seconds. Local cache hits 4 (0.00s CPU time), remote cache hits 0 (0.00s CPU time), compiled 0 variants (0.00s CPU time), skipped 0 variants.
  Pass XRMotionVectors (fp, dx12) finished in 0.00 seconds. Local cache hits 4 (0.00s CPU time), remote cache hits 0 (0.00s CPU time), compiled 0 variants (0.00s CPU time), skipped 0 variants.
    Prepared data for serialisation in 0.00s
Serialized binary data for shader UI/Default in 0.00s
    dx11 (total internal programs: 16, unique: 16)
    dx12 (total internal programs: 16, unique: 16)
Compiling shader "UI/DefaultETC1"
  Pass "Default" (vp)
    Target graphics API: dx11
    Full variant space:         4
    After settings filtering:   4
    After built-in stripping:   4
    After scriptable stripping: 4
    Processed in 0.00 seconds
    Target graphics API: dx12
    Full variant space:         4
    After settings filtering:   4
    After built-in stripping:   4
    After scriptable stripping: 4
    Processed in 0.00 seconds
  Pass "Default" (fp)
    Target graphics API: dx11
    Full variant space:         4
    After settings filtering:   4
    After built-in stripping:   4
    After scriptable stripping: 4
    Processed in 0.00 seconds
    Target graphics API: dx12
    Full variant space:         4
    After settings filtering:   4
    After built-in stripping:   4
    After scriptable stripping: 4
    Processed in 0.00 seconds
  Pass "XRMotionVectors" (vp)
    Target graphics API: dx11
    Full variant space:         4
    After settings filtering:   4
    After built-in stripping:   4
    After scriptable stripping: 4
    Processed in 0.00 seconds
    Target graphics API: dx12
    Full variant space:         4
    After settings filtering:   4
    After built-in stripping:   4
    After scriptable stripping: 4
    Processed in 0.00 seconds
  Pass "XRMotionVectors" (fp)
    Target graphics API: dx11
    Full variant space:         4
    After settings filtering:   4
    After built-in stripping:   4
    After scriptable stripping: 4
    Processed in 0.00 seconds
    Target graphics API: dx12
    Full variant space:         4
    After settings filtering:   4
    After built-in stripping:   4
    After scriptable stripping: 4
    Processed in 0.00 seconds
  Pass Default (vp, dx11) finished in 0.00 seconds. Local cache hits 4 (0.00s CPU time), remote cache hits 0 (0.00s CPU time), compiled 0 variants (0.00s CPU time), skipped 0 variants.
  Pass Default (vp, dx12) finished in 0.00 seconds. Local cache hits 4 (0.00s CPU time), remote cache hits 0 (0.00s CPU time), compiled 0 variants (0.00s CPU time), skipped 0 variants.
    Prepared data for serialisation in 0.00s
  Pass Default (fp, dx11) finished in 0.00 seconds. Local cache hits 4 (0.00s CPU time), remote cache hits 0 (0.00s CPU time), compiled 0 variants (0.00s CPU time), skipped 0 variants.
  Pass Default (fp, dx12) finished in 0.00 seconds. Local cache hits 4 (0.00s CPU time), remote cache hits 0 (0.00s CPU time), compiled 0 variants (0.00s CPU time), skipped 0 variants.
    Prepared data for serialisation in 0.00s
  Pass XRMotionVectors (vp, dx11) finished in 0.00 seconds. Local cache hits 4 (0.00s CPU time), remote cache hits 0 (0.00s CPU time), compiled 0 variants (0.00s CPU time), skipped 0 variants.
  Pass XRMotionVectors (vp, dx12) finished in 0.00 seconds. Local cache hits 4 (0.00s CPU time), remote cache hits 0 (0.00s CPU time), compiled 0 variants (0.00s CPU time), skipped 0 variants.
    Prepared data for serialisation in 0.00s
  Pass XRMotionVectors (fp, dx11) finished in 0.00 seconds. Local cache hits 4 (0.00s CPU time), remote cache hits 0 (0.00s CPU time), compiled 0 variants (0.00s CPU time), skipped 0 variants.
  Pass XRMotionVectors (fp, dx12) finished in 0.00 seconds. Local cache hits 4 (0.00s CPU time), remote cache hits 0 (0.00s CPU time), compiled 0 variants (0.00s CPU time), skipped 0 variants.
    Prepared data for serialisation in 0.00s
Serialized binary data for shader UI/DefaultETC1 in 0.00s
    dx11 (total internal programs: 16, unique: 16)
    dx12 (total internal programs: 16, unique: 16)
Compiling shader "Hidden/CubeBlur"
  Pass "" (vp)
    Target graphics API: dx11
    Full variant space:         1
    After settings filtering:   1
    After built-in stripping:   1
    After scriptable stripping: 1
    Processed in 0.00 seconds
    Target graphics API: dx12
    Full variant space:         1
    After settings filtering:   1
    After built-in stripping:   1
    After scriptable stripping: 1
    Processed in 0.00 seconds
  Pass "" (fp)
    Target graphics API: dx11
    Full variant space:         1
    After settings filtering:   1
    After built-in stripping:   1
    After scriptable stripping: 1
    Processed in 0.00 seconds
    Target graphics API: dx12
    Full variant space:         1
    After settings filtering:   1
    After built-in stripping:   1
    After scriptable stripping: 1
    Processed in 0.00 seconds
  Pass "" (vp)
    Target graphics API: dx11
    Full variant space:         1
    After settings filtering:   1
    After built-in stripping:   1
    After scriptable stripping: 1
    Processed in 0.00 seconds
    Target graphics API: dx12
    Full variant space:         1
    After settings filtering:   1
    After built-in stripping:   1
    After scriptable stripping: 1
    Processed in 0.00 seconds
  Pass "" (fp)
    Target graphics API: dx11
    Full variant space:         1
    After settings filtering:   1
    After built-in stripping:   1
    After scriptable stripping: 1
    Processed in 0.00 seconds
    Target graphics API: dx12
    Full variant space:         1
    After settings filtering:   1
    After built-in stripping:   1
    After scriptable stripping: 1
    Processed in 0.00 seconds
  Pass  (vp, dx11) finished in 0.00 seconds. Local cache hits 1 (0.00s CPU time), remote cache hits 0 (0.00s CPU time), compiled 0 variants (0.00s CPU time), skipped 0 variants.
  Pass  (vp, dx12) finished in 0.00 seconds. Local cache hits 1 (0.00s CPU time), remote cache hits 0 (0.00s CPU time), compiled 0 variants (0.00s CPU time), skipped 0 variants.
    Prepared data for serialisation in 0.00s
  Pass  (fp, dx11) finished in 0.00 seconds. Local cache hits 1 (0.00s CPU time), remote cache hits 0 (0.00s CPU time), compiled 0 variants (0.00s CPU time), skipped 0 variants.
  Pass  (fp, dx12) finished in 0.00 seconds. Local cache hits 1 (0.00s CPU time), remote cache hits 0 (0.00s CPU time), compiled 0 variants (0.00s CPU time), skipped 0 variants.
    Prepared data for serialisation in 0.00s
  Pass  (vp, dx11) finished in 0.00 seconds. Local cache hits 1 (0.00s CPU time), remote cache hits 0 (0.00s CPU time), compiled 0 variants (0.00s CPU time), skipped 0 variants.
  Pass  (vp, dx12) finished in 0.00 seconds. Local cache hits 1 (0.00s CPU time), remote cache hits 0 (0.00s CPU time), compiled 0 variants (0.00s CPU time), skipped 0 variants.
    Prepared data for serialisation in 0.00s
  Pass  (fp, dx11) finished in 0.00 seconds. Local cache hits 1 (0.00s CPU time), remote cache hits 0 (0.00s CPU time), compiled 0 variants (0.00s CPU time), skipped 0 variants.
  Pass  (fp, dx12) finished in 0.00 seconds. Local cache hits 1 (0.00s CPU time), remote cache hits 0 (0.00s CPU time), compiled 0 variants (0.00s CPU time), skipped 0 variants.
    Prepared data for serialisation in 0.00s
Serialized binary data for shader Hidden/CubeBlur in 0.00s
    dx11 (total internal programs: 4, unique: 3)
    dx12 (total internal programs: 4, unique: 3)
Compiling shader "Hidden/CubeCopy"
  Pass "" (vp)
    Target graphics API: dx11
    Full variant space:         1
    After settings filtering:   1
    After built-in stripping:   1
    After scriptable stripping: 1
    Processed in 0.00 seconds
    Target graphics API: dx12
    Full variant space:         1
    After settings filtering:   1
    After built-in stripping:   1
    After scriptable stripping: 1
    Processed in 0.00 seconds
  Pass "" (fp)
    Target graphics API: dx11
    Full variant space:         1
    After settings filtering:   1
    After built-in stripping:   1
    After scriptable stripping: 1
    Processed in 0.00 seconds
    Target graphics API: dx12
    Full variant space:         1
    After settings filtering:   1
    After built-in stripping:   1
    After scriptable stripping: 1
    Processed in 0.00 seconds
  Pass "" (vp)
    Target graphics API: dx11
    Full variant space:         1
    After settings filtering:   1
    After built-in stripping:   1
    After scriptable stripping: 1
    Processed in 0.00 seconds
    Target graphics API: dx12
    Full variant space:         1
    After settings filtering:   1
    After built-in stripping:   1
    After scriptable stripping: 1
    Processed in 0.00 seconds
  Pass "" (fp)
    Target graphics API: dx11
    Full variant space:         1
    After settings filtering:   1
    After built-in stripping:   1
    After scriptable stripping: 1
    Processed in 0.00 seconds
    Target graphics API: dx12
    Full variant space:         1
    After settings filtering:   1
    After built-in stripping:   1
    After scriptable stripping: 1
    Processed in 0.00 seconds
  Pass  (vp, dx11) finished in 0.01 seconds. Local cache hits 1 (0.00s CPU time), remote cache hits 0 (0.00s CPU time), compiled 0 variants (0.00s CPU time), skipped 0 variants.
  Pass  (vp, dx12) finished in 0.01 seconds. Local cache hits 1 (0.00s CPU time), remote cache hits 0 (0.00s CPU time), compiled 0 variants (0.00s CPU time), skipped 0 variants.
    Prepared data for serialisation in 0.00s
  Pass  (fp, dx11) finished in 0.01 seconds. Local cache hits 1 (0.00s CPU time), remote cache hits 0 (0.00s CPU time), compiled 0 variants (0.00s CPU time), skipped 0 variants.
  Pass  (fp, dx12) finished in 0.01 seconds. Local cache hits 1 (0.00s CPU time), remote cache hits 0 (0.00s CPU time), compiled 0 variants (0.00s CPU time), skipped 0 variants.
    Prepared data for serialisation in 0.00s
  Pass  (vp, dx11) finished in 0.01 seconds. Local cache hits 1 (0.00s CPU time), remote cache hits 0 (0.00s CPU time), compiled 0 variants (0.00s CPU time), skipped 0 variants.
  Pass  (vp, dx12) finished in 0.00 seconds. Local cache hits 1 (0.00s CPU time), remote cache hits 0 (0.00s CPU time), compiled 0 variants (0.00s CPU time), skipped 0 variants.
    Prepared data for serialisation in 0.00s
  Pass  (fp, dx11) finished in 0.00 seconds. Local cache hits 1 (0.00s CPU time), remote cache hits 0 (0.00s CPU time), compiled 0 variants (0.00s CPU time), skipped 0 variants.
  Pass  (fp, dx12) finished in 0.00 seconds. Local cache hits 1 (0.00s CPU time), remote cache hits 0 (0.00s CPU time), compiled 0 variants (0.00s CPU time), skipped 0 variants.
    Prepared data for serialisation in 0.00s
Serialized binary data for shader Hidden/CubeCopy in 0.00s
    dx11 (total internal programs: 4, unique: 2)
    dx12 (total internal programs: 4, unique: 2)
Compiling shader "Hidden/CubeBlend"
  Pass "" (vp)
    Target graphics API: dx11
    Full variant space:         1
    After settings filtering:   1
    After built-in stripping:   1
    After scriptable stripping: 1
    Processed in 0.00 seconds
    Target graphics API: dx12
    Full variant space:         1
    After settings filtering:   1
    After built-in stripping:   1
    After scriptable stripping: 1
    Processed in 0.00 seconds
  Pass "" (fp)
    Target graphics API: dx11
    Full variant space:         1
    After settings filtering:   1
    After built-in stripping:   1
    After scriptable stripping: 1
    Processed in 0.00 seconds
    Target graphics API: dx12
    Full variant space:         1
    After settings filtering:   1
    After built-in stripping:   1
    After scriptable stripping: 1
    Processed in 0.00 seconds
  Pass "" (vp)
    Target graphics API: dx11
    Full variant space:         1
    After settings filtering:   1
    After built-in stripping:   1
    After scriptable stripping: 1
    Processed in 0.00 seconds
    Target graphics API: dx12
    Full variant space:         1
    After settings filtering:   1
    After built-in stripping:   1
    After scriptable stripping: 1
    Processed in 0.00 seconds
  Pass "" (fp)
    Target graphics API: dx11
    Full variant space:         1
    After settings filtering:   1
    After built-in stripping:   1
    After scriptable stripping: 1
    Processed in 0.00 seconds
    Target graphics API: dx12
    Full variant space:         1
    After settings filtering:   1
    After built-in stripping:   1
    After scriptable stripping: 1
    Processed in 0.00 seconds
  Pass  (vp, dx11) finished in 0.00 seconds. Local cache hits 1 (0.00s CPU time), remote cache hits 0 (0.00s CPU time), compiled 0 variants (0.00s CPU time), skipped 0 variants.
  Pass  (vp, dx12) finished in 0.00 seconds. Local cache hits 1 (0.00s CPU time), remote cache hits 0 (0.00s CPU time), compiled 0 variants (0.00s CPU time), skipped 0 variants.
    Prepared data for serialisation in 0.00s
  Pass  (fp, dx11) finished in 0.00 seconds. Local cache hits 1 (0.00s CPU time), remote cache hits 0 (0.00s CPU time), compiled 0 variants (0.00s CPU time), skipped 0 variants.
  Pass  (fp, dx12) finished in 0.00 seconds. Local cache hits 1 (0.00s CPU time), remote cache hits 0 (0.00s CPU time), compiled 0 variants (0.00s CPU time), skipped 0 variants.
    Prepared data for serialisation in 0.00s
  Pass  (vp, dx11) finished in 0.00 seconds. Local cache hits 1 (0.00s CPU time), remote cache hits 0 (0.00s CPU time), compiled 0 variants (0.00s CPU time), skipped 0 variants.
  Pass  (vp, dx12) finished in 0.00 seconds. Local cache hits 1 (0.00s CPU time), remote cache hits 0 (0.00s CPU time), compiled 0 variants (0.00s CPU time), skipped 0 variants.
    Prepared data for serialisation in 0.00s
  Pass  (fp, dx11) finished in 0.00 seconds. Local cache hits 1 (0.00s CPU time), remote cache hits 0 (0.00s CPU time), compiled 0 variants (0.00s CPU time), skipped 0 variants.
  Pass  (fp, dx12) finished in 0.00 seconds. Local cache hits 1 (0.00s CPU time), remote cache hits 0 (0.00s CPU time), compiled 0 variants (0.00s CPU time), skipped 0 variants.
    Prepared data for serialisation in 0.00s
Serialized binary data for shader Hidden/CubeBlend in 0.00s
    dx11 (total internal programs: 4, unique: 2)
    dx12 (total internal programs: 4, unique: 2)
Compiling shader "Hidden/VR/BlitTexArraySlice"
  Pass "" (vp)
    Target graphics API: dx11
    Full variant space:         1
    After settings filtering:   1
    After built-in stripping:   1
    After scriptable stripping: 1
    Processed in 0.00 seconds
    Target graphics API: dx12
    Full variant space:         1
    After settings filtering:   1
    After built-in stripping:   1
    After scriptable stripping: 1
    Processed in 0.00 seconds
  Pass "" (fp)
    Target graphics API: dx11
    Full variant space:         1
    After settings filtering:   1
    After built-in stripping:   1
    After scriptable stripping: 1
    Processed in 0.00 seconds
    Target graphics API: dx12
    Full variant space:         1
    After settings filtering:   1
    After built-in stripping:   1
    After scriptable stripping: 1
    Processed in 0.00 seconds
  Pass  (vp, dx11) finished in 0.00 seconds. Local cache hits 1 (0.00s CPU time), remote cache hits 0 (0.00s CPU time), compiled 0 variants (0.00s CPU time), skipped 0 variants.
  Pass  (vp, dx12) finished in 0.00 seconds. Local cache hits 1 (0.00s CPU time), remote cache hits 0 (0.00s CPU time), compiled 0 variants (0.00s CPU time), skipped 0 variants.
    Prepared data for serialisation in 0.00s
  Pass  (fp, dx11) finished in 0.00 seconds. Local cache hits 1 (0.00s CPU time), remote cache hits 0 (0.00s CPU time), compiled 0 variants (0.00s CPU time), skipped 0 variants.
  Pass  (fp, dx12) finished in 0.00 seconds. Local cache hits 1 (0.00s CPU time), remote cache hits 0 (0.00s CPU time), compiled 0 variants (0.00s CPU time), skipped 0 variants.
    Prepared data for serialisation in 0.00s
Serialized binary data for shader Hidden/VR/BlitTexArraySlice in 0.00s
    dx11 (total internal programs: 2, unique: 2)
    dx12 (total internal programs: 2, unique: 2)
Compiling shader "Hidden/Internal-ODSWorldTexture"
  Pass "" (vp)
    Target graphics API: dx11
    Full variant space:         1
    After settings filtering:   1
    After built-in stripping:   1
    After scriptable stripping: 1
    Processed in 0.00 seconds
    Target graphics API: dx12
    Full variant space:         1
    After settings filtering:   1
    After built-in stripping:   1
    After scriptable stripping: 1
    Processed in 0.00 seconds
  Pass "" (fp)
    Target graphics API: dx11
    Full variant space:         1
    After settings filtering:   1
    After built-in stripping:   1
    After scriptable stripping: 1
    Processed in 0.00 seconds
    Target graphics API: dx12
    Full variant space:         1
    After settings filtering:   1
    After built-in stripping:   1
    After scriptable stripping: 1
    Processed in 0.00 seconds
  Pass "" (vp)
    Target graphics API: dx11
    Full variant space:         1
    After settings filtering:   1
    After built-in stripping:   1
    After scriptable stripping: 1
    Processed in 0.00 seconds
    Target graphics API: dx12
    Full variant space:         1
    After settings filtering:   1
    After built-in stripping:   1
    After scriptable stripping: 1
    Processed in 0.00 seconds
  Pass "" (fp)
    Target graphics API: dx11
    Full variant space:         1
    After settings filtering:   1
    After built-in stripping:   1
    After scriptable stripping: 1
    Processed in 0.00 seconds
    Target graphics API: dx12
    Full variant space:         1
    After settings filtering:   1
    After built-in stripping:   1
    After scriptable stripping: 1
    Processed in 0.00 seconds
  Pass "" (vp)
    Target graphics API: dx11
    Full variant space:         1
    After settings filtering:   1
    After built-in stripping:   1
    After scriptable stripping: 1
    Processed in 0.00 seconds
    Target graphics API: dx12
    Full variant space:         1
    After settings filtering:   1
    After built-in stripping:   1
    After scriptable stripping: 1
    Processed in 0.00 seconds
  Pass "" (fp)
    Target graphics API: dx11
    Full variant space:         1
    After settings filtering:   1
    After built-in stripping:   1
    After scriptable stripping: 1
    Processed in 0.00 seconds
    Target graphics API: dx12
    Full variant space:         1
    After settings filtering:   1
    After built-in stripping:   1
    After scriptable stripping: 1
    Processed in 0.00 seconds
  Pass "" (vp)
    Target graphics API: dx11
    Full variant space:         1
    After settings filtering:   1
    After built-in stripping:   1
    After scriptable stripping: 1
    Processed in 0.00 seconds
    Target graphics API: dx12
    Full variant space:         1
    After settings filtering:   1
    After built-in stripping:   1
    After scriptable stripping: 1
    Processed in 0.00 seconds
  Pass "" (fp)
    Target graphics API: dx11
    Full variant space:         1
    After settings filtering:   1
    After built-in stripping:   1
    After scriptable stripping: 1
    Processed in 0.00 seconds
    Target graphics API: dx12
    Full variant space:         1
    After settings filtering:   1
    After built-in stripping:   1
    After scriptable stripping: 1
    Processed in 0.00 seconds
  Pass "" (vp)
    Target graphics API: dx11
    Full variant space:         1
    After settings filtering:   1
    After built-in stripping:   1
    After scriptable stripping: 1
    Processed in 0.00 seconds
    Target graphics API: dx12
    Full variant space:         1
    After settings filtering:   1
    After built-in stripping:   1
    After scriptable stripping: 1
    Processed in 0.00 seconds
  Pass "" (fp)
    Target graphics API: dx11
    Full variant space:         1
    After settings filtering:   1
    After built-in stripping:   1
    After scriptable stripping: 1
    Processed in 0.00 seconds
    Target graphics API: dx12
    Full variant space:         1
    After settings filtering:   1
    After built-in stripping:   1
    After scriptable stripping: 1
    Processed in 0.00 seconds
  Pass "" (vp)
    Target graphics API: dx11
    Full variant space:         1
    After settings filtering:   1
    After built-in stripping:   1
    After scriptable stripping: 1
    Processed in 0.00 seconds
    Target graphics API: dx12
    Full variant space:         1
    After settings filtering:   1
    After built-in stripping:   1
    After scriptable stripping: 1
    Processed in 0.00 seconds
  Pass "" (fp)
    Target graphics API: dx11
    Full variant space:         1
    After settings filtering:   1
    After built-in stripping:   1
    After scriptable stripping: 1
    Processed in 0.00 seconds
    Target graphics API: dx12
    Full variant space:         1
    After settings filtering:   1
    After built-in stripping:   1
    After scriptable stripping: 1
    Processed in 0.00 seconds
  Pass "" (vp)
    Target graphics API: dx11
    Full variant space:         1
    After settings filtering:   1
    After built-in stripping:   1
    After scriptable stripping: 1
    Processed in 0.00 seconds
    Target graphics API: dx12
    Full variant space:         1
    After settings filtering:   1
    After built-in stripping:   1
    After scriptable stripping: 1
    Processed in 0.00 seconds
  Pass "" (fp)
    Target graphics API: dx11
    Full variant space:         1
    After settings filtering:   1
    After built-in stripping:   1
    After scriptable stripping: 1
    Processed in 0.00 seconds
    Target graphics API: dx12
    Full variant space:         1
    After settings filtering:   1
    After built-in stripping:   1
    After scriptable stripping: 1
    Processed in 0.00 seconds
  Pass "" (vp)
    Target graphics API: dx11
    Full variant space:         1
    After settings filtering:   1
    After built-in stripping:   1
    After scriptable stripping: 1
    Processed in 0.00 seconds
    Target graphics API: dx12
    Full variant space:         1
    After settings filtering:   1
    After built-in stripping:   1
    After scriptable stripping: 1
    Processed in 0.00 seconds
  Pass "" (fp)
    Target graphics API: dx11
    Full variant space:         1
    After settings filtering:   1
    After built-in stripping:   1
    After scriptable stripping: 1
    Processed in 0.00 seconds
    Target graphics API: dx12
    Full variant space:         1
    After settings filtering:   1
    After built-in stripping:   1
    After scriptable stripping: 1
    Processed in 0.00 seconds
  Pass "" (vp)
    Target graphics API: dx11
    Full variant space:         1
    After settings filtering:   1
    After built-in stripping:   1
    After scriptable stripping: 1
    Processed in 0.00 seconds
    Target graphics API: dx12
    Full variant space:         1
    After settings filtering:   1
    After built-in stripping:   1
    After scriptable stripping: 1
    Processed in 0.00 seconds
  Pass "" (fp)
    Target graphics API: dx11
    Full variant space:         1
    After settings filtering:   1
    After built-in stripping:   1
    After scriptable stripping: 1
    Processed in 0.00 seconds
    Target graphics API: dx12
    Full variant space:         1
    After settings filtering:   1
    After built-in stripping:   1
    After scriptable stripping: 1
    Processed in 0.00 seconds
  Pass "" (vp)
    Target graphics API: dx11
    Full variant space:         1
    After settings filtering:   1
    After built-in stripping:   1
    After scriptable stripping: 1
    Processed in 0.00 seconds
    Target graphics API: dx12
    Full variant space:         1
    After settings filtering:   1
    After built-in stripping:   1
    After scriptable stripping: 1
    Processed in 0.00 seconds
  Pass "" (fp)
    Target graphics API: dx11
    Full variant space:         1
    After settings filtering:   1
    After built-in stripping:   1
    After scriptable stripping: 1
    Processed in 0.00 seconds
    Target graphics API: dx12
    Full variant space:         1
    After settings filtering:   1
    After built-in stripping:   1
    After scriptable stripping: 1
    Processed in 0.00 seconds
  Pass  (vp, dx11) finished in 0.03 seconds. Local cache hits 1 (0.00s CPU time), remote cache hits 0 (0.00s CPU time), compiled 0 variants (0.00s CPU time), skipped 0 variants.
  Pass  (vp, dx12) finished in 0.03 seconds. Local cache hits 1 (0.00s CPU time), remote cache hits 0 (0.00s CPU time), compiled 0 variants (0.00s CPU time), skipped 0 variants.
    Prepared data for serialisation in 0.00s
  Pass  (fp, dx11) finished in 0.03 seconds. Local cache hits 1 (0.00s CPU time), remote cache hits 0 (0.00s CPU time), compiled 0 variants (0.00s CPU time), skipped 0 variants.
  Pass  (fp, dx12) finished in 0.03 seconds. Local cache hits 1 (0.00s CPU time), remote cache hits 0 (0.00s CPU time), compiled 0 variants (0.00s CPU time), skipped 0 variants.
    Prepared data for serialisation in 0.00s
  Pass  (vp, dx11) finished in 0.03 seconds. Local cache hits 1 (0.00s CPU time), remote cache hits 0 (0.00s CPU time), compiled 0 variants (0.00s CPU time), skipped 0 variants.
  Pass  (vp, dx12) finished in 0.03 seconds. Local cache hits 1 (0.00s CPU time), remote cache hits 0 (0.00s CPU time), compiled 0 variants (0.00s CPU time), skipped 0 variants.
    Prepared data for serialisation in 0.00s
  Pass  (fp, dx11) finished in 0.02 seconds. Local cache hits 1 (0.00s CPU time), remote cache hits 0 (0.00s CPU time), compiled 0 variants (0.00s CPU time), skipped 0 variants.
  Pass  (fp, dx12) finished in 0.02 seconds. Local cache hits 1 (0.00s CPU time), remote cache hits 0 (0.00s CPU time), compiled 0 variants (0.00s CPU time), skipped 0 variants.
    Prepared data for serialisation in 0.00s
  Pass  (vp, dx11) finished in 0.02 seconds. Local cache hits 1 (0.00s CPU time), remote cache hits 0 (0.00s CPU time), compiled 0 variants (0.00s CPU time), skipped 0 variants.
  Pass  (vp, dx12) finished in 0.02 seconds. Local cache hits 1 (0.00s CPU time), remote cache hits 0 (0.00s CPU time), compiled 0 variants (0.00s CPU time), skipped 0 variants.
    Prepared data for serialisation in 0.00s
  Pass  (fp, dx11) finished in 0.02 seconds. Local cache hits 1 (0.00s CPU time), remote cache hits 0 (0.00s CPU time), compiled 0 variants (0.00s CPU time), skipped 0 variants.
  Pass  (fp, dx12) finished in 0.02 seconds. Local cache hits 1 (0.00s CPU time), remote cache hits 0 (0.00s CPU time), compiled 0 variants (0.00s CPU time), skipped 0 variants.
    Prepared data for serialisation in 0.00s
  Pass  (vp, dx11) finished in 0.02 seconds. Local cache hits 1 (0.00s CPU time), remote cache hits 0 (0.00s CPU time), compiled 0 variants (0.00s CPU time), skipped 0 variants.
  Pass  (vp, dx12) finished in 0.02 seconds. Local cache hits 1 (0.00s CPU time), remote cache hits 0 (0.00s CPU time), compiled 0 variants (0.00s CPU time), skipped 0 variants.
    Prepared data for serialisation in 0.00s
  Pass  (fp, dx11) finished in 0.02 seconds. Local cache hits 1 (0.00s CPU time), remote cache hits 0 (0.00s CPU time), compiled 0 variants (0.00s CPU time), skipped 0 variants.
  Pass  (fp, dx12) finished in 0.02 seconds. Local cache hits 1 (0.00s CPU time), remote cache hits 0 (0.00s CPU time), compiled 0 variants (0.00s CPU time), skipped 0 variants.
    Prepared data for serialisation in 0.00s
  Pass  (vp, dx11) finished in 0.02 seconds. Local cache hits 1 (0.00s CPU time), remote cache hits 0 (0.00s CPU time), compiled 0 variants (0.00s CPU time), skipped 0 variants.
  Pass  (vp, dx12) finished in 0.02 seconds. Local cache hits 1 (0.00s CPU time), remote cache hits 0 (0.00s CPU time), compiled 0 variants (0.00s CPU time), skipped 0 variants.
    Prepared data for serialisation in 0.00s
  Pass  (fp, dx11) finished in 0.02 seconds. Local cache hits 1 (0.00s CPU time), remote cache hits 0 (0.00s CPU time), compiled 0 variants (0.00s CPU time), skipped 0 variants.
  Pass  (fp, dx12) finished in 0.02 seconds. Local cache hits 1 (0.00s CPU time), remote cache hits 0 (0.00s CPU time), compiled 0 variants (0.00s CPU time), skipped 0 variants.
    Prepared data for serialisation in 0.00s
  Pass  (vp, dx11) finished in 0.02 seconds. Local cache hits 1 (0.00s CPU time), remote cache hits 0 (0.00s CPU time), compiled 0 variants (0.00s CPU time), skipped 0 variants.
  Pass  (vp, dx12) finished in 0.02 seconds. Local cache hits 1 (0.00s CPU time), remote cache hits 0 (0.00s CPU time), compiled 0 variants (0.00s CPU time), skipped 0 variants.
    Prepared data for serialisation in 0.00s
  Pass  (fp, dx11) finished in 0.02 seconds. Local cache hits 1 (0.00s CPU time), remote cache hits 0 (0.00s CPU time), compiled 0 variants (0.00s CPU time), skipped 0 variants.
  Pass  (fp, dx12) finished in 0.02 seconds. Local cache hits 1 (0.00s CPU time), remote cache hits 0 (0.00s CPU time), compiled 0 variants (0.00s CPU time), skipped 0 variants.
    Prepared data for serialisation in 0.00s
  Pass  (vp, dx11) finished in 0.02 seconds. Local cache hits 1 (0.00s CPU time), remote cache hits 0 (0.00s CPU time), compiled 0 variants (0.00s CPU time), skipped 0 variants.
  Pass  (vp, dx12) finished in 0.02 seconds. Local cache hits 1 (0.00s CPU time), remote cache hits 0 (0.00s CPU time), compiled 0 variants (0.00s CPU time), skipped 0 variants.
    Prepared data for serialisation in 0.00s
  Pass  (fp, dx11) finished in 0.02 seconds. Local cache hits 1 (0.00s CPU time), remote cache hits 0 (0.00s CPU time), compiled 0 variants (0.00s CPU time), skipped 0 variants.
  Pass  (fp, dx12) finished in 0.02 seconds. Local cache hits 1 (0.00s CPU time), remote cache hits 0 (0.00s CPU time), compiled 0 variants (0.00s CPU time), skipped 0 variants.
    Prepared data for serialisation in 0.00s
  Pass  (vp, dx11) finished in 0.02 seconds. Local cache hits 1 (0.00s CPU time), remote cache hits 0 (0.00s CPU time), compiled 0 variants (0.00s CPU time), skipped 0 variants.
  Pass  (vp, dx12) finished in 0.02 seconds. Local cache hits 1 (0.00s CPU time), remote cache hits 0 (0.00s CPU time), compiled 0 variants (0.00s CPU time), skipped 0 variants.
    Prepared data for serialisation in 0.00s
  Pass  (fp, dx11) finished in 0.02 seconds. Local cache hits 1 (0.00s CPU time), remote cache hits 0 (0.00s CPU time), compiled 0 variants (0.00s CPU time), skipped 0 variants.
  Pass  (fp, dx12) finished in 0.00 seconds. Local cache hits 1 (0.00s CPU time), remote cache hits 0 (0.00s CPU time), compiled 0 variants (0.00s CPU time), skipped 0 variants.
    Prepared data for serialisation in 0.00s
  Pass  (vp, dx11) finished in 0.00 seconds. Local cache hits 1 (0.00s CPU time), remote cache hits 0 (0.00s CPU time), compiled 0 variants (0.00s CPU time), skipped 0 variants.
  Pass  (vp, dx12) finished in 0.00 seconds. Local cache hits 1 (0.00s CPU time), remote cache hits 0 (0.00s CPU time), compiled 0 variants (0.00s CPU time), skipped 0 variants.
    Prepared data for serialisation in 0.00s
  Pass  (fp, dx11) finished in 0.00 seconds. Local cache hits 1 (0.00s CPU time), remote cache hits 0 (0.00s CPU time), compiled 0 variants (0.00s CPU time), skipped 0 variants.
  Pass  (fp, dx12) finished in 0.00 seconds. Local cache hits 1 (0.00s CPU time), remote cache hits 0 (0.00s CPU time), compiled 0 variants (0.00s CPU time), skipped 0 variants.
    Prepared data for serialisation in 0.00s
  Pass  (vp, dx11) finished in 0.00 seconds. Local cache hits 1 (0.00s CPU time), remote cache hits 0 (0.00s CPU time), compiled 0 variants (0.00s CPU time), skipped 0 variants.
  Pass  (vp, dx12) finished in 0.00 seconds. Local cache hits 1 (0.00s CPU time), remote cache hits 0 (0.00s CPU time), compiled 0 variants (0.00s CPU time), skipped 0 variants.
    Prepared data for serialisation in 0.00s
  Pass  (fp, dx11) finished in 0.00 seconds. Local cache hits 1 (0.00s CPU time), remote cache hits 0 (0.00s CPU time), compiled 0 variants (0.00s CPU time), skipped 0 variants.
  Pass  (fp, dx12) finished in 0.00 seconds. Local cache hits 1 (0.00s CPU time), remote cache hits 0 (0.00s CPU time), compiled 0 variants (0.00s CPU time), skipped 0 variants.
    Prepared data for serialisation in 0.00s
Serialized binary data for shader Hidden/Internal-ODSWorldTexture in 0.00s
    dx11 (total internal programs: 20, unique: 15)
    dx12 (total internal programs: 20, unique: 15)
Compiling shader "Hidden/Internal-CubemapToEquirect"
  Pass "" (vp)
    Target graphics API: dx11
    Full variant space:         1
    After settings filtering:   1
    After built-in stripping:   1
    After scriptable stripping: 1
    Processed in 0.00 seconds
    Target graphics API: dx12
    Full variant space:         1
    After settings filtering:   1
    After built-in stripping:   1
    After scriptable stripping: 1
    Processed in 0.00 seconds
  Pass "" (fp)
    Target graphics API: dx11
    Full variant space:         1
    After settings filtering:   1
    After built-in stripping:   1
    After scriptable stripping: 1
    Processed in 0.00 seconds
    Target graphics API: dx12
    Full variant space:         1
    After settings filtering:   1
    After built-in stripping:   1
    After scriptable stripping: 1
    Processed in 0.00 seconds
  Pass  (vp, dx11) finished in 0.00 seconds. Local cache hits 1 (0.00s CPU time), remote cache hits 0 (0.00s CPU time), compiled 0 variants (0.00s CPU time), skipped 0 variants.
  Pass  (vp, dx12) finished in 0.00 seconds. Local cache hits 1 (0.00s CPU time), remote cache hits 0 (0.00s CPU time), compiled 0 variants (0.00s CPU time), skipped 0 variants.
    Prepared data for serialisation in 0.00s
  Pass  (fp, dx11) finished in 0.00 seconds. Local cache hits 1 (0.00s CPU time), remote cache hits 0 (0.00s CPU time), compiled 0 variants (0.00s CPU time), skipped 0 variants.
  Pass  (fp, dx12) finished in 0.00 seconds. Local cache hits 1 (0.00s CPU time), remote cache hits 0 (0.00s CPU time), compiled 0 variants (0.00s CPU time), skipped 0 variants.
    Prepared data for serialisation in 0.00s
Serialized binary data for shader Hidden/Internal-CubemapToEquirect in 0.00s
    dx11 (total internal programs: 2, unique: 2)
    dx12 (total internal programs: 2, unique: 2)
Compiling shader "Hidden/VR/BlitFromTex2DToTexArraySlice"
  Pass "" (vp)
    Target graphics API: dx11
    Full variant space:         1
    After settings filtering:   1
    After built-in stripping:   1
    After scriptable stripping: 1
    Processed in 0.00 seconds
    Target graphics API: dx12
    Full variant space:         1
    After settings filtering:   1
    After built-in stripping:   1
    After scriptable stripping: 1
    Processed in 0.00 seconds
  Pass "" (fp)
    Target graphics API: dx11
    Full variant space:         1
    After settings filtering:   1
    After built-in stripping:   1
    After scriptable stripping: 1
    Processed in 0.00 seconds
    Target graphics API: dx12
    Full variant space:         1
    After settings filtering:   1
    After built-in stripping:   1
    After scriptable stripping: 1
    Processed in 0.00 seconds
  Pass "" (vp)
    Target graphics API: dx11
    Full variant space:         1
    After settings filtering:   1
    After built-in stripping:   1
    After scriptable stripping: 1
    Processed in 0.00 seconds
    Target graphics API: dx12
    Full variant space:         1
    After settings filtering:   1
    After built-in stripping:   1
    After scriptable stripping: 1
    Processed in 0.00 seconds
  Pass "" (fp)
    Target graphics API: dx11
    Full variant space:         1
    After settings filtering:   1
    After built-in stripping:   1
    After scriptable stripping: 1
    Processed in 0.00 seconds
    Target graphics API: dx12
    Full variant space:         1
    After settings filtering:   1
    After built-in stripping:   1
    After scriptable stripping: 1
    Processed in 0.00 seconds
  Pass "" (gp)
    Target graphics API: dx11
    Full variant space:         1
    After settings filtering:   1
    After built-in stripping:   1
    After scriptable stripping: 1
    Processed in 0.00 seconds
    Target graphics API: dx12
    Full variant space:         1
    After settings filtering:   1
    After built-in stripping:   1
    After scriptable stripping: 1
    Processed in 0.00 seconds
  Pass  (vp, dx11) finished in 0.01 seconds. Local cache hits 1 (0.00s CPU time), remote cache hits 0 (0.00s CPU time), compiled 0 variants (0.00s CPU time), skipped 0 variants.
  Pass  (vp, dx12) finished in 0.01 seconds. Local cache hits 1 (0.00s CPU time), remote cache hits 0 (0.00s CPU time), compiled 0 variants (0.00s CPU time), skipped 0 variants.
    Prepared data for serialisation in 0.00s
  Pass  (fp, dx11) finished in 0.01 seconds. Local cache hits 1 (0.00s CPU time), remote cache hits 0 (0.00s CPU time), compiled 0 variants (0.00s CPU time), skipped 0 variants.
  Pass  (fp, dx12) finished in 0.01 seconds. Local cache hits 1 (0.00s CPU time), remote cache hits 0 (0.00s CPU time), compiled 0 variants (0.00s CPU time), skipped 0 variants.
    Prepared data for serialisation in 0.00s
  Pass  (vp, dx11) finished in 0.01 seconds. Local cache hits 1 (0.00s CPU time), remote cache hits 0 (0.00s CPU time), compiled 0 variants (0.00s CPU time), skipped 0 variants.
  Pass  (vp, dx12) finished in 0.00 seconds. Local cache hits 1 (0.00s CPU time), remote cache hits 0 (0.00s CPU time), compiled 0 variants (0.00s CPU time), skipped 0 variants.
    Prepared data for serialisation in 0.00s
  Pass  (fp, dx11) finished in 0.00 seconds. Local cache hits 1 (0.00s CPU time), remote cache hits 0 (0.00s CPU time), compiled 0 variants (0.00s CPU time), skipped 0 variants.
  Pass  (fp, dx12) finished in 0.00 seconds. Local cache hits 1 (0.00s CPU time), remote cache hits 0 (0.00s CPU time), compiled 0 variants (0.00s CPU time), skipped 0 variants.
    Prepared data for serialisation in 0.00s
  Pass  (gp, dx11) finished in 0.00 seconds. Local cache hits 1 (0.00s CPU time), remote cache hits 0 (0.00s CPU time), compiled 0 variants (0.00s CPU time), skipped 0 variants.
  Pass  (gp, dx12) finished in 0.00 seconds. Local cache hits 1 (0.00s CPU time), remote cache hits 0 (0.00s CPU time), compiled 0 variants (0.00s CPU time), skipped 0 variants.
    Prepared data for serialisation in 0.00s
Serialized binary data for shader Hidden/VR/BlitFromTex2DToTexArraySlice in 0.00s
    dx11 (total internal programs: 5, unique: 5)
    dx12 (total internal programs: 5, unique: 5)
Compiling shader "Hidden/VideoComposite"
  Pass "Default" (vp)
    Target graphics API: dx11
    Full variant space:         1
    After settings filtering:   1
    After built-in stripping:   1
    After scriptable stripping: 1
    Processed in 0.00 seconds
    Target graphics API: dx12
    Full variant space:         1
    After settings filtering:   1
    After built-in stripping:   1
    After scriptable stripping: 1
    Processed in 0.00 seconds
  Pass "Default" (fp)
    Target graphics API: dx11
    Full variant space:         1
    After settings filtering:   1
    After built-in stripping:   1
    After scriptable stripping: 1
    Processed in 0.00 seconds
    Target graphics API: dx12
    Full variant space:         1
    After settings filtering:   1
    After built-in stripping:   1
    After scriptable stripping: 1
    Processed in 0.00 seconds
  Pass Default (vp, dx11) finished in 0.00 seconds. Local cache hits 1 (0.00s CPU time), remote cache hits 0 (0.00s CPU time), compiled 0 variants (0.00s CPU time), skipped 0 variants.
  Pass Default (vp, dx12) finished in 0.00 seconds. Local cache hits 1 (0.00s CPU time), remote cache hits 0 (0.00s CPU time), compiled 0 variants (0.00s CPU time), skipped 0 variants.
    Prepared data for serialisation in 0.00s
  Pass Default (fp, dx11) finished in 0.00 seconds. Local cache hits 1 (0.00s CPU time), remote cache hits 0 (0.00s CPU time), compiled 0 variants (0.00s CPU time), skipped 0 variants.
  Pass Default (fp, dx12) finished in 0.00 seconds. Local cache hits 1 (0.00s CPU time), remote cache hits 0 (0.00s CPU time), compiled 0 variants (0.00s CPU time), skipped 0 variants.
    Prepared data for serialisation in 0.00s
Serialized binary data for shader Hidden/VideoComposite in 0.00s
    dx11 (total internal programs: 2, unique: 2)
    dx12 (total internal programs: 2, unique: 2)
Compiling shader "Hidden/VideoDecode"
  Pass "YCbCr_To_RGB1" (vp)
    Target graphics API: dx11
    Full variant space:         2
    After settings filtering:   2
    After built-in stripping:   2
    After scriptable stripping: 2
    Processed in 0.00 seconds
    Target graphics API: dx12
    Full variant space:         2
    After settings filtering:   2
    After built-in stripping:   2
    After scriptable stripping: 2
    Processed in 0.00 seconds
  Pass "YCbCr_To_RGB1" (fp)
    Target graphics API: dx11
    Full variant space:         2
    After settings filtering:   2
    After built-in stripping:   2
    After scriptable stripping: 2
    Processed in 0.00 seconds
    Target graphics API: dx12
    Full variant space:         2
    After settings filtering:   2
    After built-in stripping:   2
    After scriptable stripping: 2
    Processed in 0.00 seconds
  Pass "YCbCrA_To_RGBAFull" (vp)
    Target graphics API: dx11
    Full variant space:         2
    After settings filtering:   2
    After built-in stripping:   2
    After scriptable stripping: 2
    Processed in 0.00 seconds
    Target graphics API: dx12
    Full variant space:         2
    After settings filtering:   2
    After built-in stripping:   2
    After scriptable stripping: 2
    Processed in 0.00 seconds
  Pass "YCbCrA_To_RGBAFull" (fp)
    Target graphics API: dx11
    Full variant space:         2
    After settings filtering:   2
    After built-in stripping:   2
    After scriptable stripping: 2
    Processed in 0.00 seconds
    Target graphics API: dx12
    Full variant space:         2
    After settings filtering:   2
    After built-in stripping:   2
    After scriptable stripping: 2
    Processed in 0.00 seconds
  Pass "YCbCrA_To_RGBA" (vp)
    Target graphics API: dx11
    Full variant space:         2
    After settings filtering:   2
    After built-in stripping:   2
    After scriptable stripping: 2
    Processed in 0.00 seconds
    Target graphics API: dx12
    Full variant space:         2
    After settings filtering:   2
    After built-in stripping:   2
    After scriptable stripping: 2
    Processed in 0.00 seconds
  Pass "YCbCrA_To_RGBA" (fp)
    Target graphics API: dx11
    Full variant space:         2
    After settings filtering:   2
    After built-in stripping:   2
    After scriptable stripping: 2
    Processed in 0.00 seconds
    Target graphics API: dx12
    Full variant space:         2
    After settings filtering:   2
    After built-in stripping:   2
    After scriptable stripping: 2
    Processed in 0.00 seconds
  Pass "Flip_RGBA_To_RGBA" (vp)
    Target graphics API: dx11
    Full variant space:         2
    After settings filtering:   2
    After built-in stripping:   2
    After scriptable stripping: 2
    Processed in 0.00 seconds
    Target graphics API: dx12
    Full variant space:         2
    After settings filtering:   2
    After built-in stripping:   2
    After scriptable stripping: 2
    Processed in 0.00 seconds
  Pass "Flip_RGBA_To_RGBA" (fp)
    Target graphics API: dx11
    Full variant space:         2
    After settings filtering:   2
    After built-in stripping:   2
    After scriptable stripping: 2
    Processed in 0.00 seconds
    Target graphics API: dx12
    Full variant space:         2
    After settings filtering:   2
    After built-in stripping:   2
    After scriptable stripping: 2
    Processed in 0.00 seconds
  Pass "Flip_RGBASplit_To_RGBA" (vp)
    Target graphics API: dx11
    Full variant space:         2
    After settings filtering:   2
    After built-in stripping:   2
    After scriptable stripping: 2
    Processed in 0.00 seconds
    Target graphics API: dx12
    Full variant space:         2
    After settings filtering:   2
    After built-in stripping:   2
    After scriptable stripping: 2
    Processed in 0.00 seconds
  Pass "Flip_RGBASplit_To_RGBA" (fp)
    Target graphics API: dx11
    Full variant space:         2
    After settings filtering:   2
    After built-in stripping:   2
    After scriptable stripping: 2
    Processed in 0.00 seconds
    Target graphics API: dx12
    Full variant space:         2
    After settings filtering:   2
    After built-in stripping:   2
    After scriptable stripping: 2
    Processed in 0.00 seconds
  Pass "Flip_NV12_To_RGB1" (vp)
    Target graphics API: dx11
    Full variant space:         2
    After settings filtering:   2
    After built-in stripping:   2
    After scriptable stripping: 2
    Processed in 0.00 seconds
    Target graphics API: dx12
    Full variant space:         2
    After settings filtering:   2
    After built-in stripping:   2
    After scriptable stripping: 2
    Processed in 0.00 seconds
  Pass "Flip_NV12_To_RGB1" (fp)
    Target graphics API: dx11
    Full variant space:         2
    After settings filtering:   2
    After built-in stripping:   2
    After scriptable stripping: 2
    Processed in 0.00 seconds
    Target graphics API: dx12
    Full variant space:         2
    After settings filtering:   2
    After built-in stripping:   2
    After scriptable stripping: 2
    Processed in 0.00 seconds
  Pass "Flip_NV12_To_RGBA" (vp)
    Target graphics API: dx11
    Full variant space:         2
    After settings filtering:   2
    After built-in stripping:   2
    After scriptable stripping: 2
    Processed in 0.00 seconds
    Target graphics API: dx12
    Full variant space:         2
    After settings filtering:   2
    After built-in stripping:   2
    After scriptable stripping: 2
    Processed in 0.00 seconds
  Pass "Flip_NV12_To_RGBA" (fp)
    Target graphics API: dx11
    Full variant space:         2
    After settings filtering:   2
    After built-in stripping:   2
    After scriptable stripping: 2
    Processed in 0.00 seconds
    Target graphics API: dx12
    Full variant space:         2
    After settings filtering:   2
    After built-in stripping:   2
    After scriptable stripping: 2
    Processed in 0.00 seconds
  Pass "Flip_P010_To_RGB1" (vp)
    Target graphics API: dx11
    Full variant space:         1
    After settings filtering:   1
    After built-in stripping:   1
    After scriptable stripping: 1
    Processed in 0.00 seconds
    Target graphics API: dx12
    Full variant space:         1
    After settings filtering:   1
    After built-in stripping:   1
    After scriptable stripping: 1
    Processed in 0.00 seconds
  Pass "Flip_P010_To_RGB1" (fp)
    Target graphics API: dx11
    Full variant space:         1
    After settings filtering:   1
    After built-in stripping:   1
    After scriptable stripping: 1
    Processed in 0.00 seconds
    Target graphics API: dx12
    Full variant space:         1
    After settings filtering:   1
    After built-in stripping:   1
    After scriptable stripping: 1
    Processed in 0.00 seconds
  Pass YCbCr_To_RGB1 (vp, dx11) finished in 0.02 seconds. Local cache hits 2 (0.00s CPU time), remote cache hits 0 (0.00s CPU time), compiled 0 variants (0.00s CPU time), skipped 0 variants.
  Pass YCbCr_To_RGB1 (vp, dx12) finished in 0.02 seconds. Local cache hits 2 (0.00s CPU time), remote cache hits 0 (0.00s CPU time), compiled 0 variants (0.00s CPU time), skipped 0 variants.
    Prepared data for serialisation in 0.00s
  Pass YCbCr_To_RGB1 (fp, dx11) finished in 0.02 seconds. Local cache hits 2 (0.00s CPU time), remote cache hits 0 (0.00s CPU time), compiled 0 variants (0.00s CPU time), skipped 0 variants.
  Pass YCbCr_To_RGB1 (fp, dx12) finished in 0.02 seconds. Local cache hits 2 (0.00s CPU time), remote cache hits 0 (0.00s CPU time), compiled 0 variants (0.00s CPU time), skipped 0 variants.
    Prepared data for serialisation in 0.00s
  Pass YCbCrA_To_RGBAFull (vp, dx11) finished in 0.02 seconds. Local cache hits 2 (0.00s CPU time), remote cache hits 0 (0.00s CPU time), compiled 0 variants (0.00s CPU time), skipped 0 variants.
  Pass YCbCrA_To_RGBAFull (vp, dx12) finished in 0.02 seconds. Local cache hits 2 (0.00s CPU time), remote cache hits 0 (0.00s CPU time), compiled 0 variants (0.00s CPU time), skipped 0 variants.
    Prepared data for serialisation in 0.00s
  Pass YCbCrA_To_RGBAFull (fp, dx11) finished in 0.02 seconds. Local cache hits 2 (0.00s CPU time), remote cache hits 0 (0.00s CPU time), compiled 0 variants (0.00s CPU time), skipped 0 variants.
  Pass YCbCrA_To_RGBAFull (fp, dx12) finished in 0.02 seconds. Local cache hits 2 (0.00s CPU time), remote cache hits 0 (0.00s CPU time), compiled 0 variants (0.00s CPU time), skipped 0 variants.
    Prepared data for serialisation in 0.00s
  Pass YCbCrA_To_RGBA (vp, dx11) finished in 0.02 seconds. Local cache hits 2 (0.00s CPU time), remote cache hits 0 (0.00s CPU time), compiled 0 variants (0.00s CPU time), skipped 0 variants.
  Pass YCbCrA_To_RGBA (vp, dx12) finished in 0.02 seconds. Local cache hits 2 (0.00s CPU time), remote cache hits 0 (0.00s CPU time), compiled 0 variants (0.00s CPU time), skipped 0 variants.
    Prepared data for serialisation in 0.00s
  Pass YCbCrA_To_RGBA (fp, dx11) finished in 0.02 seconds. Local cache hits 2 (0.00s CPU time), remote cache hits 0 (0.00s CPU time), compiled 0 variants (0.00s CPU time), skipped 0 variants.
  Pass YCbCrA_To_RGBA (fp, dx12) finished in 0.02 seconds. Local cache hits 2 (0.00s CPU time), remote cache hits 0 (0.00s CPU time), compiled 0 variants (0.00s CPU time), skipped 0 variants.
    Prepared data for serialisation in 0.00s
  Pass Flip_RGBA_To_RGBA (vp, dx11) finished in 0.02 seconds. Local cache hits 2 (0.00s CPU time), remote cache hits 0 (0.00s CPU time), compiled 0 variants (0.00s CPU time), skipped 0 variants.
  Pass Flip_RGBA_To_RGBA (vp, dx12) finished in 0.00 seconds. Local cache hits 2 (0.00s CPU time), remote cache hits 0 (0.00s CPU time), compiled 0 variants (0.00s CPU time), skipped 0 variants.
    Prepared data for serialisation in 0.00s
  Pass Flip_RGBA_To_RGBA (fp, dx11) finished in 0.00 seconds. Local cache hits 2 (0.00s CPU time), remote cache hits 0 (0.00s CPU time), compiled 0 variants (0.00s CPU time), skipped 0 variants.
  Pass Flip_RGBA_To_RGBA (fp, dx12) finished in 0.00 seconds. Local cache hits 2 (0.00s CPU time), remote cache hits 0 (0.00s CPU time), compiled 0 variants (0.00s CPU time), skipped 0 variants.
    Prepared data for serialisation in 0.00s
  Pass Flip_RGBASplit_To_RGBA (vp, dx11) finished in 0.00 seconds. Local cache hits 2 (0.00s CPU time), remote cache hits 0 (0.00s CPU time), compiled 0 variants (0.00s CPU time), skipped 0 variants.
  Pass Flip_RGBASplit_To_RGBA (vp, dx12) finished in 0.00 seconds. Local cache hits 2 (0.00s CPU time), remote cache hits 0 (0.00s CPU time), compiled 0 variants (0.00s CPU time), skipped 0 variants.
    Prepared data for serialisation in 0.00s
  Pass Flip_RGBASplit_To_RGBA (fp, dx11) finished in 0.00 seconds. Local cache hits 2 (0.00s CPU time), remote cache hits 0 (0.00s CPU time), compiled 0 variants (0.00s CPU time), skipped 0 variants.
  Pass Flip_RGBASplit_To_RGBA (fp, dx12) finished in 0.00 seconds. Local cache hits 2 (0.00s CPU time), remote cache hits 0 (0.00s CPU time), compiled 0 variants (0.00s CPU time), skipped 0 variants.
    Prepared data for serialisation in 0.00s
  Pass Flip_NV12_To_RGB1 (vp, dx11) finished in 0.00 seconds. Local cache hits 2 (0.00s CPU time), remote cache hits 0 (0.00s CPU time), compiled 0 variants (0.00s CPU time), skipped 0 variants.
  Pass Flip_NV12_To_RGB1 (vp, dx12) finished in 0.00 seconds. Local cache hits 2 (0.00s CPU time), remote cache hits 0 (0.00s CPU time), compiled 0 variants (0.00s CPU time), skipped 0 variants.
    Prepared data for serialisation in 0.00s
  Pass Flip_NV12_To_RGB1 (fp, dx11) finished in 0.00 seconds. Local cache hits 2 (0.00s CPU time), remote cache hits 0 (0.00s CPU time), compiled 0 variants (0.00s CPU time), skipped 0 variants.
  Pass Flip_NV12_To_RGB1 (fp, dx12) finished in 0.00 seconds. Local cache hits 2 (0.00s CPU time), remote cache hits 0 (0.00s CPU time), compiled 0 variants (0.00s CPU time), skipped 0 variants.
    Prepared data for serialisation in 0.00s
  Pass Flip_NV12_To_RGBA (vp, dx11) finished in 0.00 seconds. Local cache hits 2 (0.00s CPU time), remote cache hits 0 (0.00s CPU time), compiled 0 variants (0.00s CPU time), skipped 0 variants.
  Pass Flip_NV12_To_RGBA (vp, dx12) finished in 0.00 seconds. Local cache hits 2 (0.00s CPU time), remote cache hits 0 (0.00s CPU time), compiled 0 variants (0.00s CPU time), skipped 0 variants.
    Prepared data for serialisation in 0.00s
  Pass Flip_NV12_To_RGBA (fp, dx11) finished in 0.00 seconds. Local cache hits 2 (0.00s CPU time), remote cache hits 0 (0.00s CPU time), compiled 0 variants (0.00s CPU time), skipped 0 variants.
  Pass Flip_NV12_To_RGBA (fp, dx12) finished in 0.00 seconds. Local cache hits 2 (0.00s CPU time), remote cache hits 0 (0.00s CPU time), compiled 0 variants (0.00s CPU time), skipped 0 variants.
    Prepared data for serialisation in 0.00s
  Pass Flip_P010_To_RGB1 (vp, dx11) finished in 0.00 seconds. Local cache hits 1 (0.00s CPU time), remote cache hits 0 (0.00s CPU time), compiled 0 variants (0.00s CPU time), skipped 0 variants.
  Pass Flip_P010_To_RGB1 (vp, dx12) finished in 0.00 seconds. Local cache hits 1 (0.00s CPU time), remote cache hits 0 (0.00s CPU time), compiled 0 variants (0.00s CPU time), skipped 0 variants.
    Prepared data for serialisation in 0.00s
  Pass Flip_P010_To_RGB1 (fp, dx11) finished in 0.00 seconds. Local cache hits 1 (0.00s CPU time), remote cache hits 0 (0.00s CPU time), compiled 0 variants (0.00s CPU time), skipped 0 variants.
  Pass Flip_P010_To_RGB1 (fp, dx12) finished in 0.00 seconds. Local cache hits 1 (0.00s CPU time), remote cache hits 0 (0.00s CPU time), compiled 0 variants (0.00s CPU time), skipped 0 variants.
    Prepared data for serialisation in 0.00s
Serialized binary data for shader Hidden/VideoDecode in 0.00s
    dx11 (total internal programs: 30, unique: 19)
    dx12 (total internal programs: 30, unique: 19)
Compiling shader "Hidden/TextCore/Distance Field SSD"
  Pass "" (vp)
    Target graphics API: dx11
    Full variant space:         1
    After settings filtering:   1
    After built-in stripping:   1
    After scriptable stripping: 1
    Processed in 0.00 seconds
    Target graphics API: dx12
    Full variant space:         1
    After settings filtering:   1
    After built-in stripping:   1
    After scriptable stripping: 1
    Processed in 0.00 seconds
  Pass "" (fp)
    Target graphics API: dx11
    Full variant space:         1
    After settings filtering:   1
    After built-in stripping:   1
    After scriptable stripping: 1
    Processed in 0.00 seconds
    Target graphics API: dx12
    Full variant space:         1
    After settings filtering:   1
    After built-in stripping:   1
    After scriptable stripping: 1
    Processed in 0.00 seconds
  Pass  (vp, dx11) finished in 0.01 seconds. Local cache hits 1 (0.00s CPU time), remote cache hits 0 (0.00s CPU time), compiled 0 variants (0.00s CPU time), skipped 0 variants.
  Pass  (vp, dx12) finished in 0.00 seconds. Local cache hits 1 (0.00s CPU time), remote cache hits 0 (0.00s CPU time), compiled 0 variants (0.00s CPU time), skipped 0 variants.
    Prepared data for serialisation in 0.00s
  Pass  (fp, dx11) finished in 0.00 seconds. Local cache hits 1 (0.00s CPU time), remote cache hits 0 (0.00s CPU time), compiled 0 variants (0.00s CPU time), skipped 0 variants.
  Pass  (fp, dx12) finished in 0.00 seconds. Local cache hits 1 (0.00s CPU time), remote cache hits 0 (0.00s CPU time), compiled 0 variants (0.00s CPU time), skipped 0 variants.
    Prepared data for serialisation in 0.00s
Serialized binary data for shader Hidden/TextCore/Distance Field SSD in 0.00s
    dx11 (total internal programs: 2, unique: 2)
    dx12 (total internal programs: 2, unique: 2)
Compiling shader "Hidden/Physics2D/SDF_CircleGeometry"
  Pass "" (vp)
    Target graphics API: dx11
    Full variant space:         2
    After settings filtering:   2
    After built-in stripping:   1
    After scriptable stripping: 1
    Processed in 0.00 seconds
    Target graphics API: dx12
    Full variant space:         2
    After settings filtering:   2
    After built-in stripping:   1
    After scriptable stripping: 1
    Processed in 0.00 seconds
  Pass "" (fp)
    Target graphics API: dx11
    Full variant space:         2
    After settings filtering:   2
    After built-in stripping:   1
    After scriptable stripping: 1
    Processed in 0.00 seconds
    Target graphics API: dx12
    Full variant space:         2
    After settings filtering:   2
    After built-in stripping:   1
    After scriptable stripping: 1
    Processed in 0.00 seconds
  Pass  (vp, dx11) finished in 0.00 seconds. Local cache hits 1 (0.00s CPU time), remote cache hits 0 (0.00s CPU time), compiled 0 variants (0.00s CPU time), skipped 0 variants.
  Pass  (vp, dx12) finished in 0.00 seconds. Local cache hits 1 (0.00s CPU time), remote cache hits 0 (0.00s CPU time), compiled 0 variants (0.00s CPU time), skipped 0 variants.
    Prepared data for serialisation in 0.00s
  Pass  (fp, dx11) finished in 0.00 seconds. Local cache hits 1 (0.00s CPU time), remote cache hits 0 (0.00s CPU time), compiled 0 variants (0.00s CPU time), skipped 0 variants.
  Pass  (fp, dx12) finished in 0.00 seconds. Local cache hits 1 (0.00s CPU time), remote cache hits 0 (0.00s CPU time), compiled 0 variants (0.00s CPU time), skipped 0 variants.
    Prepared data for serialisation in 0.00s
Serialized binary data for shader Hidden/Physics2D/SDF_CircleGeometry in 0.00s
    dx11 (total internal programs: 2, unique: 2)
    dx12 (total internal programs: 2, unique: 2)
Compiling shader "Hidden/Physics2D/SDF_CapsuleGeometry"
  Pass "" (vp)
    Target graphics API: dx11
    Full variant space:         2
    After settings filtering:   2
    After built-in stripping:   1
    After scriptable stripping: 1
    Processed in 0.00 seconds
    Target graphics API: dx12
    Full variant space:         2
    After settings filtering:   2
    After built-in stripping:   1
    After scriptable stripping: 1
    Processed in 0.00 seconds
  Pass "" (fp)
    Target graphics API: dx11
    Full variant space:         2
    After settings filtering:   2
    After built-in stripping:   1
    After scriptable stripping: 1
    Processed in 0.00 seconds
    Target graphics API: dx12
    Full variant space:         2
    After settings filtering:   2
    After built-in stripping:   1
    After scriptable stripping: 1
    Processed in 0.00 seconds
  Pass  (vp, dx11) finished in 0.00 seconds. Local cache hits 1 (0.00s CPU time), remote cache hits 0 (0.00s CPU time), compiled 0 variants (0.00s CPU time), skipped 0 variants.
  Pass  (vp, dx12) finished in 0.00 seconds. Local cache hits 1 (0.00s CPU time), remote cache hits 0 (0.00s CPU time), compiled 0 variants (0.00s CPU time), skipped 0 variants.
    Prepared data for serialisation in 0.00s
  Pass  (fp, dx11) finished in 0.00 seconds. Local cache hits 1 (0.00s CPU time), remote cache hits 0 (0.00s CPU time), compiled 0 variants (0.00s CPU time), skipped 0 variants.
  Pass  (fp, dx12) finished in 0.00 seconds. Local cache hits 1 (0.00s CPU time), remote cache hits 0 (0.00s CPU time), compiled 0 variants (0.00s CPU time), skipped 0 variants.
    Prepared data for serialisation in 0.00s
Serialized binary data for shader Hidden/Physics2D/SDF_CapsuleGeometry in 0.00s
    dx11 (total internal programs: 2, unique: 2)
    dx12 (total internal programs: 2, unique: 2)
Compiling shader "Hidden/Physics2D/SDF_PolygonGeometry"
  Pass "" (vp)
    Target graphics API: dx11
    Full variant space:         2
    After settings filtering:   2
    After built-in stripping:   1
    After scriptable stripping: 1
    Processed in 0.00 seconds
    Target graphics API: dx12
    Full variant space:         2
    After settings filtering:   2
    After built-in stripping:   1
    After scriptable stripping: 1
    Processed in 0.00 seconds
  Pass "" (fp)
    Target graphics API: dx11
    Full variant space:         2
    After settings filtering:   2
    After built-in stripping:   1
    After scriptable stripping: 1
    Processed in 0.00 seconds
    Target graphics API: dx12
    Full variant space:         2
    After settings filtering:   2
    After built-in stripping:   1
    After scriptable stripping: 1
    Processed in 0.00 seconds
  Pass  (vp, dx11) finished in 0.00 seconds. Local cache hits 1 (0.00s CPU time), remote cache hits 0 (0.00s CPU time), compiled 0 variants (0.00s CPU time), skipped 0 variants.
  Pass  (vp, dx12) finished in 0.00 seconds. Local cache hits 1 (0.00s CPU time), remote cache hits 0 (0.00s CPU time), compiled 0 variants (0.00s CPU time), skipped 0 variants.
    Prepared data for serialisation in 0.00s
  Pass  (fp, dx11) finished in 0.00 seconds. Local cache hits 1 (0.00s CPU time), remote cache hits 0 (0.00s CPU time), compiled 0 variants (0.00s CPU time), skipped 0 variants.
  Pass  (fp, dx12) finished in 0.00 seconds. Local cache hits 1 (0.00s CPU time), remote cache hits 0 (0.00s CPU time), compiled 0 variants (0.00s CPU time), skipped 0 variants.
    Prepared data for serialisation in 0.00s
Serialized binary data for shader Hidden/Physics2D/SDF_PolygonGeometry in 0.00s
    dx11 (total internal programs: 2, unique: 2)
    dx12 (total internal programs: 2, unique: 2)
Compiling shader "Hidden/Physics2D/SDF_Line"
  Pass "" (vp)
    Target graphics API: dx11
    Full variant space:         2
    After settings filtering:   2
    After built-in stripping:   1
    After scriptable stripping: 1
    Processed in 0.00 seconds
    Target graphics API: dx12
    Full variant space:         2
    After settings filtering:   2
    After built-in stripping:   1
    After scriptable stripping: 1
    Processed in 0.00 seconds
  Pass "" (fp)
    Target graphics API: dx11
    Full variant space:         2
    After settings filtering:   2
    After built-in stripping:   1
    After scriptable stripping: 1
    Processed in 0.00 seconds
    Target graphics API: dx12
    Full variant space:         2
    After settings filtering:   2
    After built-in stripping:   1
    After scriptable stripping: 1
    Processed in 0.00 seconds
  Pass  (vp, dx11) finished in 0.00 seconds. Local cache hits 1 (0.00s CPU time), remote cache hits 0 (0.00s CPU time), compiled 0 variants (0.00s CPU time), skipped 0 variants.
  Pass  (vp, dx12) finished in 0.00 seconds. Local cache hits 1 (0.00s CPU time), remote cache hits 0 (0.00s CPU time), compiled 0 variants (0.00s CPU time), skipped 0 variants.
    Prepared data for serialisation in 0.00s
  Pass  (fp, dx11) finished in 0.00 seconds. Local cache hits 1 (0.00s CPU time), remote cache hits 0 (0.00s CPU time), compiled 0 variants (0.00s CPU time), skipped 0 variants.
  Pass  (fp, dx12) finished in 0.00 seconds. Local cache hits 1 (0.00s CPU time), remote cache hits 0 (0.00s CPU time), compiled 0 variants (0.00s CPU time), skipped 0 variants.
    Prepared data for serialisation in 0.00s
Serialized binary data for shader Hidden/Physics2D/SDF_Line in 0.00s
    dx11 (total internal programs: 2, unique: 2)
    dx12 (total internal programs: 2, unique: 2)
Compiling shader "Hidden/Physics2D/SDF_Point"
  Pass "" (vp)
    Target graphics API: dx11
    Full variant space:         2
    After settings filtering:   2
    After built-in stripping:   1
    After scriptable stripping: 1
    Processed in 0.00 seconds
    Target graphics API: dx12
    Full variant space:         2
    After settings filtering:   2
    After built-in stripping:   1
    After scriptable stripping: 1
    Processed in 0.00 seconds
  Pass "" (fp)
    Target graphics API: dx11
    Full variant space:         2
    After settings filtering:   2
    After built-in stripping:   1
    After scriptable stripping: 1
    Processed in 0.00 seconds
    Target graphics API: dx12
    Full variant space:         2
    After settings filtering:   2
    After built-in stripping:   1
    After scriptable stripping: 1
    Processed in 0.00 seconds
  Pass  (vp, dx11) finished in 0.01 seconds. Local cache hits 1 (0.00s CPU time), remote cache hits 0 (0.00s CPU time), compiled 0 variants (0.00s CPU time), skipped 0 variants.
  Pass  (vp, dx12) finished in 0.00 seconds. Local cache hits 1 (0.00s CPU time), remote cache hits 0 (0.00s CPU time), compiled 0 variants (0.00s CPU time), skipped 0 variants.
    Prepared data for serialisation in 0.00s
  Pass  (fp, dx11) finished in 0.00 seconds. Local cache hits 1 (0.00s CPU time), remote cache hits 0 (0.00s CPU time), compiled 0 variants (0.00s CPU time), skipped 0 variants.
  Pass  (fp, dx12) finished in 0.00 seconds. Local cache hits 1 (0.00s CPU time), remote cache hits 0 (0.00s CPU time), compiled 0 variants (0.00s CPU time), skipped 0 variants.
    Prepared data for serialisation in 0.00s
Serialized binary data for shader Hidden/Physics2D/SDF_Point in 0.00s
    dx11 (total internal programs: 2, unique: 2)
    dx12 (total internal programs: 2, unique: 2)
Compiling shader "Aether/Toon"
  Pass "" (vp)
    Target graphics API: dx11
    Full variant space:         332
    After settings filtering:   332
    After built-in stripping:   8
    After scriptable stripping: 8
    Processed in 0.00 seconds
    Target graphics API: dx12
    Full variant space:         332
    After settings filtering:   332
    After built-in stripping:   8
    After scriptable stripping: 8
    Processed in 0.00 seconds
  Pass "" (fp)
    Target graphics API: dx11
    Full variant space:         252
    After settings filtering:   252
    After built-in stripping:   4
    After scriptable stripping: 4
    Processed in 0.00 seconds
    Target graphics API: dx12
    Full variant space:         252
    After settings filtering:   252
    After built-in stripping:   4
    After scriptable stripping: 4
    Processed in 0.00 seconds
  Pass "" (vp)
    Target graphics API: dx11
    Full variant space:         1
    After settings filtering:   1
    After built-in stripping:   1
    After scriptable stripping: 1
    Processed in 0.00 seconds
    Target graphics API: dx12
    Full variant space:         1
    After settings filtering:   1
    After built-in stripping:   1
    After scriptable stripping: 1
    Processed in 0.00 seconds
  Pass "" (fp)
    Target graphics API: dx11
    Full variant space:         1
    After settings filtering:   1
    After built-in stripping:   1
    After scriptable stripping: 1
    Processed in 0.00 seconds
    Target graphics API: dx12
    Full variant space:         1
    After settings filtering:   1
    After built-in stripping:   1
    After scriptable stripping: 1
    Processed in 0.00 seconds
  Pass  (vp, dx11) finished in 0.00 seconds. Local cache hits 8 (0.00s CPU time), remote cache hits 0 (0.00s CPU time), compiled 0 variants (0.00s CPU time), skipped 0 variants.
  Pass  (vp, dx12) finished in 0.00 seconds. Local cache hits 8 (0.00s CPU time), remote cache hits 0 (0.00s CPU time), compiled 0 variants (0.00s CPU time), skipped 0 variants.
    Prepared data for serialisation in 0.00s
  Pass  (fp, dx11) finished in 0.00 seconds. Local cache hits 4 (0.00s CPU time), remote cache hits 0 (0.00s CPU time), compiled 0 variants (0.00s CPU time), skipped 0 variants.
  Pass  (fp, dx12) finished in 0.00 seconds. Local cache hits 4 (0.00s CPU time), remote cache hits 0 (0.00s CPU time), compiled 0 variants (0.00s CPU time), skipped 0 variants.
    Prepared data for serialisation in 0.00s
  Pass  (vp, dx11) finished in 0.00 seconds. Local cache hits 1 (0.00s CPU time), remote cache hits 0 (0.00s CPU time), compiled 0 variants (0.00s CPU time), skipped 0 variants.
  Pass  (vp, dx12) finished in 0.00 seconds. Local cache hits 1 (0.00s CPU time), remote cache hits 0 (0.00s CPU time), compiled 0 variants (0.00s CPU time), skipped 0 variants.
    Prepared data for serialisation in 0.00s
  Pass  (fp, dx11) finished in 0.00 seconds. Local cache hits 1 (0.00s CPU time), remote cache hits 0 (0.00s CPU time), compiled 0 variants (0.00s CPU time), skipped 0 variants.
  Pass  (fp, dx12) finished in 0.00 seconds. Local cache hits 1 (0.00s CPU time), remote cache hits 0 (0.00s CPU time), compiled 0 variants (0.00s CPU time), skipped 0 variants.
    Prepared data for serialisation in 0.00s
Serialized binary data for shader Aether/Toon in 0.00s
    dx11 (total internal programs: 14, unique: 14)
    dx12 (total internal programs: 14, unique: 14)
Compiling shader "Aether/Sky"
  Pass "" (vp)
    Target graphics API: dx11
    Full variant space:         1
    After settings filtering:   1
    After built-in stripping:   1
    After scriptable stripping: 1
    Processed in 0.00 seconds
    Target graphics API: dx12
    Full variant space:         1
    After settings filtering:   1
    After built-in stripping:   1
    After scriptable stripping: 1
    Processed in 0.00 seconds
  Pass "" (fp)
    Target graphics API: dx11
    Full variant space:         1
    After settings filtering:   1
    After built-in stripping:   1
    After scriptable stripping: 1
    Processed in 0.00 seconds
    Target graphics API: dx12
    Full variant space:         1
    After settings filtering:   1
    After built-in stripping:   1
    After scriptable stripping: 1
    Processed in 0.00 seconds
  Pass  (vp, dx11) finished in 0.00 seconds. Local cache hits 1 (0.00s CPU time), remote cache hits 0 (0.00s CPU time), compiled 0 variants (0.00s CPU time), skipped 0 variants.
  Pass  (vp, dx12) finished in 0.00 seconds. Local cache hits 1 (0.00s CPU time), remote cache hits 0 (0.00s CPU time), compiled 0 variants (0.00s CPU time), skipped 0 variants.
    Prepared data for serialisation in 0.00s
  Pass  (fp, dx11) finished in 0.00 seconds. Local cache hits 1 (0.00s CPU time), remote cache hits 0 (0.00s CPU time), compiled 0 variants (0.00s CPU time), skipped 0 variants.
  Pass  (fp, dx12) finished in 0.00 seconds. Local cache hits 1 (0.00s CPU time), remote cache hits 0 (0.00s CPU time), compiled 0 variants (0.00s CPU time), skipped 0 variants.
    Prepared data for serialisation in 0.00s
Serialized binary data for shader Aether/Sky in 0.00s
    dx11 (total internal programs: 2, unique: 2)
    dx12 (total internal programs: 2, unique: 2)
Compiling shader "Aether/Shield"
  Pass "" (vp)
    Target graphics API: dx11
    Full variant space:         1
    After settings filtering:   1
    After built-in stripping:   1
    After scriptable stripping: 1
    Processed in 0.00 seconds
    Target graphics API: dx12
    Full variant space:         1
    After settings filtering:   1
    After built-in stripping:   1
    After scriptable stripping: 1
    Processed in 0.00 seconds
  Pass "" (fp)
    Target graphics API: dx11
    Full variant space:         1
    After settings filtering:   1
    After built-in stripping:   1
    After scriptable stripping: 1
    Processed in 0.00 seconds
    Target graphics API: dx12
    Full variant space:         1
    After settings filtering:   1
    After built-in stripping:   1
    After scriptable stripping: 1
    Processed in 0.00 seconds
  Pass  (vp, dx11) finished in 0.00 seconds. Local cache hits 1 (0.00s CPU time), remote cache hits 0 (0.00s CPU time), compiled 0 variants (0.00s CPU time), skipped 0 variants.
  Pass  (vp, dx12) finished in 0.00 seconds. Local cache hits 1 (0.00s CPU time), remote cache hits 0 (0.00s CPU time), compiled 0 variants (0.00s CPU time), skipped 0 variants.
    Prepared data for serialisation in 0.00s
  Pass  (fp, dx11) finished in 0.00 seconds. Local cache hits 1 (0.00s CPU time), remote cache hits 0 (0.00s CPU time), compiled 0 variants (0.00s CPU time), skipped 0 variants.
  Pass  (fp, dx12) finished in 0.00 seconds. Local cache hits 1 (0.00s CPU time), remote cache hits 0 (0.00s CPU time), compiled 0 variants (0.00s CPU time), skipped 0 variants.
    Prepared data for serialisation in 0.00s
Serialized binary data for shader Aether/Shield in 0.00s
    dx11 (total internal programs: 2, unique: 2)
    dx12 (total internal programs: 2, unique: 2)
SpriteAtlasDatabase::Cleanup
Starting: C:\Program Files\Unity\Hub\Editor\6000.6.0f1\Editor\Data\Tools\BuildPipeline\bee_backend.exe --ipc --dagfile="Library/Bee/Player6a9f022c.dag" --profile="Library/Bee/backend1.traceevents" Player
WorkingDir: A:/Python/aether-grounds
DisplayProgressbar: Incremental Player Build
ExitCode: 4 Duration: 1s226ms
Starting: C:\Program Files\Unity\Hub\Editor\6000.6.0f1\Editor\Data\DotNetSdk\dotnet.exe "C:\Program Files\Unity\Hub\Editor\6000.6.0f1\Editor\Data\PlaybackEngines\WindowsStandaloneSupport\WinPlayerBuildProgram.exe" "C:/Program Files/Unity/Hub/Editor/6000.6.0f1/Editor/Data/PlaybackEngines/WindowsStandaloneSupport/Bee;C:/Program Files/Unity/Hub/Editor/6000.6.0f1/Editor/Data/Tools/BuildPipeline" "Library/Bee/Player6a9f022c.dag.json" "Library/Bee/Player6a9f022c-inputdata.json" "Library\Bee\buildprogram0.traceevents"
WorkingDir: A:/Python/aether-grounds
ExitCode: 0 Duration: 0s347ms
Starting: C:\Program Files\Unity\Hub\Editor\6000.6.0f1\Editor\Data\Tools\BuildPipeline\bee_backend.exe --ipc --dagfile="Library/Bee/Player6a9f022c.dag" --dagfilejson="Library\Bee\Player6a9f022c.dag.json" --profile="Library/Bee/backend2.traceevents" Player
WorkingDir: A:/Python/aether-grounds
ExitCode: 0 Duration: 0s101ms

-------------------------------------------------------------------------------
Build Report
Uncompressed usage by category (Percentages based on user generated assets only):
Textures               3.2 mb	 67.3% 
Meshes                 0.0 kb	 0.0% 
Animations             0.0 kb	 0.0% 
Sounds                 0.0 kb	 0.0% 
Shaders                33.5 kb	 0.7% 
Other Assets           1.5 mb	 31.9% 
Levels                 1.2 kb	 0.0% 
File headers           2.1 kb	 0.0% 
Total User Assets      4.7 mb	 100.0% 
Complete build size    151.5 mb
Used Assets and files from the Resources folder, sorted by uncompressed size:
 2.7 mb	 1.8% Built-in Texture2D: Splash Screen Unity Logo
 524.9 kb	 0.3% Resources/unity_builtin_extra
 303.1 kb	 0.2% Assets/Resources/Models/Spectre.json
 301.5 kb	 0.2% Assets/Resources/Models/Comet.json
 301.0 kb	 0.2% Assets/Resources/Models/Vanta.json
 293.8 kb	 0.2% Assets/Resources/Models/Nomad.json
 291.3 kb	 0.2% Assets/Resources/Models/Miso.json
 18.3 kb	 0.0% Assets/Resources/Models/TrackStation.json
 13.5 kb	 0.0% Assets/Shaders/AetherToon.shader
 12.8 kb	 0.0% Assets/Resources/Models/RaceArch.json
 9.5 kb	 0.0% Assets/Resources/Models/AlienTree.json
 5.3 kb	 0.0% Assets/Shaders/AetherSky.shader
 4.7 kb	 0.0% Assets/Shaders/AetherShield.shader
 2.4 kb	 0.0% Assets/Resources/Models/CrystalCluster.json
 2.2 kb	 0.0% Assets/Resources/Models/RoadModule.json
 0.7 kb	 0.0% Assets/Scenes/AetherGrounds.unity
 0.6 kb	 0.0% Assets/Resources/Models/Rock.json
 0.4 kb	 0.0% Built-in Sprite: 
 0.1 kb	 0.0% Assets/Scripts/PhysicsSmokeTest.cs
 0.1 kb	 0.0% Assets/Scripts/TrackWorld.cs
 0.1 kb	 0.0% Assets/Scripts/ModelLibrary.cs
 0.1 kb	 0.0% Assets/Scripts/Vehicle.cs
 0.1 kb	 0.0% Assets/Scripts/Game.cs
-------------------------------------------------------------------------------
Unloading 16 Unused Serialized files (Serialized files now loaded: 0)
Unloading 18 unused Assets / (1.5 MB). Loaded Objects now: 1287.
Memory consumption went from 241.9 MB to 240.4 MB.
Total: 8.330900 ms (FindLiveObjects: 0.184100 ms CreateObjectMapping: 0.019500 ms MarkObjects: 7.920800 ms  DeleteObjects: 0.068100 ms)

DisplayProgressNotification: Build Successful
Build Finished, Result: Success.
Unloading 0 Unused Serialized files (Serialized files now loaded: 0)
Loaded scene 'Temp/__Backupscenes/0.backup'
	Deserialize:            2.142 ms
	Integration:            15.019 ms
	Integration of assets:  0.002 ms
	Thread Wait Time:       0.015 ms
	Total Operation Time:   17.178 ms
Unloading 1 unused Assets / (5.0 KB). Loaded Objects now: 1549.
Memory consumption went from 239.7 MB to 239.7 MB.
Total: 7.734700 ms (FindLiveObjects: 0.242700 ms CreateObjectMapping: 0.033600 ms MarkObjects: 7.263500 ms  DeleteObjects: 0.029800 ms)

##utp:{"success":true,"type":"PlayerBuildInfo","version":2,"phase":"Immediate","time":1788904367074,"processId":33768,"steps":[{"description":"Call PrepareForBuild callbacks","duration":0},{"description":"Call internal build started callbacks","duration":0},{"description":"Preprocess Player","duration":12},{"description":"Save scenes before build","duration":0},{"description":"Prepare For Build","duration":10},{"description":"ProducePlayerScriptAssemblies","duration":1489},{"description":"Verify Build setup","duration":36},{"description":"Prepare assets for target platform","duration":0},{"description":"Prepare splash screen","duration":0},{"description":"Build scripts DLLs","duration":29},{"description":"Building scenes","duration":32},{"description":"Build GlobalGameManagers file","duration":135},{"description":"Writing asset files","duration":65},{"description":"Building Resources/unity_builtin_extra","duration":308},{"description":"Write data build dirty tracking information","duration":19},{"description":"Postprocess built player","duration":1859},{"description":"Call Post-Process callbacks","duration":16}],"duration":4010}
Total cache size 266788968
Total cache size after purge 266788968, took 00:00:00.2830131
Batchmode quit successfully invoked - shutting down!
[Physics::Module] Cleanup current backend.
[Physics::Module] Id: 0xf2b8ea05
Input System module state changed to: ShutdownInProgress.
Input Polling Thread exited.
Input System module state changed to: Shutdown.
[Licensing::IpcConnector] LicenseClient-Azrin Azrael-notifications channel disconnected successfully.
[Licensing::IpcConnector] LicenseClient-Azrin Azrael channel disconnected successfully.
Lingering sessions upon destruction of worker manager
Unity Data Store service was successfully shut down
UDS shutting down local client system
Shut down UDS service system complete
AcceleratorClientConnectionCallback - disconnected - :0
Cleanup mono
CodeReloadManager destroyed
Exiting batchmode successfully now!
[ExitDontLaunchBugReporter] Exiting without the bug reporter. Application will exit with return code 0
